{"type":"FeatureCollection","features":[{"type":"Feature","properties":{"id":"panamericana_norte","name":"Panamericana Norte","class":"expressway","maxspeed_kmh":80,"lanes":2,"osm_ways":95},"geometry":{"type":"LineString","coordinates":[[-77.176883,-11.710063],[-77.176808,-11.710446],[-77.176894,-11.71051],[-77.176749,-11.710902],[-77.176471,-11.711406],[-77.17636,-11.711582],[-77.176063,-11.712007],[-77.175746,-11.712386],[-77.175303,-11.712861],[-77.174841,-11.713463],[-77.174671,-11.713771],[-77.1745,-11.714176],[-77.174386,-11.714607],[-77.174346,-11.714798],[-77.174323,-11.714966],[-77.174306,-11.715313],[-77.174308,-11.715715],[-77.174303,-11.715961],[-77.174246,-11.716479],[-77.1742,-11.716684],[-77.174088,-11.717006],[-77.173857,-11.717434],[-77.173405,-11.718192],[-77.172953,-11.71895],[-77.172501,-11.719708],[-77.171999,-11.720519],[-77.171497,-11.72133],[-77.171059,-11.722019],[-77.170622,-11.722708],[-77.170047,-11.723305],[-77.169609,-11.723654],[-77.169171,-11.724003],[-77.168476,-11.724599],[-77.16803,-11.725112],[-77.16748,-11.725969],[-77.167077,-11.726608],[-77.166674,-11.727247],[-77.166347,-11.727717],[-77.166021,-11.728188],[-77.165558,-11.728633],[-77.165051,-11.729003],[-77.164253,-11.729398],[-77.163639,-11.729671],[-77.163026,-11.729944],[-77.162142,-11.730339],[-77.161258,-11.730734],[-77.16067,-11.73097],[-77.160082,-11.731205],[-77.159318,-11.73139],[-77.158511,-11.731499],[-77.157987,-11.731516],[-77.157412,-11.73149],[-77.156786,-11.731432],[-77.155988,-11.731264],[-77.155271,-11.731041],[-77.154554,-11.730818],[-77.153906,-11.730612],[-77.153258,-11.730406],[-77.152717,-11.730226],[-77.152177,-11.730045],[-77.151447,-11.729784],[-77.15067,-11.729457],[-77.149894,-11.729129],[-77.149164,-11.728818],[-77.148434,-11.728507],[-77.147465,-11.728095],[-77.146495,-11.727684],[-77.145898,-11.727474],[-77.145302,-11.727263],[-77.144752,-11.727163],[-77.144203,-11.727062],[-77.143371,-11.727028],[-77.142358,-11.727104],[-77.141688,-11.72723],[-77.140899,-11.727474],[-77.14022,-11.727801],[-77.139663,-11.728095],[-77.139139,-11.72844],[-77.138452,-11.728969],[-77.137955,-11.729474],[-77.137319,-11.730297],[-77.136804,-11.731222],[-77.136495,-11.731969],[-77.136446,-11.732147],[-77.136255,-11.732827],[-77.136161,-11.733449],[-77.136126,-11.733996],[-77.136091,-11.734543],[-77.136075,-11.735608],[-77.136113,-11.736227],[-77.136152,-11.736457],[-77.136272,-11.737197],[-77.136375,-11.737684],[-77.136581,-11.738348],[-77.136834,-11.738924],[-77.137088,-11.739499],[-77.137517,-11.740163],[-77.137946,-11.740827],[-77.138431,-11.741398],[-77.138916,-11.74197],[-77.139625,-11.742771],[-77.140335,-11.743572],[-77.141044,-11.744373],[-77.141742,-11.745155],[-77.142441,-11.745936],[-77.143139,-11.746718],[-77.143765,-11.747426],[-77.143739,-11.747563],[-77.144223,-11.748117],[-77.144707,-11.748671],[-77.145219,-11.749253],[-77.145731,-11.749835],[-77.146215,-11.750388],[-77.146699,-11.75094],[-77.147347,-11.751672],[-77.148051,-11.75247],[-77.148754,-11.753267],[-77.149458,-11.754064],[-77.150162,-11.754861],[-77.150865,-11.755658],[-77.151328,-11.756182],[-77.15203,-11.756977],[-77.152732,-11.757772],[-77.153293,-11.758408],[-77.153854,-11.759044],[-77.154416,-11.759681],[-77.154977,-11.760317],[-77.155683,-11.76112],[-77.15639,-11.761923],[-77.156728,-11.762317],[-77.157069,-11.762779],[-77.157349,-11.763214],[-77.157628,-11.763704],[-77.157668,-11.763788],[-77.157834,-11.764136],[-77.158018,-11.764592],[-77.158217,-11.765145],[-77.158259,-11.765292],[-77.158369,-11.765682],[-77.158493,-11.7662],[-77.158575,-11.766865],[-77.158657,-11.76753],[-77.158769,-11.768541],[-77.158882,-11.769552],[-77.158963,-11.77019],[-77.159045,-11.770829],[-77.159157,-11.771852],[-77.159269,-11.772875],[-77.159349,-11.773604],[-77.159429,-11.774334],[-77.159509,-11.775064],[-77.159556,-11.775652],[-77.159603,-11.77624],[-77.15962,-11.777198],[-77.159534,-11.777954],[-77.159436,-11.778366],[-77.159311,-11.77887],[-77.159182,-11.779315],[-77.159056,-11.779633],[-77.15879,-11.780183],[-77.158472,-11.780729],[-77.158064,-11.781265],[-77.157917,-11.781394],[-77.157511,-11.781869],[-77.156932,-11.782437],[-77.156353,-11.783005],[-77.155774,-11.783573],[-77.155424,-11.783917],[-77.154986,-11.784347],[-77.154547,-11.784776],[-77.154487,-11.784835],[-77.15445,-11.784873],[-77.154435,-11.784889],[-77.154047,-11.785274],[-77.153659,-11.785659],[-77.152912,-11.786401],[-77.152165,-11.787142],[-77.151676,-11.787631],[-77.151186,-11.788121],[-77.15104,-11.788266],[-77.15068,-11.788624],[-77.150151,-11.78915],[-77.149622,-11.789675],[-77.149093,-11.790201],[-77.148514,-11.790773],[-77.147935,-11.791346],[-77.147356,-11.791918],[-77.146785,-11.792482],[-77.146214,-11.793047],[-77.145519,-11.793735],[-77.144824,-11.794423],[-77.144128,-11.795111],[-77.143433,-11.795799],[-77.142737,-11.796487],[-77.142042,-11.797175],[-77.141457,-11.797738],[-77.140872,-11.7983],[-77.140287,-11.798862],[-77.139643,-11.79949],[-77.138999,-11.800119],[-77.138354,-11.800747],[-77.13771,-11.801375],[-77.137147,-11.801967],[-77.136926,-11.802225],[-77.136729,-11.802454],[-77.136507,-11.802737],[-77.136426,-11.802841],[-77.135974,-11.803499],[-77.135522,-11.804156],[-77.13507,-11.804814],[-77.1346,-11.805499],[-77.13413,-11.806184],[-77.13366,-11.806869],[-77.13319,-11.807553],[-77.13287,-11.808019],[-77.132675,-11.808296],[-77.132198,-11.809023],[-77.131809,-11.809588],[-77.13142,-11.810154],[-77.130907,-11.810908],[-77.13055,-11.811433],[-77.130268,-11.811848],[-77.129801,-11.812527],[-77.129334,-11.813206],[-77.129206,-11.813388],[-77.129164,-11.81345],[-77.129129,-11.8135],[-77.128999,-11.813681],[-77.128758,-11.814038],[-77.1286,-11.814306],[-77.128343,-11.814782],[-77.12829,-11.814882],[-77.128273,-11.814923],[-77.128082,-11.815336],[-77.127922,-11.815687],[-77.12752,-11.816667],[-77.127118,-11.817647],[-77.126716,-11.818628],[-77.126313,-11.819608],[-77.125911,-11.820588],[-77.125509,-11.821568],[-77.125292,-11.822],[-77.125139,-11.822229],[-77.124935,-11.822498],[-77.124459,-11.823034],[-77.124048,-11.82351],[-77.123637,-11.823985],[-77.123269,-11.824403],[-77.123207,-11.824474],[-77.123126,-11.824565],[-77.123108,-11.824584],[-77.122497,-11.825276],[-77.121885,-11.825969],[-77.121274,-11.826661],[-77.120662,-11.827354],[-77.120051,-11.828046],[-77.11944,-11.828706],[-77.119367,-11.828779],[-77.119255,-11.828878],[-77.119038,-11.829053],[-77.118859,-11.829197],[-77.118751,-11.829283],[-77.118613,-11.829386],[-77.117996,-11.829879],[-77.11738,-11.830373],[-77.116764,-11.830866],[-77.115944,-11.831522],[-77.115124,-11.832178],[-77.114688,-11.832527],[-77.114251,-11.832876],[-77.114046,-11.83304],[-77.113451,-11.833516],[-77.113395,-11.83356],[-77.113312,-11.833626],[-77.112785,-11.834045],[-77.112258,-11.834464],[-77.11148,-11.835096],[-77.110701,-11.835727],[-77.110147,-11.836183],[-77.109899,-11.836381],[-77.109116,-11.837014],[-77.108333,-11.837646],[-77.107848,-11.838028],[-77.107363,-11.83841],[-77.106625,-11.838993],[-77.105887,-11.839576],[-77.105149,-11.840159],[-77.104411,-11.840742],[-77.104021,-11.84105],[-77.103938,-11.841117],[-77.103909,-11.84114],[-77.103487,-11.84147],[-77.103152,-11.841748],[-77.102406,-11.842353],[-77.102043,-11.842657],[-77.101963,-11.842722],[-77.101875,-11.842796],[-77.101431,-11.84314],[-77.100987,-11.843484],[-77.10091,-11.843544],[-77.100875,-11.843572],[-77.100422,-11.843954],[-77.099969,-11.844335],[-77.099356,-11.844805],[-77.098743,-11.845275],[-77.098245,-11.845677],[-77.097747,-11.84608],[-77.097437,-11.846329],[-77.097171,-11.846542],[-77.096648,-11.846961],[-77.096539,-11.847048],[-77.096199,-11.847323],[-77.095729,-11.847703],[-77.094925,-11.848351],[-77.094704,-11.84853],[-77.094651,-11.848573],[-77.094571,-11.848638],[-77.094272,-11.848879],[-77.094187,-11.848949],[-77.093383,-11.849597],[-77.09258,-11.850246],[-77.091776,-11.850894],[-77.090973,-11.851542],[-77.09017,-11.852191],[-77.089682,-11.852569],[-77.089194,-11.852946],[-77.088507,-11.853488],[-77.087819,-11.854029],[-77.087149,-11.854573],[-77.086479,-11.855117],[-77.085809,-11.855661],[-77.085412,-11.855961],[-77.084876,-11.85638],[-77.08434,-11.8568],[-77.084262,-11.856862],[-77.083412,-11.857541],[-77.082562,-11.85822],[-77.081712,-11.858898],[-77.080862,-11.859577],[-77.080012,-11.860255],[-77.079162,-11.860934],[-77.078515,-11.861453],[-77.077867,-11.861973],[-77.07722,-11.862493],[-77.076572,-11.863013],[-77.075803,-11.863631],[-77.075034,-11.86425],[-77.07485,-11.864404],[-77.074688,-11.864549],[-77.074533,-11.8647],[-77.074424,-11.864812],[-77.074318,-11.864928],[-77.074204,-11.865056],[-77.074096,-11.865189],[-77.074007,-11.865307],[-77.073921,-11.865427],[-77.07346,-11.866117],[-77.072998,-11.866808],[-77.072537,-11.867498],[-77.072488,-11.867572],[-77.072042,-11.868261],[-77.071596,-11.86895],[-77.071433,-11.869203],[-77.070907,-11.869996],[-77.070381,-11.870789],[-77.069856,-11.871583],[-77.069742,-11.87176],[-77.069641,-11.87194],[-77.069571,-11.87208],[-77.069533,-11.872154],[-77.069514,-11.872191],[-77.069467,-11.872314],[-77.069373,-11.872564],[-77.069291,-11.872869],[-77.069246,-11.873104],[-77.069235,-11.873195],[-77.069232,-11.87323],[-77.069225,-11.873332],[-77.069197,-11.873754],[-77.06919,-11.87384],[-77.069181,-11.87402],[-77.069118,-11.875093],[-77.069055,-11.876167],[-77.068992,-11.87724],[-77.068958,-11.877827],[-77.068924,-11.8784],[-77.068891,-11.878974],[-77.068856,-11.879605],[-77.06883,-11.880163],[-77.068804,-11.880721],[-77.068789,-11.881037],[-77.068727,-11.882036],[-77.068711,-11.882297],[-77.068662,-11.88314],[-77.068614,-11.883984],[-77.068607,-11.884119],[-77.068548,-11.885162],[-77.068489,-11.886206],[-77.068458,-11.886749],[-77.068405,-11.887717],[-77.06836,-11.888509],[-77.068314,-11.889301],[-77.068269,-11.890092],[-77.068263,-11.890196],[-77.068228,-11.890841],[-77.068194,-11.891486],[-77.068154,-11.892184],[-77.068113,-11.892881],[-77.068078,-11.893586],[-77.068046,-11.894272],[-77.068034,-11.894479],[-77.067994,-11.895061],[-77.067955,-11.895643],[-77.067941,-11.895836],[-77.067936,-11.895937],[-77.067901,-11.896581],[-77.067867,-11.897226],[-77.067836,-11.897875],[-77.067804,-11.898523],[-77.067769,-11.899252],[-77.067727,-11.899804],[-77.067671,-11.900789],[-77.067615,-11.901773],[-77.067611,-11.901892],[-77.067607,-11.901993],[-77.067616,-11.9023],[-77.067619,-11.902392],[-77.067662,-11.902743],[-77.067695,-11.902978],[-77.067717,-11.903103],[-77.067802,-11.903371],[-77.067964,-11.903759],[-77.068336,-11.904571],[-77.068708,-11.905383],[-77.069081,-11.906194],[-77.069453,-11.907006],[-77.069863,-11.907829],[-77.070227,-11.908373],[-77.070542,-11.908781],[-77.070773,-11.909094],[-77.070874,-11.909238],[-77.071113,-11.909599],[-77.071237,-11.90977],[-77.071706,-11.910413],[-77.071813,-11.910563],[-77.072047,-11.91089],[-77.072562,-11.91161],[-77.072816,-11.911965],[-77.073358,-11.912836],[-77.073448,-11.912997],[-77.07351,-11.913125],[-77.073563,-11.913233],[-77.073591,-11.9133],[-77.073662,-11.913487],[-77.073708,-11.913626],[-77.073757,-11.913801],[-77.073823,-11.91416],[-77.073856,-11.914501],[-77.07386,-11.914811],[-77.073851,-11.91495],[-77.073756,-11.915962],[-77.073683,-11.916824],[-77.073623,-11.917294],[-77.073524,-11.91827],[-77.073461,-11.919016],[-77.073397,-11.919762],[-77.073334,-11.920507],[-77.073261,-11.921288],[-77.073245,-11.921461],[-77.073166,-11.922263],[-77.073087,-11.923066],[-77.073006,-11.923896],[-77.072924,-11.924726],[-77.072891,-11.925055],[-77.072878,-11.925175],[-77.072854,-11.925444],[-77.072779,-11.926254],[-77.072704,-11.927064],[-77.072684,-11.927295],[-77.072632,-11.927791],[-77.07253,-11.928784],[-77.072427,-11.929777],[-77.072363,-11.930471],[-77.072341,-11.930705],[-77.072335,-11.930778],[-77.072278,-11.931407],[-77.072216,-11.932004],[-77.072154,-11.9326],[-77.072141,-11.932745],[-77.072088,-11.933311],[-77.072035,-11.933877],[-77.071972,-11.934513],[-77.071909,-11.935149],[-77.071839,-11.935923],[-77.071768,-11.936697],[-77.071698,-11.937471],[-77.071691,-11.937543],[-77.071677,-11.937695],[-77.071666,-11.937788],[-77.07166,-11.937834],[-77.07164,-11.938041],[-77.071559,-11.938834],[-77.071479,-11.939626],[-77.071391,-11.940594],[-77.071304,-11.941562],[-77.071285,-11.941739],[-77.071185,-11.942772],[-77.071084,-11.943806],[-77.071029,-11.944388],[-77.070973,-11.94497],[-77.070951,-11.945161],[-77.070868,-11.945872],[-77.070844,-11.946067],[-77.070808,-11.946387],[-77.070788,-11.946538],[-77.070698,-11.947199],[-77.070608,-11.947859],[-77.070564,-11.948202],[-77.07047,-11.948737],[-77.070377,-11.949272],[-77.070259,-11.950157],[-77.07013,-11.950979],[-77.070016,-11.951774],[-77.069901,-11.952451],[-77.069786,-11.953128],[-77.069627,-11.954162],[-77.069577,-11.954477],[-77.069522,-11.954833],[-77.069513,-11.954889],[-77.069461,-11.955222],[-77.069426,-11.955447],[-77.069412,-11.955536],[-77.069267,-11.956467],[-77.069248,-11.956586],[-77.069222,-11.956727],[-77.06916,-11.957118],[-77.068998,-11.95814],[-77.06893,-11.958625],[-77.068793,-11.959458],[-77.068745,-11.959754],[-77.068662,-11.960334],[-77.068579,-11.960913],[-77.068536,-11.961198],[-77.068418,-11.962047],[-77.068388,-11.962234],[-77.068371,-11.962344],[-77.068318,-11.962728],[-77.068265,-11.963137],[-77.068128,-11.964051],[-77.068029,-11.964604],[-77.06793,-11.965157],[-77.067807,-11.96588],[-77.067765,-11.966127],[-77.067615,-11.967074],[-77.067465,-11.96802],[-77.067339,-11.96883],[-77.067213,-11.96964],[-77.067109,-11.970307],[-77.067077,-11.970508],[-77.066948,-11.971331],[-77.066819,-11.972154],[-77.066689,-11.972977],[-77.066537,-11.973953],[-77.066385,-11.974929],[-77.066233,-11.975904],[-77.066081,-11.97688],[-77.065929,-11.977856],[-77.065777,-11.978831],[-77.065625,-11.979807],[-77.065473,-11.980783],[-77.065321,-11.981758],[-77.065207,-11.982489],[-77.065093,-11.98322],[-77.064979,-11.983951],[-77.064924,-11.984283],[-77.064791,-11.985148],[-77.064657,-11.986013],[-77.064546,-11.986737],[-77.064434,-11.987461],[-77.064382,-11.987832],[-77.064325,-11.988307],[-77.064222,-11.989258],[-77.064126,-11.990047],[-77.064031,-11.990837],[-77.063963,-11.991328],[-77.063918,-11.991592],[-77.06385,-11.991964],[-77.063757,-11.992353],[-77.063594,-11.992997],[-77.063495,-11.99352],[-77.063414,-11.993996],[-77.063326,-11.994552],[-77.063238,-11.995109],[-77.063111,-11.995963],[-77.062984,-11.996817],[-77.062857,-11.997671],[-77.062752,-11.998312],[-77.062656,-11.998886],[-77.062531,-11.999637],[-77.062406,-12.000387],[-77.062352,-12.000648],[-77.062233,-12.001412],[-77.062113,-12.002175],[-77.061993,-12.002939],[-77.061939,-12.003346],[-77.061909,-12.003604],[-77.061856,-12.004275],[-77.061802,-12.004947],[-77.061749,-12.005411],[-77.061705,-12.005751],[-77.061569,-12.006611],[-77.061434,-12.007471],[-77.061392,-12.007749],[-77.061355,-12.007993],[-77.061322,-12.008202],[-77.061268,-12.008401],[-77.061021,-12.009178],[-77.060942,-12.009464],[-77.060859,-12.009844],[-77.060761,-12.010421],[-77.060664,-12.010997],[-77.060587,-12.011451],[-77.060523,-12.012073],[-77.0605,-12.01227],[-77.060447,-12.012801],[-77.060386,-12.013342],[-77.060291,-12.013926],[-77.060196,-12.014511],[-77.06007,-12.015287],[-77.059955,-12.016036],[-77.059829,-12.016872],[-77.059702,-12.017709],[-77.05957,-12.018571],[-77.059438,-12.019434],[-77.059306,-12.020297],[-77.059238,-12.02063],[-77.05916,-12.021182],[-77.059083,-12.021734],[-77.059027,-12.022069],[-77.058945,-12.022627],[-77.058864,-12.023185],[-77.058713,-12.024093],[-77.058562,-12.025001],[-77.058411,-12.025908],[-77.058332,-12.026544],[-77.058267,-12.027062],[-77.058208,-12.027427],[-77.058098,-12.027863],[-77.05798,-12.028237],[-77.057756,-12.028817],[-77.057634,-12.029108],[-77.057417,-12.029518],[-77.056902,-12.030263],[-77.056752,-12.030463],[-77.056337,-12.031039],[-77.056117,-12.031302]]}},{"type":"Feature","properties":{"id":"panamericana_sur","name":"Panamericana Sur","class":"expressway","maxspeed_kmh":100,"lanes":2,"osm_ways":82},"geometry":{"type":"LineString","coordinates":[[-76.982038,-12.084702],[-76.9821,-12.084809],[-76.982153,-12.084915],[-76.98218,-12.084979],[-76.982204,-12.085043],[-76.982271,-12.085247],[-76.9823,-12.085415],[-76.982306,-12.085491],[-76.98231,-12.085568],[-76.98231,-12.085641],[-76.982308,-12.085715],[-76.982302,-12.085791],[-76.982293,-12.085868],[-76.982282,-12.085943],[-76.982267,-12.086017],[-76.982243,-12.08611],[-76.982214,-12.086202],[-76.982146,-12.08641],[-76.981963,-12.08696],[-76.981779,-12.087511],[-76.981728,-12.087664],[-76.981626,-12.087966],[-76.981493,-12.088362],[-76.981436,-12.088534],[-76.98139,-12.08871],[-76.981327,-12.08907],[-76.981227,-12.089734],[-76.981126,-12.090399],[-76.981038,-12.090978],[-76.98095,-12.091558],[-76.980899,-12.091888],[-76.980786,-12.092621],[-76.980695,-12.093267],[-76.980615,-12.093929],[-76.980543,-12.094544],[-76.980539,-12.094571],[-76.980494,-12.094872],[-76.980437,-12.095254],[-76.980396,-12.095522],[-76.980359,-12.095775],[-76.980338,-12.095909],[-76.980283,-12.096258],[-76.980243,-12.096541],[-76.980122,-12.097403],[-76.98,-12.098266],[-76.979878,-12.099128],[-76.979756,-12.09999],[-76.979703,-12.100357],[-76.979589,-12.101195],[-76.979475,-12.102034],[-76.979341,-12.103019],[-76.979229,-12.103834],[-76.979118,-12.104649],[-76.979059,-12.105066],[-76.978946,-12.105808],[-76.978834,-12.106585],[-76.9787,-12.107532],[-76.978565,-12.108479],[-76.97843,-12.109425],[-76.978388,-12.10978],[-76.978376,-12.109886],[-76.978285,-12.110498],[-76.978177,-12.111286],[-76.978068,-12.112075],[-76.97796,-12.112863],[-76.977945,-12.112981],[-76.977862,-12.113633],[-76.977724,-12.114637],[-76.977587,-12.11564],[-76.977456,-12.116597],[-76.977381,-12.117227],[-76.977328,-12.1178],[-76.977316,-12.118011],[-76.977285,-12.118912],[-76.977255,-12.119814],[-76.977226,-12.120709],[-76.977196,-12.121604],[-76.977171,-12.122356],[-76.977145,-12.123108],[-76.977139,-12.123332],[-76.977134,-12.123495],[-76.977114,-12.124282],[-76.977082,-12.125166],[-76.97705,-12.126049],[-76.977042,-12.126466],[-76.977037,-12.126725],[-76.977032,-12.127029],[-76.977047,-12.127323],[-76.977081,-12.127675],[-76.97714,-12.127953],[-76.977213,-12.128236],[-76.977272,-12.128445],[-76.977341,-12.128667],[-76.977554,-12.129207],[-76.977767,-12.129747],[-76.978037,-12.130434],[-76.978306,-12.13112],[-76.978597,-12.131886],[-76.978888,-12.132652],[-76.979143,-12.133311],[-76.979398,-12.13397],[-76.979446,-12.134094],[-76.979693,-12.13472],[-76.979939,-12.135346],[-76.980204,-12.136084],[-76.980318,-12.136449],[-76.98043,-12.136835],[-76.980448,-12.136905],[-76.980506,-12.137121],[-76.980573,-12.137397],[-76.980694,-12.138001],[-76.98088,-12.139023],[-76.981,-12.13971],[-76.981119,-12.140396],[-76.981181,-12.140759],[-76.981231,-12.141028],[-76.981378,-12.141877],[-76.981526,-12.142727],[-76.981673,-12.143576],[-76.981768,-12.144109],[-76.981922,-12.144976],[-76.98197,-12.145224],[-76.982128,-12.146029],[-76.982178,-12.146258],[-76.982214,-12.146424],[-76.982269,-12.146631],[-76.982345,-12.146924],[-76.98244,-12.14725],[-76.982541,-12.147585],[-76.982632,-12.147861],[-76.982828,-12.148435],[-76.983023,-12.149009],[-76.983361,-12.15001],[-76.983433,-12.150239],[-76.983531,-12.150568],[-76.983579,-12.150745],[-76.983624,-12.150923],[-76.983698,-12.151245],[-76.983832,-12.152146],[-76.983918,-12.153061],[-76.983922,-12.153597],[-76.983916,-12.153954],[-76.98385,-12.154813],[-76.983839,-12.154895],[-76.983781,-12.155306],[-76.98354,-12.156288],[-76.983336,-12.157012],[-76.983131,-12.157737],[-76.98304,-12.158032],[-76.98281,-12.158822],[-76.982579,-12.159612],[-76.982349,-12.160402],[-76.982164,-12.161023],[-76.981979,-12.161644],[-76.981767,-12.162356],[-76.981555,-12.163068],[-76.981343,-12.163781],[-76.981047,-12.164787],[-76.980751,-12.165794],[-76.980455,-12.1668],[-76.980159,-12.167807],[-76.979973,-12.168447],[-76.979801,-12.168993],[-76.979621,-12.169652],[-76.979477,-12.170157],[-76.979424,-12.170361],[-76.97936,-12.170571],[-76.979216,-12.171063],[-76.9791,-12.1714],[-76.978947,-12.171863],[-76.978838,-12.172212],[-76.978713,-12.172613],[-76.978414,-12.173531],[-76.978163,-12.174325],[-76.977913,-12.17512],[-76.977662,-12.175915],[-76.977412,-12.176709],[-76.977266,-12.177163],[-76.977107,-12.1777],[-76.976853,-12.178489],[-76.976599,-12.179277],[-76.976326,-12.180121],[-76.976052,-12.180965],[-76.975779,-12.181809],[-76.975505,-12.182653],[-76.975232,-12.183497],[-76.975151,-12.183757],[-76.974904,-12.184542],[-76.974657,-12.185326],[-76.974409,-12.186111],[-76.974162,-12.186896],[-76.97398,-12.187501],[-76.973691,-12.18847],[-76.973388,-12.189378],[-76.973085,-12.190286],[-76.972971,-12.190691],[-76.972924,-12.190891],[-76.972878,-12.191093],[-76.972811,-12.191435],[-76.972753,-12.191781],[-76.972721,-12.192056],[-76.972697,-12.192349],[-76.972679,-12.192687],[-76.972672,-12.192878],[-76.972674,-12.193088],[-76.972682,-12.193353],[-76.972697,-12.193623],[-76.972724,-12.193957],[-76.972765,-12.19427],[-76.972944,-12.195247],[-76.973121,-12.196212],[-76.973217,-12.196728],[-76.973317,-12.197269],[-76.973504,-12.198276],[-76.973527,-12.198413],[-76.973599,-12.198795],[-76.973628,-12.198965],[-76.973799,-12.199907],[-76.973971,-12.200849],[-76.974077,-12.201406],[-76.974183,-12.201963],[-76.974284,-12.202509],[-76.97442,-12.203276],[-76.974556,-12.204043],[-76.974691,-12.204769],[-76.974826,-12.205494],[-76.97498,-12.206325],[-76.975134,-12.207157],[-76.975287,-12.207988],[-76.975441,-12.20882],[-76.975628,-12.209839],[-76.975814,-12.210858],[-76.976001,-12.211877],[-76.976187,-12.212896],[-76.976373,-12.213915],[-76.976563,-12.214927],[-76.976753,-12.215938],[-76.976876,-12.216598],[-76.977046,-12.217487],[-76.977067,-12.217628],[-76.977084,-12.21777],[-76.977093,-12.217877],[-76.977099,-12.217985],[-76.977101,-12.218161],[-76.977097,-12.218336],[-76.977088,-12.218511],[-76.977074,-12.218673],[-76.977055,-12.218835],[-76.977028,-12.219013],[-76.976992,-12.219189],[-76.976959,-12.219322],[-76.976922,-12.219454],[-76.976868,-12.219619],[-76.976809,-12.219783],[-76.97675,-12.219929],[-76.976687,-12.220073],[-76.976619,-12.220215],[-76.976554,-12.220343],[-76.976492,-12.220453],[-76.976427,-12.220561],[-76.976309,-12.220741],[-76.976185,-12.220917],[-76.976079,-12.221056],[-76.97597,-12.221192],[-76.975815,-12.221359],[-76.97538,-12.221815],[-76.974945,-12.222271],[-76.974487,-12.222742],[-76.97403,-12.223213],[-76.973454,-12.223802],[-76.972879,-12.224391],[-76.972303,-12.22498],[-76.971728,-12.225569],[-76.971625,-12.22567],[-76.970971,-12.226306],[-76.970498,-12.22674],[-76.97045,-12.226785],[-76.970399,-12.226834],[-76.969953,-12.227258],[-76.969507,-12.227681],[-76.969262,-12.227924],[-76.969105,-12.22808],[-76.968565,-12.228748],[-76.968024,-12.229323],[-76.967602,-12.229763],[-76.967263,-12.23007],[-76.966929,-12.230366],[-76.966681,-12.230565],[-76.966374,-12.230803],[-76.965993,-12.231058],[-76.965491,-12.231365],[-76.965136,-12.231557],[-76.965127,-12.231561],[-76.964529,-12.231873],[-76.963931,-12.232184],[-76.963044,-12.232637],[-76.962889,-12.232717],[-76.961964,-12.233184],[-76.961785,-12.233275],[-76.961739,-12.233298],[-76.961477,-12.233433],[-76.960833,-12.233764],[-76.960028,-12.234183],[-76.959222,-12.234602],[-76.958417,-12.23502],[-76.957612,-12.235439],[-76.957057,-12.235727],[-76.956376,-12.23608],[-76.956183,-12.236178],[-76.955344,-12.236617],[-76.954505,-12.237056],[-76.953943,-12.237349],[-76.953109,-12.237779],[-76.952275,-12.238208],[-76.951662,-12.238526],[-76.950824,-12.23896],[-76.950075,-12.239348],[-76.949326,-12.239736],[-76.948577,-12.240124],[-76.947829,-12.240512],[-76.947687,-12.240585],[-76.947167,-12.240855],[-76.946647,-12.241125],[-76.94618,-12.241367],[-76.945768,-12.241581],[-76.945512,-12.241715],[-76.944631,-12.242174],[-76.943751,-12.242632],[-76.943375,-12.242828],[-76.943015,-12.243016],[-76.942488,-12.24329],[-76.941819,-12.243639],[-76.941424,-12.243845],[-76.940538,-12.244311],[-76.939652,-12.244778],[-76.939631,-12.244789],[-76.938939,-12.24514],[-76.938248,-12.24549],[-76.937661,-12.245793],[-76.937235,-12.246016],[-76.936521,-12.246381],[-76.93605,-12.246622],[-76.935771,-12.246766],[-76.935361,-12.246988],[-76.934993,-12.247203],[-76.934724,-12.247365],[-76.934469,-12.24753],[-76.93419,-12.247723],[-76.933916,-12.247919],[-76.933541,-12.248207],[-76.932778,-12.24879],[-76.932016,-12.249373],[-76.93156,-12.249721],[-76.930948,-12.25019],[-76.930534,-12.250498],[-76.930199,-12.25076],[-76.929672,-12.25117],[-76.929129,-12.251576],[-76.928633,-12.251959],[-76.927934,-12.252488],[-76.927192,-12.252992],[-76.926877,-12.253195],[-76.926346,-12.2535],[-76.925816,-12.253806],[-76.925687,-12.25388],[-76.925523,-12.253975],[-76.925404,-12.254044],[-76.924552,-12.254526],[-76.9237,-12.255007],[-76.922848,-12.255488],[-76.921997,-12.255969],[-76.921524,-12.25625],[-76.920741,-12.256744],[-76.919959,-12.257238],[-76.919176,-12.257731],[-76.918296,-12.258286],[-76.917417,-12.25884],[-76.916537,-12.259395],[-76.915658,-12.259949],[-76.914855,-12.260463],[-76.914053,-12.260976],[-76.91325,-12.261489],[-76.912447,-12.262002],[-76.911632,-12.262484],[-76.910876,-12.26296],[-76.91012,-12.263437],[-76.909365,-12.263913],[-76.908609,-12.264389],[-76.907853,-12.264865],[-76.906934,-12.265444],[-76.906015,-12.266023],[-76.905096,-12.266602],[-76.904287,-12.267109],[-76.90349,-12.267605],[-76.902693,-12.268101],[-76.901896,-12.268596],[-76.901099,-12.269092],[-76.900301,-12.269588],[-76.900245,-12.269623],[-76.900043,-12.269746],[-76.899328,-12.270198],[-76.898613,-12.270649],[-76.897915,-12.271097],[-76.897198,-12.271551],[-76.896349,-12.272095],[-76.895833,-12.272421],[-76.895317,-12.272747],[-76.894879,-12.273017],[-76.894338,-12.273369],[-76.893781,-12.273711],[-76.893224,-12.274054],[-76.892825,-12.274307],[-76.892213,-12.274687],[-76.8916,-12.275067],[-76.891511,-12.275121],[-76.890712,-12.275626],[-76.889913,-12.276132],[-76.889114,-12.276637],[-76.888671,-12.276912],[-76.88786,-12.27742],[-76.887049,-12.277928],[-76.886238,-12.278436],[-76.885427,-12.278944],[-76.884616,-12.279452],[-76.883805,-12.27996],[-76.883701,-12.280024],[-76.882979,-12.28047],[-76.882257,-12.280916],[-76.881535,-12.281361],[-76.880842,-12.281802],[-76.880149,-12.282242],[-76.879306,-12.282771],[-76.878462,-12.2833],[-76.877567,-12.283861],[-76.876673,-12.284422],[-76.87607,-12.284801],[-76.875553,-12.285126],[-76.875037,-12.28545],[-76.874961,-12.285498],[-76.874201,-12.285975],[-76.873441,-12.286453],[-76.872682,-12.28693],[-76.87183,-12.287465],[-76.870979,-12.288],[-76.870066,-12.288574],[-76.869152,-12.289147],[-76.868239,-12.289721],[-76.867326,-12.290295],[-76.866413,-12.290869],[-76.865499,-12.291443],[-76.864586,-12.292017],[-76.863877,-12.29246],[-76.863169,-12.292902],[-76.86246,-12.293345],[-76.861751,-12.293788],[-76.861066,-12.294226],[-76.860381,-12.294665],[-76.859696,-12.295103],[-76.858873,-12.295588],[-76.858216,-12.295956],[-76.857597,-12.296272],[-76.856967,-12.29657],[-76.856099,-12.296961],[-76.855231,-12.297353],[-76.854751,-12.297564],[-76.853838,-12.297966],[-76.852924,-12.298368],[-76.851932,-12.298807],[-76.85094,-12.299246],[-76.850372,-12.299496],[-76.849803,-12.299747],[-76.849173,-12.300025],[-76.848544,-12.300304],[-76.848036,-12.300532],[-76.847528,-12.30076],[-76.8466,-12.301169],[-76.845913,-12.301479],[-76.845225,-12.301789],[-76.844538,-12.3021],[-76.843988,-12.302342],[-76.843482,-12.302579],[-76.842946,-12.302856],[-76.842377,-12.303183],[-76.84187,-12.303494],[-76.841309,-12.303855],[-76.840727,-12.304254],[-76.840299,-12.3046],[-76.839775,-12.305032],[-76.839284,-12.305471],[-76.838799,-12.305946],[-76.838379,-12.306384],[-76.838005,-12.306777],[-76.837662,-12.30718],[-76.837094,-12.3079],[-76.836741,-12.308387],[-76.836389,-12.308874],[-76.83581,-12.309741],[-76.835231,-12.310608],[-76.834653,-12.311475],[-76.834074,-12.312341],[-76.833495,-12.313208],[-76.832917,-12.314075],[-76.832338,-12.314942],[-76.83176,-12.315808],[-76.831423,-12.316313],[-76.831086,-12.316818],[-76.830581,-12.317575],[-76.830076,-12.318332],[-76.830043,-12.318381],[-76.829459,-12.319255],[-76.828876,-12.320129],[-76.828292,-12.321003],[-76.827709,-12.321877],[-76.827112,-12.322773],[-76.826514,-12.323668],[-76.825917,-12.324563],[-76.825319,-12.325458],[-76.824722,-12.326354],[-76.824125,-12.327249],[-76.823527,-12.328144],[-76.82293,-12.329039],[-76.822332,-12.329935],[-76.821735,-12.33083],[-76.821137,-12.331725],[-76.82054,-12.33262],[-76.819943,-12.333516],[-76.819836,-12.333674],[-76.819431,-12.334311],[-76.81887,-12.33515],[-76.81831,-12.335989],[-76.81775,-12.336828],[-76.817189,-12.337667],[-76.816629,-12.338506],[-76.816068,-12.339344],[-76.815508,-12.340183],[-76.814947,-12.341022],[-76.814387,-12.341861],[-76.813826,-12.3427],[-76.813266,-12.343539],[-76.812931,-12.343983],[-76.812596,-12.344428],[-76.81215,-12.344897],[-76.81139,-12.345628],[-76.810629,-12.346359],[-76.809869,-12.34709],[-76.809109,-12.347821],[-76.808349,-12.348552],[-76.807588,-12.349283],[-76.806828,-12.350014],[-76.806068,-12.350745],[-76.805308,-12.351476],[-76.804547,-12.352207],[-76.803787,-12.352938],[-76.803027,-12.353669],[-76.802266,-12.3544],[-76.801506,-12.355131],[-76.800746,-12.355862],[-76.799986,-12.356593],[-76.799225,-12.357324],[-76.798465,-12.358055],[-76.797705,-12.358786],[-76.796944,-12.359517],[-76.796184,-12.360248],[-76.796024,-12.360401],[-76.795372,-12.361029],[-76.794719,-12.361657],[-76.794067,-12.362285],[-76.793414,-12.362912],[-76.792985,-12.363312],[-76.792555,-12.363712],[-76.791794,-12.364442],[-76.791034,-12.365172],[-76.790274,-12.365902],[-76.789513,-12.366632],[-76.78893,-12.367214],[-76.788346,-12.367795],[-76.787612,-12.368508],[-76.786879,-12.369221],[-76.786145,-12.369934],[-76.785411,-12.370647],[-76.784678,-12.37136],[-76.784332,-12.371686],[-76.783695,-12.372304],[-76.783058,-12.372921],[-76.782421,-12.373539],[-76.781784,-12.374156],[-76.781622,-12.374313],[-76.780934,-12.374981],[-76.780247,-12.375649],[-76.779559,-12.376318],[-76.778843,-12.377011],[-76.778127,-12.377705],[-76.777411,-12.378398],[-76.776695,-12.379092],[-76.775958,-12.379804],[-76.77522,-12.380517],[-76.774483,-12.381229],[-76.773745,-12.381941],[-76.773259,-12.382411],[-76.772522,-12.383125],[-76.771784,-12.383839],[-76.771046,-12.384553],[-76.770407,-12.385168],[-76.769768,-12.385783],[-76.768985,-12.38653],[-76.768203,-12.387278],[-76.76742,-12.388026],[-76.766638,-12.388773],[-76.765855,-12.389521],[-76.765072,-12.390269],[-76.76429,-12.391017],[-76.763507,-12.391764],[-76.762817,-12.392435],[-76.762126,-12.393106],[-76.761436,-12.393777],[-76.760745,-12.394447],[-76.760079,-12.395091],[-76.759412,-12.395736],[-76.758745,-12.39638],[-76.758079,-12.397024],[-76.757708,-12.39743],[-76.757364,-12.397899],[-76.757115,-12.398386],[-76.756997,-12.398694],[-76.756896,-12.399008],[-76.756789,-12.399492],[-76.756746,-12.399831],[-76.75673,-12.400243],[-76.756727,-12.401103],[-76.756723,-12.401963],[-76.75672,-12.402822],[-76.756713,-12.403905],[-76.756706,-12.404988],[-76.7567,-12.40607],[-76.756693,-12.407153],[-76.756686,-12.408235],[-76.756656,-12.408847],[-76.756626,-12.409459],[-76.756532,-12.410079],[-76.756384,-12.41072],[-76.756237,-12.411361],[-76.756002,-12.412381],[-76.755878,-12.412923],[-76.755753,-12.413465],[-76.755717,-12.413622],[-76.755513,-12.414509],[-76.755309,-12.415396],[-76.755105,-12.416284],[-76.754901,-12.417171],[-76.754783,-12.417696],[-76.754572,-12.418641],[-76.75436,-12.419585],[-76.754249,-12.42018],[-76.754163,-12.420817],[-76.754088,-12.421697],[-76.754013,-12.422577],[-76.753938,-12.423457],[-76.753862,-12.424338],[-76.753776,-12.425332],[-76.75369,-12.426326],[-76.753603,-12.42732],[-76.753517,-12.428315],[-76.753482,-12.429301],[-76.753517,-12.429923],[-76.753618,-12.430693],[-76.75373,-12.431216],[-76.753962,-12.431997],[-76.754195,-12.432778],[-76.754427,-12.433559],[-76.75466,-12.43434],[-76.754818,-12.434859],[-76.755107,-12.435857],[-76.755396,-12.436854],[-76.755685,-12.437852],[-76.755974,-12.43885],[-76.756263,-12.439847],[-76.756551,-12.440845],[-76.75684,-12.441843],[-76.756962,-12.442383],[-76.75703,-12.442864],[-76.757061,-12.443269],[-76.75707,-12.443625],[-76.757063,-12.443999],[-76.757022,-12.444404],[-76.756959,-12.444841],[-76.756832,-12.445426],[-76.756574,-12.446377],[-76.756316,-12.447328],[-76.756058,-12.44828],[-76.755778,-12.449262],[-76.755529,-12.450178],[-76.755377,-12.450738],[-76.755224,-12.451299],[-76.754964,-12.452234],[-76.754703,-12.45317],[-76.754443,-12.454106],[-76.754358,-12.454418],[-76.754206,-12.454978],[-76.754054,-12.455539],[-76.753806,-12.456462],[-76.753558,-12.457385],[-76.753402,-12.457943],[-76.753246,-12.458501],[-76.753048,-12.459264],[-76.75285,-12.460027],[-76.752657,-12.460801],[-76.752463,-12.461574],[-76.752323,-12.462119],[-76.752118,-12.46286],[-76.751914,-12.4636],[-76.751738,-12.464236],[-76.751563,-12.464872],[-76.751384,-12.465551],[-76.751205,-12.46623],[-76.751021,-12.466891],[-76.750837,-12.467551],[-76.750674,-12.468177],[-76.750511,-12.468803],[-76.750298,-12.469546],[-76.750139,-12.470147],[-76.74998,-12.470748],[-76.749739,-12.471576],[-76.749544,-12.472281],[-76.749348,-12.472985],[-76.749152,-12.473703],[-76.748956,-12.47442],[-76.748758,-12.475146],[-76.748559,-12.475873],[-76.748361,-12.476599],[-76.748255,-12.476987],[-76.748008,-12.477906],[-76.747824,-12.478711],[-76.747536,-12.47972],[-76.747249,-12.480729],[-76.746962,-12.481739],[-76.746702,-12.482708],[-76.746443,-12.483677],[-76.746183,-12.484646],[-76.745917,-12.485627],[-76.745809,-12.486021],[-76.745594,-12.486811],[-76.745379,-12.4876],[-76.745164,-12.48839],[-76.744926,-12.489255],[-76.744687,-12.490121],[-76.744449,-12.490987],[-76.744211,-12.491853],[-76.743972,-12.492718],[-76.743963,-12.492758],[-76.743728,-12.493614],[-76.743492,-12.49447],[-76.743452,-12.49462],[-76.743427,-12.494714],[-76.74324,-12.495395],[-76.743053,-12.496077],[-76.743035,-12.496144],[-76.742812,-12.496965],[-76.742768,-12.497126],[-76.742667,-12.497497],[-76.74255,-12.497924],[-76.742265,-12.498966],[-76.74212,-12.499484],[-76.741987,-12.499939],[-76.741842,-12.500387],[-76.741711,-12.500764],[-76.741613,-12.501037],[-76.74151,-12.501307],[-76.741383,-12.501621],[-76.741248,-12.501933],[-76.741044,-12.502385],[-76.74087,-12.502733],[-76.740709,-12.503054],[-76.740616,-12.503241],[-76.740522,-12.503404],[-76.740294,-12.503815],[-76.739766,-12.50465],[-76.739548,-12.504716],[-76.739211,-12.505201],[-76.738874,-12.505687],[-76.738749,-12.505871],[-76.738393,-12.506367],[-76.738037,-12.506864],[-76.737445,-12.507691],[-76.736889,-12.508469],[-76.736334,-12.509247],[-76.735778,-12.510026],[-76.735223,-12.510804],[-76.734795,-12.511405],[-76.734383,-12.511988],[-76.733971,-12.512571],[-76.733628,-12.51305],[-76.733285,-12.513528],[-76.732908,-12.514063],[-76.732531,-12.514597],[-76.731956,-12.515385],[-76.731683,-12.515745],[-76.731418,-12.516088],[-76.731145,-12.516424],[-76.730804,-12.516832],[-76.730517,-12.51716],[-76.729922,-12.517842],[-76.729432,-12.518403],[-76.728861,-12.519058],[-76.72829,-12.519713],[-76.7279,-12.520168],[-76.727664,-12.520437],[-76.72743,-12.520709],[-76.727036,-12.521178],[-76.726853,-12.521407],[-76.726674,-12.52164],[-76.726497,-12.521875],[-76.726324,-12.522112],[-76.726267,-12.522195],[-76.726064,-12.522496],[-76.725866,-12.5228],[-76.725664,-12.523122],[-76.725469,-12.523447],[-76.725343,-12.52366],[-76.725221,-12.523875],[-76.725103,-12.524093],[-76.724967,-12.524354],[-76.724838,-12.524617],[-76.724709,-12.524888],[-76.724512,-12.525313],[-76.724381,-12.525604],[-76.724013,-12.526417],[-76.723645,-12.52723],[-76.723221,-12.528165],[-76.722797,-12.5291],[-76.722506,-12.529748],[-76.722214,-12.530395],[-76.721928,-12.531026],[-76.721643,-12.531657],[-76.721388,-12.532226],[-76.721134,-12.532796],[-76.720793,-12.533509],[-76.720452,-12.534223],[-76.720085,-12.535053],[-76.719718,-12.535883],[-76.719351,-12.536713],[-76.718984,-12.537543],[-76.718678,-12.538219],[-76.718372,-12.538895],[-76.718066,-12.539571],[-76.717778,-12.540211],[-76.717489,-12.540851],[-76.717079,-12.541757],[-76.716844,-12.542276],[-76.716609,-12.542794],[-76.716355,-12.543352],[-76.716102,-12.543911],[-76.715876,-12.544415],[-76.71565,-12.544918],[-76.715294,-12.545703],[-76.715009,-12.546333],[-76.714724,-12.546964],[-76.714469,-12.547527],[-76.714214,-12.548091],[-76.713772,-12.549074],[-76.713334,-12.550045],[-76.712949,-12.550892],[-76.712681,-12.551486],[-76.712412,-12.55208],[-76.712179,-12.552593],[-76.711945,-12.553107],[-76.711666,-12.553728],[-76.711388,-12.554348],[-76.711027,-12.555145],[-76.710667,-12.555943],[-76.710364,-12.556611],[-76.710061,-12.557279],[-76.709758,-12.557947],[-76.70965,-12.558174],[-76.709538,-12.558399],[-76.709445,-12.558575],[-76.70935,-12.558749],[-76.709249,-12.558921],[-76.709135,-12.559106],[-76.709016,-12.559287],[-76.708901,-12.559457],[-76.708783,-12.559624],[-76.708664,-12.559782],[-76.708541,-12.559938],[-76.708383,-12.560127],[-76.708219,-12.560311],[-76.708063,-12.560476],[-76.707903,-12.560637],[-76.707739,-12.560794],[-76.70757,-12.560948],[-76.707399,-12.561099],[-76.707224,-12.561247],[-76.706639,-12.561701],[-76.706054,-12.562154],[-76.705449,-12.562634],[-76.704845,-12.563113],[-76.704201,-12.563634],[-76.703557,-12.564154],[-76.702757,-12.564792],[-76.701958,-12.56543],[-76.701158,-12.566068],[-76.700358,-12.566706],[-76.699575,-12.567338],[-76.698792,-12.567969],[-76.698009,-12.568601],[-76.697226,-12.569233],[-76.696443,-12.569864],[-76.695722,-12.570431],[-76.695001,-12.570997],[-76.69428,-12.571564],[-76.69356,-12.57213],[-76.693087,-12.572471],[-76.692614,-12.572811],[-76.692139,-12.573101],[-76.691663,-12.573391],[-76.690835,-12.57383],[-76.690191,-12.574153],[-76.689547,-12.574477],[-76.688698,-12.574905],[-76.687848,-12.575332],[-76.686998,-12.57576],[-76.686148,-12.576188],[-76.685299,-12.576616],[-76.684633,-12.576974],[-76.683968,-12.577332],[-76.683032,-12.577792],[-76.682121,-12.57824],[-76.681195,-12.578709],[-76.680269,-12.579178],[-76.679343,-12.579647],[-76.678416,-12.580117],[-76.67749,-12.580586],[-76.676564,-12.581055],[-76.675638,-12.581524],[-76.674711,-12.581994],[-76.673785,-12.582463],[-76.672962,-12.582869],[-76.672138,-12.583275],[-76.671314,-12.583681],[-76.670864,-12.583903],[-76.67008,-12.58429],[-76.669296,-12.584677],[-76.668511,-12.585064],[-76.667903,-12.585373],[-76.667294,-12.585683],[-76.666757,-12.585978],[-76.666152,-12.586353],[-76.665692,-12.58669],[-76.665197,-12.587124],[-76.664941,-12.587365],[-76.6646,-12.587715],[-76.664243,-12.588132],[-76.663791,-12.588727],[-76.663404,-12.58937],[-76.66292,-12.590322],[-76.66266,-12.591048],[-76.66244,-12.59184]]}},{"type":"Feature","properties":{"id":"via_expresa_paseo_republica","name":"Vía Expresa Paseo de la República (Luis Bedoya Reyes)","class":"expressway","maxspeed_kmh":80,"lanes":3,"osm_ways":34},"geometry":{"type":"LineString","coordinates":[[-77.035403,-12.06016],[-77.035387,-12.060236],[-77.035367,-12.060303],[-77.035345,-12.060362],[-77.035235,-12.060548],[-77.035049,-12.060782],[-77.035013,-12.060828],[-77.034929,-12.06097],[-77.034841,-12.061134],[-77.034766,-12.061292],[-77.034613,-12.061646],[-77.034287,-12.062451],[-77.033963,-12.063359],[-77.033679,-12.064157],[-77.033395,-12.064954],[-77.033288,-12.065229],[-77.032999,-12.066019],[-77.032804,-12.066553],[-77.032608,-12.067087],[-77.032549,-12.067224],[-77.03245,-12.067425],[-77.032384,-12.067557],[-77.032192,-12.068069],[-77.032027,-12.068516],[-77.032004,-12.068579],[-77.031946,-12.068741],[-77.031886,-12.068907],[-77.03168,-12.069528],[-77.031474,-12.07015],[-77.031285,-12.070709],[-77.031031,-12.071369],[-77.030737,-12.07215],[-77.030443,-12.072932],[-77.030168,-12.073601],[-77.029892,-12.074269],[-77.029574,-12.074959],[-77.029256,-12.075649],[-77.029224,-12.075719],[-77.02904,-12.076143],[-77.028771,-12.076721],[-77.028502,-12.077299],[-77.028215,-12.078012],[-77.028153,-12.078154],[-77.02805,-12.078419],[-77.027837,-12.078925],[-77.027717,-12.079232],[-77.027519,-12.079684],[-77.027155,-12.080604],[-77.02679,-12.081525],[-77.026488,-12.082317],[-77.026434,-12.082437],[-77.026157,-12.083106],[-77.02588,-12.083774],[-77.025708,-12.084179],[-77.025469,-12.084739],[-77.025185,-12.085478],[-77.024902,-12.086217],[-77.024627,-12.086863],[-77.024267,-12.087761],[-77.024018,-12.088281],[-77.023786,-12.088701],[-77.02377,-12.088729],[-77.023705,-12.088847],[-77.023446,-12.089208],[-77.023166,-12.089583],[-77.023069,-12.089728],[-77.022986,-12.089871],[-77.022921,-12.089996],[-77.02289,-12.090065],[-77.022876,-12.090104],[-77.022829,-12.09023],[-77.022781,-12.090391],[-77.022771,-12.090431],[-77.022735,-12.090574],[-77.022698,-12.090747],[-77.022665,-12.090979],[-77.022654,-12.091118],[-77.022654,-12.091278],[-77.022677,-12.091537],[-77.022699,-12.091731],[-77.022739,-12.091997],[-77.022794,-12.092153],[-77.022872,-12.092317],[-77.022968,-12.092512],[-77.02315,-12.0929],[-77.023471,-12.093628],[-77.023791,-12.094357],[-77.024111,-12.095085],[-77.024377,-12.095665],[-77.024687,-12.096298],[-77.024998,-12.096931],[-77.025359,-12.097711],[-77.025719,-12.098491],[-77.026079,-12.099272],[-77.026185,-12.099523],[-77.026239,-12.099654],[-77.026468,-12.100137],[-77.026481,-12.100165],[-77.0266,-12.100449],[-77.026722,-12.100772],[-77.026876,-12.101281],[-77.027031,-12.101919],[-77.027164,-12.102651],[-77.027216,-12.102997],[-77.027245,-12.103396],[-77.027274,-12.104382],[-77.027257,-12.105145],[-77.027206,-12.105699],[-77.02718,-12.105887],[-77.027147,-12.106036],[-77.027086,-12.106228],[-77.027002,-12.106444],[-77.026803,-12.106895],[-77.026745,-12.107041],[-77.026515,-12.107645],[-77.026461,-12.107785],[-77.026419,-12.107896],[-77.026381,-12.10803],[-77.026296,-12.108548],[-77.026159,-12.109591],[-77.026098,-12.110148],[-77.026022,-12.110792],[-77.025946,-12.111436],[-77.025883,-12.112039],[-77.025835,-12.11273],[-77.025824,-12.113311],[-77.025835,-12.113899],[-77.025882,-12.114704],[-77.025898,-12.114973],[-77.025971,-12.115933],[-77.026044,-12.116894],[-77.026047,-12.117057],[-77.026048,-12.117286],[-77.026029,-12.117571],[-77.026006,-12.117786],[-77.025995,-12.117921],[-77.025844,-12.118702],[-77.025793,-12.118972],[-77.025737,-12.119237],[-77.025704,-12.119374],[-77.025665,-12.119515],[-77.025622,-12.119655],[-77.025551,-12.119859],[-77.025419,-12.120202],[-77.025313,-12.120479],[-77.025238,-12.120673],[-77.025161,-12.120878],[-77.025093,-12.121085],[-77.025035,-12.121285],[-77.02498,-12.121493],[-77.024733,-12.122489],[-77.024487,-12.123486],[-77.024348,-12.124041],[-77.024209,-12.124597],[-77.02413,-12.124924],[-77.024046,-12.125242],[-77.023899,-12.125723],[-77.023695,-12.126338],[-77.023524,-12.126865],[-77.023353,-12.127392],[-77.023077,-12.128246],[-77.022822,-12.129033],[-77.022567,-12.12982],[-77.022366,-12.130433],[-77.022191,-12.130972],[-77.022015,-12.131511],[-77.021952,-12.131691],[-77.021882,-12.131868],[-77.021835,-12.131975],[-77.021787,-12.132081],[-77.021725,-12.132211],[-77.021659,-12.132339],[-77.021572,-12.132495],[-77.021514,-12.132595],[-77.021452,-12.132694],[-77.021366,-12.132824],[-77.021276,-12.132952],[-77.0212,-12.133052],[-77.021121,-12.13315],[-77.021007,-12.133284],[-77.02089,-12.133416],[-77.020745,-12.133571],[-77.020573,-12.133743],[-77.020427,-12.133892],[-77.020379,-12.13394],[-77.020166,-12.134151],[-77.020106,-12.134211],[-77.020044,-12.134273],[-77.019649,-12.134658],[-77.019254,-12.135043],[-77.01906,-12.135226],[-77.018865,-12.135385],[-77.018665,-12.135526],[-77.018419,-12.135665],[-77.018169,-12.135771],[-77.017801,-12.136159],[-77.017403,-12.136289],[-77.016999,-12.13639],[-77.016209,-12.136588],[-77.01542,-12.136787],[-77.014631,-12.136985],[-77.013954,-12.137155],[-77.013278,-12.137325],[-77.012655,-12.137419],[-77.01182,-12.137545],[-77.010985,-12.137672],[-77.010313,-12.137793],[-77.009675,-12.137988],[-77.009088,-12.138166],[-77.009004,-12.13821],[-77.00882,-12.138306],[-77.008268,-12.138605],[-77.007716,-12.138904],[-77.007532,-12.138998],[-77.006757,-12.139478],[-77.006377,-12.139736],[-77.005953,-12.140048],[-77.005438,-12.14039],[-77.004678,-12.140915],[-77.003918,-12.14144],[-77.003158,-12.141965],[-77.002398,-12.14249],[-77.002344,-12.142527],[-77.002226,-12.142609],[-77.002184,-12.142638],[-77.001581,-12.143055],[-77.000978,-12.143472],[-77.000374,-12.143889],[-76.999625,-12.144394],[-76.998876,-12.144899],[-76.998127,-12.145404],[-76.998106,-12.145414],[-76.997958,-12.145483],[-76.997006,-12.145879],[-76.996055,-12.146276],[-76.995103,-12.146672],[-76.994844,-12.146806],[-76.994358,-12.147126],[-76.993702,-12.147526],[-76.993046,-12.147927],[-76.99239,-12.148327],[-76.992255,-12.148446],[-76.992163,-12.148567],[-76.991876,-12.149259],[-76.991589,-12.14995],[-76.991219,-12.150734],[-76.99085,-12.151517],[-76.99048,-12.152301],[-76.99011,-12.153084],[-76.990012,-12.153228],[-76.989955,-12.153317],[-76.989839,-12.153449],[-76.989437,-12.153772],[-76.989169,-12.153943],[-76.988444,-12.154454],[-76.988095,-12.154696],[-76.987274,-12.155263],[-76.986611,-12.155721],[-76.985948,-12.156179],[-76.985821,-12.156457]]}},{"type":"Feature","properties":{"id":"via_evitamiento","name":"Vía de Evitamiento","class":"expressway","maxspeed_kmh":80,"lanes":4,"osm_ways":81},"geometry":{"type":"LineString","coordinates":[[-77.056331,-12.031224],[-77.056075,-12.03151],[-77.055718,-12.031859],[-77.055674,-12.031902],[-77.055555,-12.03201],[-77.055418,-12.032127],[-77.055275,-12.032251],[-77.055092,-12.032401],[-77.054853,-12.03258],[-77.054485,-12.032828],[-77.054207,-12.033008],[-77.053358,-12.033483],[-77.053323,-12.033503],[-77.05292,-12.033678],[-77.052551,-12.033839],[-77.051819,-12.034133],[-77.051087,-12.034426],[-77.05092,-12.034494],[-77.050797,-12.034543],[-77.05025,-12.034761],[-77.049921,-12.034887],[-77.049267,-12.035146],[-77.049093,-12.035214],[-77.048508,-12.035403],[-77.048355,-12.035443],[-77.048233,-12.035475],[-77.047663,-12.035627],[-77.047107,-12.035778],[-77.046811,-12.035851],[-77.046531,-12.035907],[-77.04624,-12.035967],[-77.045764,-12.036051],[-77.045405,-12.036112],[-77.045132,-12.036162],[-77.0449,-12.036219],[-77.044448,-12.036344],[-77.043673,-12.036569],[-77.04362,-12.036585],[-77.042897,-12.036804],[-77.042174,-12.037023],[-77.04153,-12.037217],[-77.041318,-12.037284],[-77.040932,-12.037406],[-77.040594,-12.037493],[-77.039883,-12.037708],[-77.039171,-12.037924],[-77.038715,-12.038049],[-77.038532,-12.038112],[-77.038332,-12.038191],[-77.038059,-12.038319],[-77.037939,-12.038381],[-77.03786,-12.038425],[-77.037651,-12.038557],[-77.037292,-12.038813],[-77.037254,-12.038847],[-77.03678,-12.039275],[-77.03627,-12.039737],[-77.03607,-12.039895],[-77.035911,-12.040014],[-77.035719,-12.040132],[-77.03555,-12.040233],[-77.035293,-12.040365],[-77.035094,-12.040458],[-77.034363,-12.040734],[-77.033631,-12.041011],[-77.033604,-12.041025],[-77.033486,-12.041087],[-77.033249,-12.041222],[-77.033183,-12.041264],[-77.032871,-12.041458],[-77.032478,-12.041704],[-77.032419,-12.041735],[-77.032131,-12.041881],[-77.031256,-12.042282],[-77.03038,-12.042684],[-77.030018,-12.042824],[-77.029476,-12.043019],[-77.029172,-12.043102],[-77.028911,-12.043152],[-77.028616,-12.043183],[-77.028066,-12.043211],[-77.027293,-12.043227],[-77.026559,-12.04326],[-77.025535,-12.043288],[-77.02451,-12.043317],[-77.024162,-12.043323],[-77.023935,-12.043316],[-77.02368,-12.043288],[-77.023331,-12.04324],[-77.023176,-12.043211],[-77.022868,-12.043149],[-77.02245,-12.043047],[-77.021853,-12.04288],[-77.021665,-12.042801],[-77.021453,-12.042715],[-77.020912,-12.042458],[-77.020371,-12.042202],[-77.01958,-12.041836],[-77.018945,-12.041557],[-77.018897,-12.041536],[-77.018241,-12.04123],[-77.017741,-12.040952],[-77.017241,-12.040674],[-77.016828,-12.040442],[-77.016413,-12.040196],[-77.016344,-12.040156],[-77.015936,-12.039884],[-77.015717,-12.039738],[-77.015306,-12.039433],[-77.014988,-12.039191],[-77.014397,-12.038695],[-77.013805,-12.038199],[-77.013606,-12.038037],[-77.012897,-12.037431],[-77.012188,-12.036825],[-77.012001,-12.036668],[-77.011557,-12.03628],[-77.011329,-12.036086],[-77.010912,-12.035732],[-77.010455,-12.035343],[-77.010108,-12.03507],[-77.009724,-12.034763],[-77.009487,-12.034575],[-77.009033,-12.03426],[-77.008568,-12.03393],[-77.00811,-12.033637],[-77.007484,-12.033253],[-77.00701,-12.032972],[-77.006926,-12.032925],[-77.006857,-12.032886],[-77.006658,-12.032775],[-77.006362,-12.032608],[-77.005796,-12.032316],[-77.00523,-12.032024],[-77.00509,-12.031952],[-77.004382,-12.031633],[-77.003514,-12.031296],[-77.002509,-12.030925],[-77.001503,-12.030555],[-77.000497,-12.030184],[-76.999922,-12.029956],[-76.999348,-12.029728],[-76.998709,-12.029495],[-76.998427,-12.029393],[-76.998105,-12.029286],[-76.997778,-12.029202],[-76.997451,-12.029156],[-76.997274,-12.029147],[-76.997119,-12.029146],[-76.996744,-12.02917],[-76.996446,-12.029215],[-76.996204,-12.02927],[-76.995959,-12.029347],[-76.995735,-12.029431],[-76.995495,-12.029528],[-76.994946,-12.029807],[-76.994037,-12.030318],[-76.993798,-12.030459],[-76.993167,-12.030862],[-76.992929,-12.031034],[-76.992625,-12.031267],[-76.992337,-12.031505],[-76.991781,-12.032047],[-76.991328,-12.032532],[-76.991096,-12.032779],[-76.990702,-12.033245],[-76.990484,-12.033524],[-76.990315,-12.033743],[-76.990101,-12.034058],[-76.989915,-12.034355],[-76.989749,-12.034651],[-76.989585,-12.034994],[-76.989412,-12.035381],[-76.989275,-12.035746],[-76.989038,-12.036508],[-76.988968,-12.036778],[-76.988753,-12.037605],[-76.988539,-12.038431],[-76.988324,-12.039257],[-76.988257,-12.039477],[-76.988159,-12.039754],[-76.988008,-12.040122],[-76.987867,-12.040441],[-76.987777,-12.040634],[-76.987683,-12.040824],[-76.987584,-12.041013],[-76.987474,-12.041211],[-76.98736,-12.041407],[-76.987241,-12.041601],[-76.987077,-12.041838],[-76.986873,-12.042129],[-76.986651,-12.042441],[-76.986406,-12.042718],[-76.986313,-12.042815],[-76.986078,-12.043063],[-76.985743,-12.043381],[-76.985187,-12.043873],[-76.984631,-12.044366],[-76.9842,-12.044752],[-76.984046,-12.044886],[-76.983599,-12.045276],[-76.983152,-12.045666],[-76.982772,-12.045998],[-76.982551,-12.046195],[-76.982458,-12.046278],[-76.981653,-12.04699],[-76.980848,-12.047703],[-76.980062,-12.048399],[-76.979276,-12.049096],[-76.978491,-12.049792],[-76.977705,-12.050488],[-76.977266,-12.050897],[-76.976864,-12.051347],[-76.976558,-12.051744],[-76.976379,-12.052005],[-76.976189,-12.052316],[-76.976002,-12.052657],[-76.975819,-12.053019],[-76.975555,-12.053618],[-76.975155,-12.054579],[-76.974991,-12.054973],[-76.974904,-12.05518],[-76.974516,-12.056045],[-76.974473,-12.056134],[-76.974126,-12.056968],[-76.973903,-12.057469],[-76.973694,-12.057955],[-76.973616,-12.058145],[-76.973371,-12.058714],[-76.973333,-12.058797],[-76.973291,-12.058866],[-76.973212,-12.058996],[-76.97315,-12.059109],[-76.972921,-12.059624],[-76.972691,-12.06014],[-76.972353,-12.060911],[-76.972015,-12.061682],[-76.971874,-12.062062],[-76.97171,-12.062543],[-76.971617,-12.062916],[-76.97153,-12.063338],[-76.97148,-12.0637],[-76.971463,-12.063858],[-76.971437,-12.064091],[-76.971424,-12.064556],[-76.97143,-12.065101],[-76.971453,-12.065434],[-76.971482,-12.06571],[-76.971544,-12.066092],[-76.971563,-12.066165],[-76.971732,-12.066858],[-76.971816,-12.067075],[-76.971934,-12.067418],[-76.971947,-12.067512],[-76.972067,-12.067842],[-76.97216,-12.0681],[-76.972198,-12.068185],[-76.972261,-12.068343],[-76.972286,-12.068435],[-76.972394,-12.068792],[-76.972426,-12.06892],[-76.972442,-12.068972],[-76.972485,-12.069184],[-76.972543,-12.069373],[-76.972665,-12.069679],[-76.97281,-12.070081],[-76.972932,-12.070453],[-76.973216,-12.071156],[-76.973567,-12.07201],[-76.973635,-12.072173],[-76.973888,-12.072784],[-76.97394,-12.072906],[-76.973984,-12.073011],[-76.973995,-12.073037],[-76.974113,-12.073321],[-76.97447,-12.07418],[-76.974827,-12.075039],[-76.975193,-12.075921],[-76.975302,-12.076195],[-76.975343,-12.076294],[-76.975593,-12.076937],[-76.975735,-12.077288],[-76.975924,-12.077738],[-76.97601,-12.077941],[-76.976109,-12.078157],[-76.976213,-12.078371],[-76.97632,-12.078578],[-76.976432,-12.078782],[-76.976567,-12.079013],[-76.976708,-12.07924],[-76.97685,-12.079455],[-76.976998,-12.079665],[-76.977133,-12.079845],[-76.977272,-12.080022],[-76.977417,-12.080194],[-76.977598,-12.080401],[-76.977785,-12.080603],[-76.977966,-12.080788],[-76.978151,-12.080969],[-76.978735,-12.081519],[-76.979245,-12.081997],[-76.979709,-12.082432],[-76.980138,-12.082819],[-76.980568,-12.083206],[-76.980751,-12.083378],[-76.98127,-12.083905],[-76.981789,-12.084431],[-76.98187,-12.08451],[-76.981865,-12.084705]]}},{"type":"Feature","properties":{"id":"ramiro_priale","name":"Autopista Ramiro Prialé","class":"expressway","maxspeed_kmh":60,"lanes":2,"osm_ways":19},"geometry":{"type":"LineString","coordinates":[[-76.988072,-12.031719],[-76.987905,-12.03185],[-76.987387,-12.031707],[-76.986733,-12.031526],[-76.98608,-12.031346],[-76.985106,-12.031081],[-76.984133,-12.030816],[-76.983596,-12.030686],[-76.98263,-12.030407],[-76.981862,-12.030202],[-76.981009,-12.02994],[-76.980759,-12.029878],[-76.980177,-12.029735],[-76.979364,-12.029483],[-76.978748,-12.029323],[-76.978132,-12.029163],[-76.977423,-12.028972],[-76.976713,-12.02878],[-76.976003,-12.028589],[-76.975229,-12.028379],[-76.974455,-12.028169],[-76.973681,-12.027959],[-76.972902,-12.027685],[-76.972122,-12.027412],[-76.971342,-12.027138],[-76.970562,-12.026864],[-76.969585,-12.026514],[-76.968608,-12.026164],[-76.968608,-12.026164],[-76.968003,-12.025929],[-76.967479,-12.025727],[-76.966714,-12.025461],[-76.965788,-12.025131],[-76.964861,-12.024801],[-76.963935,-12.024471],[-76.963009,-12.024141],[-76.962082,-12.023811],[-76.961192,-12.023494],[-76.960302,-12.023177],[-76.959412,-12.022859],[-76.958466,-12.02252],[-76.95752,-12.02218],[-76.956574,-12.021841],[-76.955603,-12.021492],[-76.954632,-12.021144],[-76.953661,-12.020795],[-76.952627,-12.020491],[-76.952257,-12.020397],[-76.951263,-12.020151],[-76.950474,-12.020031],[-76.949684,-12.01991],[-76.948648,-12.019805],[-76.948491,-12.019793],[-76.947871,-12.019781],[-76.947212,-12.019772],[-76.946938,-12.019767],[-76.946054,-12.019779],[-76.945171,-12.01979],[-76.944146,-12.019809],[-76.943546,-12.01982],[-76.942732,-12.019835],[-76.941952,-12.019892],[-76.94122,-12.019972],[-76.940171,-12.020118],[-76.939123,-12.020264],[-76.938075,-12.02041],[-76.937027,-12.020555],[-76.935979,-12.020701],[-76.934931,-12.020847],[-76.933883,-12.020993],[-76.93376,-12.021005],[-76.933537,-12.021027],[-76.932734,-12.021108],[-76.931931,-12.021189],[-76.931128,-12.02127],[-76.930326,-12.021298],[-76.929525,-12.021326],[-76.928724,-12.021354],[-76.928082,-12.021349],[-76.92744,-12.021345],[-76.926674,-12.021339],[-76.926347,-12.021337],[-76.925278,-12.021282],[-76.924373,-12.021237],[-76.923655,-12.021174],[-76.922938,-12.021112],[-76.922383,-12.021039],[-76.921669,-12.020926],[-76.920987,-12.020813],[-76.919955,-12.020651],[-76.918922,-12.020489],[-76.917958,-12.020256],[-76.916993,-12.020023],[-76.916028,-12.01979],[-76.915177,-12.019541],[-76.914326,-12.019292],[-76.913488,-12.019021],[-76.91265,-12.018751],[-76.91185,-12.018466],[-76.911712,-12.018411],[-76.911669,-12.018393],[-76.910955,-12.018104],[-76.910206,-12.01779],[-76.909606,-12.017534],[-76.909006,-12.017278],[-76.908425,-12.017006],[-76.907845,-12.016735],[-76.907346,-12.016493],[-76.906836,-12.016236],[-76.906026,-12.015795],[-76.905419,-12.015475],[-76.90474,-12.015114],[-76.904147,-12.014849],[-76.903314,-12.014451],[-76.902689,-12.014173],[-76.902233,-12.013977],[-76.902162,-12.013947],[-76.90196,-12.013864],[-76.901825,-12.01383],[-76.901697,-12.013818],[-76.901575,-12.013824],[-76.901454,-12.013848],[-76.900593,-12.013368],[-76.899732,-12.012889],[-76.898871,-12.012409],[-76.89801,-12.011929],[-76.897344,-12.01183],[-76.896678,-12.01173],[-76.896224,-12.011692],[-76.895481,-12.01167],[-76.895344,-12.011487],[-76.895017,-12.011477],[-76.89401,-12.011439],[-76.893003,-12.011401],[-76.891996,-12.011363],[-76.891579,-12.011331],[-76.890849,-12.01125],[-76.889965,-12.011105],[-76.889557,-12.011022],[-76.889019,-12.010897],[-76.888375,-12.010716],[-76.887911,-12.010579],[-76.887148,-12.01031],[-76.886519,-12.01006],[-76.885569,-12.009657],[-76.884912,-12.009363],[-76.884255,-12.00907],[-76.883372,-12.008686],[-76.882905,-12.008502],[-76.882434,-12.008358],[-76.881887,-12.008209],[-76.881264,-12.008073],[-76.880263,-12.007931],[-76.879263,-12.007788],[-76.878865,-12.007725],[-76.878321,-12.007625],[-76.877561,-12.007445],[-76.8768,-12.007265],[-76.87604,-12.007085],[-76.875179,-12.006915],[-76.874319,-12.006746],[-76.874225,-12.006731],[-76.873506,-12.006608],[-76.872786,-12.006486],[-76.872086,-12.006391],[-76.871385,-12.006295],[-76.870777,-12.006228],[-76.87017,-12.006162],[-76.869662,-12.006119],[-76.868892,-12.006062],[-76.868123,-12.006006],[-76.867354,-12.005949],[-76.866462,-12.0059],[-76.866372,-12.005896],[-76.865403,-12.005815],[-76.864807,-12.005757],[-76.864211,-12.0057],[-76.8634,-12.005633],[-76.862588,-12.005566],[-76.861492,-12.005459],[-76.860396,-12.005352],[-76.859581,-12.005241],[-76.858891,-12.005121],[-76.8582,-12.005001],[-76.857599,-12.004903],[-76.856997,-12.004804],[-76.856122,-12.004672],[-76.855247,-12.004541],[-76.854389,-12.004406],[-76.85353,-12.004271],[-76.852782,-12.004171],[-76.851976,-12.004025],[-76.851109,-12.003819],[-76.850148,-12.003545],[-76.849446,-12.00329],[-76.848923,-12.003078],[-76.8484,-12.002866],[-76.847437,-12.002412],[-76.846474,-12.001958],[-76.846408,-12.001928],[-76.845418,-12.001484],[-76.844794,-12.001202],[-76.84417,-12.00092],[-76.843357,-12.000431],[-76.842759,-11.999951],[-76.842332,-11.99954],[-76.842045,-11.999201],[-76.841901,-11.999012],[-76.841741,-11.998759],[-76.841366,-11.998036],[-76.841067,-11.997113],[-76.840768,-11.996191],[-76.840533,-11.99555],[-76.840297,-11.994909],[-76.840186,-11.994551],[-76.840025,-11.994205],[-76.839857,-11.993947],[-76.839585,-11.993624],[-76.839114,-11.993257],[-76.838607,-11.992901],[-76.838492,-11.992781],[-76.838268,-11.992435],[-76.838182,-11.992243],[-76.838102,-11.992055],[-76.837955,-11.991775],[-76.837711,-11.991263],[-76.837424,-11.990898],[-76.837273,-11.990755],[-76.837045,-11.990571],[-76.836653,-11.990262],[-76.836188,-11.98991],[-76.835663,-11.98955],[-76.835604,-11.989507],[-76.835547,-11.989465],[-76.835325,-11.989358],[-76.834444,-11.988944],[-76.833654,-11.98856],[-76.833474,-11.988475],[-76.832904,-11.9882],[-76.832333,-11.987926],[-76.831684,-11.987624],[-76.831035,-11.987323],[-76.83027,-11.986963],[-76.829505,-11.986603],[-76.828863,-11.986311],[-76.828221,-11.986019],[-76.827402,-11.985633],[-76.826421,-11.985223],[-76.825615,-11.984857],[-76.825019,-11.984637],[-76.824423,-11.984416],[-76.823916,-11.984237],[-76.823229,-11.984025],[-76.822492,-11.983848],[-76.821714,-11.983673],[-76.821311,-11.983548],[-76.821072,-11.983457],[-76.821025,-11.983433],[-76.820537,-11.983203],[-76.820021,-11.983013],[-76.819504,-11.982822],[-76.818749,-11.982559],[-76.81843,-11.982456],[-76.817651,-11.982247],[-76.816872,-11.982037],[-76.816283,-11.981892],[-76.815695,-11.981747],[-76.81498,-11.98161],[-76.814266,-11.981474],[-76.81338,-11.981355],[-76.812495,-11.981236],[-76.812299,-11.981209],[-76.812072,-11.981178],[-76.811055,-11.981039],[-76.810214,-11.980934],[-76.809372,-11.980828],[-76.808636,-11.980691],[-76.807794,-11.980487],[-76.806996,-11.980263],[-76.8062,-11.980003],[-76.805403,-11.979744],[-76.805026,-11.979617],[-76.804691,-11.979504],[-76.803985,-11.979266],[-76.80328,-11.979028],[-76.802874,-11.978891],[-76.802195,-11.978674],[-76.801517,-11.978458],[-76.80084,-11.978246],[-76.800164,-11.978035],[-76.799464,-11.977835],[-76.798764,-11.977635],[-76.798373,-11.977539],[-76.797681,-11.977399],[-76.796989,-11.977258],[-76.796268,-11.977156],[-76.795359,-11.977049],[-76.794326,-11.976967],[-76.793482,-11.976933],[-76.792637,-11.976899],[-76.791793,-11.976865],[-76.790948,-11.976831],[-76.790202,-11.976796],[-76.789456,-11.976762],[-76.788773,-11.976726],[-76.788089,-11.97669],[-76.787527,-11.976664],[-76.78734,-11.976658],[-76.787254,-11.97665],[-76.78717,-11.976633],[-76.787088,-11.976608],[-76.787008,-11.976575],[-76.786916,-11.976529],[-76.78682,-11.976491],[-76.786722,-11.976459],[-76.786627,-11.976435],[-76.786531,-11.976418],[-76.786434,-11.976407],[-76.78608,-11.976396]]}},{"type":"Feature","properties":{"id":"circuito_de_playas","name":"Circuito de Playas / Costa Verde","class":"expressway","maxspeed_kmh":80,"lanes":3,"osm_ways":64},"geometry":{"type":"LineString","coordinates":[[-77.151679,-12.066772],[-77.150733,-12.066898],[-77.149786,-12.067025],[-77.149235,-12.067097],[-77.148253,-12.067208],[-77.14727,-12.067319],[-77.146717,-12.067369],[-77.146163,-12.067419],[-77.146123,-12.067422],[-77.145261,-12.06749],[-77.144325,-12.067564],[-77.143409,-12.067671],[-77.142493,-12.067777],[-77.141934,-12.067871],[-77.141375,-12.067965],[-77.140682,-12.06811],[-77.139787,-12.06831],[-77.138892,-12.068509],[-77.138278,-12.068655],[-77.137664,-12.068801],[-77.137053,-12.068959],[-77.136441,-12.069118],[-77.135888,-12.069276],[-77.135334,-12.069435],[-77.134464,-12.069708],[-77.133594,-12.069982],[-77.132689,-12.070296],[-77.131784,-12.07061],[-77.131338,-12.070778],[-77.130689,-12.071033],[-77.13004,-12.071288],[-77.129187,-12.071643],[-77.128335,-12.071998],[-77.127519,-12.072336],[-77.126653,-12.072708],[-77.12614,-12.072939],[-77.125526,-12.07322],[-77.124912,-12.073502],[-77.124607,-12.073635],[-77.124066,-12.07385],[-77.123637,-12.073995],[-77.123234,-12.074149],[-77.122689,-12.074395],[-77.122145,-12.074641],[-77.12153,-12.074936],[-77.120701,-12.075264],[-77.119711,-12.075642],[-77.119183,-12.075861],[-77.119005,-12.075941],[-77.118829,-12.076011],[-77.118096,-12.076343],[-77.117746,-12.0765],[-77.116805,-12.076916],[-77.115972,-12.077286],[-77.11547,-12.077509],[-77.115196,-12.077601],[-77.114938,-12.077701],[-77.114651,-12.077827],[-77.114422,-12.077952],[-77.114171,-12.07813],[-77.114075,-12.078198],[-77.113426,-12.07854],[-77.112806,-12.078839],[-77.112753,-12.078862],[-77.112713,-12.079033],[-77.112176,-12.07925],[-77.111639,-12.079466],[-77.111097,-12.079671],[-77.110742,-12.07983],[-77.110132,-12.080187],[-77.109618,-12.08051],[-77.109104,-12.080833],[-77.108347,-12.081313],[-77.107741,-12.081723],[-77.107135,-12.082132],[-77.106422,-12.082566],[-77.105854,-12.082924],[-77.105292,-12.083276],[-77.104808,-12.083576],[-77.104126,-12.083977],[-77.103289,-12.084389],[-77.102641,-12.084638],[-77.101664,-12.084965],[-77.100688,-12.085293],[-77.099735,-12.085609],[-77.098783,-12.085925],[-77.098448,-12.086056],[-77.098168,-12.086177],[-77.097886,-12.086307],[-77.09745,-12.086526],[-77.096881,-12.086848],[-77.096088,-12.087313],[-77.095296,-12.087778],[-77.094887,-12.088005],[-77.094625,-12.088146],[-77.094415,-12.088251],[-77.094117,-12.08839],[-77.093472,-12.088653],[-77.093173,-12.088763],[-77.09301,-12.088819],[-77.092546,-12.088992],[-77.091724,-12.08928],[-77.090943,-12.089554],[-77.090162,-12.089828],[-77.089381,-12.090102],[-77.0886,-12.090377],[-77.088381,-12.090455],[-77.088089,-12.09057],[-77.087953,-12.090627],[-77.087552,-12.090844],[-77.087342,-12.090959],[-77.086873,-12.091264],[-77.086474,-12.091496],[-77.086267,-12.091609],[-77.086049,-12.091702],[-77.085772,-12.091805],[-77.085392,-12.091921],[-77.085186,-12.091984],[-77.085048,-12.092016],[-77.084094,-12.092231],[-77.083773,-12.092309],[-77.083609,-12.092368],[-77.083021,-12.092656],[-77.082434,-12.092945],[-77.081874,-12.093223],[-77.081571,-12.093378],[-77.08134,-12.09351],[-77.080985,-12.093737],[-77.080532,-12.094067],[-77.080309,-12.09422],[-77.080208,-12.094284],[-77.080087,-12.094346],[-77.07995,-12.094414],[-77.079751,-12.094521],[-77.079288,-12.094728],[-77.078573,-12.095066],[-77.077707,-12.095496],[-77.077623,-12.095538],[-77.077224,-12.095732],[-77.076558,-12.096062],[-77.07604,-12.096322],[-77.075521,-12.096583],[-77.075183,-12.096755],[-77.074568,-12.097037],[-77.073952,-12.097319],[-77.073746,-12.097422],[-77.073358,-12.097666],[-77.073307,-12.097703],[-77.073133,-12.097823],[-77.072827,-12.098014],[-77.072534,-12.098242],[-77.07241,-12.098353],[-77.072343,-12.098415],[-77.072267,-12.098493],[-77.072153,-12.098613],[-77.072008,-12.098779],[-77.071753,-12.099065],[-77.071478,-12.099315],[-77.071209,-12.099516],[-77.070971,-12.099675],[-77.070617,-12.099891],[-77.070328,-12.100045],[-77.070012,-12.100198],[-77.069506,-12.100444],[-77.068931,-12.100704],[-77.068356,-12.100964],[-77.068161,-12.10106],[-77.068073,-12.1011],[-77.067759,-12.101239],[-77.067437,-12.101392],[-77.067143,-12.101529],[-77.066795,-12.1017],[-77.066223,-12.10199],[-77.065906,-12.102179],[-77.065755,-12.102281],[-77.065305,-12.10259],[-77.06517,-12.102683],[-77.064963,-12.102829],[-77.064911,-12.102862],[-77.064748,-12.102999],[-77.064581,-12.103164],[-77.064427,-12.103339],[-77.064214,-12.103595],[-77.063892,-12.10395],[-77.063741,-12.104102],[-77.063582,-12.104236],[-77.063428,-12.104352],[-77.062578,-12.104955],[-77.061729,-12.105557],[-77.061573,-12.105663],[-77.061426,-12.105773],[-77.061282,-12.105893],[-77.061162,-12.106005],[-77.061063,-12.106112],[-77.060967,-12.106232],[-77.06085,-12.106412],[-77.060625,-12.1068],[-77.060537,-12.106946],[-77.060457,-12.107051],[-77.060363,-12.107141],[-77.060248,-12.107225],[-77.06012,-12.107307],[-77.059895,-12.107431],[-77.059642,-12.1076],[-77.059282,-12.10785],[-77.058571,-12.108364],[-77.058335,-12.108536],[-77.058179,-12.108637],[-77.058037,-12.108717],[-77.057629,-12.108933],[-77.057439,-12.109027],[-77.057044,-12.109234],[-77.056711,-12.10939],[-77.056559,-12.109471],[-77.056431,-12.109552],[-77.056259,-12.109673],[-77.056097,-12.109813],[-77.055953,-12.109974],[-77.055718,-12.110283],[-77.055632,-12.110406],[-77.05554,-12.11053],[-77.055386,-12.110723],[-77.055252,-12.110864],[-77.05513,-12.110971],[-77.055004,-12.111059],[-77.054915,-12.111105],[-77.054811,-12.11115],[-77.054663,-12.111193],[-77.054516,-12.111227],[-77.053976,-12.11137],[-77.053784,-12.111432],[-77.053649,-12.111496],[-77.053565,-12.111545],[-77.052831,-12.112053],[-77.052138,-12.112516],[-77.051697,-12.112799],[-77.051601,-12.112866],[-77.051465,-12.112976],[-77.051311,-12.11313],[-77.051197,-12.113262],[-77.051024,-12.113468],[-77.050906,-12.113629],[-77.05082,-12.113773],[-77.05068,-12.114054],[-77.05064,-12.114155],[-77.050616,-12.114216],[-77.050556,-12.114434],[-77.050552,-12.114456],[-77.050453,-12.114936],[-77.050426,-12.115067],[-77.050342,-12.115296],[-77.050268,-12.11546],[-77.050173,-12.115702],[-77.050043,-12.116024],[-77.049988,-12.116159],[-77.049971,-12.116203],[-77.049904,-12.116339],[-77.049827,-12.116478],[-77.049776,-12.11656],[-77.049708,-12.116652],[-77.049579,-12.116803],[-77.049441,-12.116942],[-77.049266,-12.117102],[-77.049149,-12.117207],[-77.049005,-12.117335],[-77.04886,-12.117449],[-77.048753,-12.117533],[-77.04862,-12.117621],[-77.048484,-12.117695],[-77.048336,-12.117761],[-77.048122,-12.117857],[-77.047672,-12.118048],[-77.047229,-12.118261],[-77.047089,-12.118341],[-77.046956,-12.118433],[-77.046745,-12.118588],[-77.046567,-12.118723],[-77.046405,-12.118856],[-77.046212,-12.119032],[-77.046056,-12.119183],[-77.045932,-12.119321],[-77.045851,-12.119428],[-77.045785,-12.119522],[-77.045678,-12.119689],[-77.045608,-12.119813],[-77.045536,-12.119975],[-77.045484,-12.120108],[-77.045449,-12.120222],[-77.045425,-12.120343],[-77.045391,-12.120492],[-77.045298,-12.120804],[-77.045258,-12.120926],[-77.045185,-12.121098],[-77.045094,-12.121283],[-77.044993,-12.121449],[-77.044908,-12.121571],[-77.044842,-12.121664],[-77.044748,-12.121764],[-77.044337,-12.122118],[-77.044002,-12.122395],[-77.043659,-12.122657],[-77.043446,-12.122789],[-77.043254,-12.122872],[-77.042773,-12.123056],[-77.042415,-12.123233],[-77.042018,-12.123477],[-77.041737,-12.123667],[-77.041502,-12.123816],[-77.041395,-12.123886],[-77.041106,-12.124039],[-77.040906,-12.124127],[-77.04064,-12.124232],[-77.040343,-12.124353],[-77.040122,-12.124477],[-77.039936,-12.124614],[-77.039745,-12.124763],[-77.039582,-12.124893],[-77.039252,-12.1252],[-77.039016,-12.125451],[-77.038766,-12.125763],[-77.038447,-12.126204],[-77.03835,-12.126352],[-77.038044,-12.126805],[-77.037842,-12.127079],[-77.037592,-12.127388],[-77.037141,-12.127985],[-77.036843,-12.128379],[-77.036673,-12.128594],[-77.03629,-12.129078],[-77.036152,-12.129244],[-77.036046,-12.12938],[-77.035856,-12.129619],[-77.035598,-12.129917],[-77.035497,-12.130024],[-77.035337,-12.130205],[-77.035237,-12.130294],[-77.03509,-12.130412],[-77.034894,-12.130552],[-77.03456,-12.130783],[-77.034462,-12.130854],[-77.034232,-12.131021],[-77.034048,-12.131143],[-77.033978,-12.131186],[-77.033903,-12.13123],[-77.033834,-12.13126],[-77.033758,-12.131283],[-77.033701,-12.131294],[-77.033678,-12.131299],[-77.03362,-12.13131],[-77.033414,-12.131351],[-77.033225,-12.131396],[-77.033143,-12.131419],[-77.033052,-12.131453],[-77.032959,-12.131498],[-77.03287,-12.13155],[-77.032634,-12.131705],[-77.032397,-12.131843],[-77.032191,-12.131974],[-77.032024,-12.132075],[-77.031756,-12.132252],[-77.031626,-12.132339],[-77.031531,-12.132399],[-77.0314,-12.132482],[-77.031186,-12.13262],[-77.031069,-12.1327],[-77.030961,-12.132785],[-77.030831,-12.132905],[-77.030603,-12.133147],[-77.030531,-12.133225],[-77.030312,-12.133478],[-77.030142,-12.133715],[-77.029984,-12.133961],[-77.029881,-12.134138],[-77.029798,-12.134289],[-77.029703,-12.134473],[-77.029649,-12.134575],[-77.029571,-12.134724],[-77.029424,-12.135005],[-77.029287,-12.135279],[-77.029152,-12.135565],[-77.029043,-12.135931],[-77.028965,-12.136219],[-77.028859,-12.136553],[-77.028779,-12.136796],[-77.028712,-12.136962],[-77.028618,-12.137187],[-77.028458,-12.137621],[-77.028412,-12.137747],[-77.028317,-12.138139],[-77.028275,-12.138557],[-77.02827,-12.138902],[-77.028266,-12.139142],[-77.028248,-12.139507],[-77.028238,-12.139562],[-77.028217,-12.139679],[-77.0282,-12.139745],[-77.028141,-12.139963],[-77.028091,-12.140061],[-77.02798,-12.140275],[-77.027934,-12.14034],[-77.027811,-12.140502],[-77.027713,-12.14063],[-77.027545,-12.140851],[-77.027216,-12.141281],[-77.027165,-12.141345],[-77.027001,-12.141554],[-77.026912,-12.141668],[-77.026627,-12.141985],[-77.026425,-12.142346],[-77.026329,-12.142553],[-77.026233,-12.142848],[-77.026188,-12.143019],[-77.026113,-12.143221],[-77.026047,-12.143375],[-77.026031,-12.143405],[-77.02596,-12.143547],[-77.02582,-12.143804],[-77.025741,-12.14395],[-77.02565,-12.144139],[-77.025579,-12.14429],[-77.025532,-12.144426],[-77.025514,-12.144509],[-77.025502,-12.144575],[-77.025491,-12.144717],[-77.025496,-12.144777],[-77.0255,-12.144836],[-77.025514,-12.145021],[-77.02554,-12.145207],[-77.02556,-12.145318],[-77.025565,-12.14538],[-77.025568,-12.145523],[-77.025567,-12.14556],[-77.025552,-12.14569],[-77.025545,-12.145763],[-77.025505,-12.145907],[-77.025483,-12.14598],[-77.025411,-12.146133],[-77.025376,-12.146202],[-77.025217,-12.146513],[-77.025171,-12.146601],[-77.025087,-12.146825],[-77.024997,-12.147092],[-77.024919,-12.14732],[-77.02476,-12.147902],[-77.024616,-12.148444],[-77.024495,-12.148922],[-77.024455,-12.149249],[-77.024455,-12.149541],[-77.024485,-12.149864],[-77.024567,-12.150407],[-77.024649,-12.150922],[-77.024711,-12.151348],[-77.024716,-12.151469],[-77.024715,-12.151607],[-77.024692,-12.151781],[-77.024677,-12.151878],[-77.024602,-12.152144],[-77.024574,-12.152245],[-77.024548,-12.152343],[-77.02452,-12.152536],[-77.024507,-12.152662],[-77.024514,-12.152824],[-77.024519,-12.152923],[-77.024554,-12.15314],[-77.024625,-12.153391],[-77.024794,-12.153932],[-77.024875,-12.154219],[-77.024935,-12.154441],[-77.024986,-12.154664],[-77.025042,-12.154921],[-77.02508,-12.155139],[-77.025108,-12.155326],[-77.025122,-12.155445],[-77.025134,-12.15561],[-77.025153,-12.155849],[-77.025157,-12.156068],[-77.025156,-12.156232],[-77.025136,-12.156739],[-77.025111,-12.157162],[-77.025103,-12.15743],[-77.025107,-12.157668],[-77.025126,-12.157836],[-77.025153,-12.158004],[-77.025261,-12.158559],[-77.025369,-12.159114],[-77.02548,-12.159667],[-77.025592,-12.16022],[-77.025649,-12.160638],[-77.025671,-12.160766],[-77.025722,-12.161055],[-77.025862,-12.161793],[-77.025965,-12.162377],[-77.02614,-12.163298],[-77.026189,-12.163569],[-77.026202,-12.16364],[-77.026267,-12.163893],[-77.026364,-12.16417],[-77.026507,-12.164462],[-77.026663,-12.164704],[-77.026843,-12.164945],[-77.02703,-12.165154],[-77.02725,-12.165334],[-77.02749,-12.165484],[-77.02794,-12.165724],[-77.028534,-12.166288],[-77.028796,-12.166561],[-77.028927,-12.16667],[-77.029017,-12.166719],[-77.029212,-12.166792],[-77.029424,-12.166862],[-77.030011,-12.167005],[-77.030598,-12.167147],[-77.030733,-12.167181],[-77.031323,-12.16733],[-77.031521,-12.167368],[-77.031724,-12.167394],[-77.031957,-12.167394],[-77.032191,-12.16737],[-77.032607,-12.167307],[-77.033014,-12.167235],[-77.033115,-12.167223],[-77.033502,-12.167176]]}},{"type":"Feature","properties":{"id":"linea_amarilla","name":"Vía Expresa Línea Amarilla","class":"expressway","maxspeed_kmh":80,"lanes":2,"osm_ways":22},"geometry":{"type":"LineString","coordinates":[[-77.081509,-12.036666],[-77.081166,-12.036569],[-77.080928,-12.036509],[-77.080685,-12.036457],[-77.079819,-12.036289],[-77.078954,-12.036122],[-77.078089,-12.035955],[-77.077187,-12.035763],[-77.076275,-12.03559],[-77.075362,-12.035416],[-77.074485,-12.035253],[-77.073894,-12.035145],[-77.073302,-12.035037],[-77.072744,-12.034946],[-77.072146,-12.034879],[-77.071459,-12.034845],[-77.071217,-12.034839],[-77.070965,-12.034835],[-77.070759,-12.034835],[-77.07024,-12.034848],[-77.069758,-12.034893],[-77.069506,-12.034916],[-77.069013,-12.034974],[-77.068246,-12.035067],[-77.067478,-12.03516],[-77.06671,-12.035254],[-77.066342,-12.035299],[-77.065685,-12.035366],[-77.064929,-12.035436],[-77.064173,-12.035507],[-77.063789,-12.035545],[-77.063265,-12.035597],[-77.062512,-12.035671],[-77.062358,-12.035608],[-77.061559,-12.035704],[-77.061222,-12.035756],[-77.060915,-12.035811],[-77.060726,-12.035851],[-77.060123,-12.035991],[-77.059103,-12.036246],[-77.058438,-12.036414],[-77.057773,-12.036583],[-77.057211,-12.036684],[-77.056889,-12.036711],[-77.056536,-12.036716],[-77.056339,-12.036702],[-77.055385,-12.036633],[-77.055093,-12.036656],[-77.054768,-12.036718],[-77.054455,-12.036779],[-77.054128,-12.036854],[-77.053654,-12.036949],[-77.053319,-12.036993],[-77.053115,-12.037011],[-77.052913,-12.037014],[-77.052727,-12.036991],[-77.052546,-12.036956],[-77.0524,-12.036924],[-77.052245,-12.036874],[-77.051351,-12.036499],[-77.051032,-12.036353],[-77.050693,-12.036223],[-77.050502,-12.036169],[-77.050307,-12.036119],[-77.050012,-12.036079],[-77.049202,-12.036019],[-77.048392,-12.035959],[-77.047582,-12.035899],[-77.047302,-12.035908],[-77.046993,-12.035936],[-77.04682,-12.035961],[-77.04664,-12.035996],[-77.046395,-12.036053],[-77.046043,-12.036177],[-77.045843,-12.036264],[-77.045601,-12.036397],[-77.045121,-12.036682],[-77.044641,-12.036967],[-77.043773,-12.037515],[-77.043067,-12.037961],[-77.042615,-12.038215],[-77.04211,-12.038448],[-77.041986,-12.038487],[-77.04184,-12.038519],[-77.041245,-12.038591],[-77.040456,-12.038628],[-77.039966,-12.038668],[-77.03952,-12.038741],[-77.039249,-12.038796],[-77.038817,-12.038902],[-77.038193,-12.039097],[-77.037908,-12.039211],[-77.037565,-12.039361],[-77.036949,-12.039674],[-77.036736,-12.039784],[-77.036621,-12.039843],[-77.036334,-12.039991],[-77.035585,-12.040378],[-77.035103,-12.040651],[-77.034622,-12.040924],[-77.033862,-12.041313],[-77.033103,-12.041702],[-77.032521,-12.042005],[-77.031938,-12.042308],[-77.031149,-12.042647],[-77.030283,-12.043046],[-77.029885,-12.043193],[-77.029682,-12.043258],[-77.029381,-12.043304],[-77.029041,-12.043364],[-77.028316,-12.043387],[-77.027623,-12.043406],[-77.026931,-12.043424],[-77.026057,-12.043494],[-77.025184,-12.043565],[-77.024631,-12.043578],[-77.024078,-12.043591],[-77.023441,-12.04353],[-77.022805,-12.043469],[-77.022136,-12.043412],[-77.021468,-12.043356],[-77.020883,-12.043331],[-77.020524,-12.043326],[-77.020337,-12.043336],[-77.020285,-12.043339],[-77.020186,-12.043344],[-77.019732,-12.043408],[-77.019278,-12.043458],[-77.019106,-12.043463],[-77.018461,-12.043465],[-77.018248,-12.043456],[-77.018135,-12.043451],[-77.018022,-12.043441],[-77.017911,-12.043426],[-77.017783,-12.043402],[-77.017657,-12.043372],[-77.017533,-12.043336],[-77.01742,-12.043298],[-77.017309,-12.043255],[-77.0172,-12.043207],[-77.017107,-12.043163],[-77.017017,-12.043115],[-77.016928,-12.043063],[-77.016842,-12.043008],[-77.016759,-12.042948],[-77.01601,-12.042378],[-77.01526,-12.041807],[-77.01514,-12.041706],[-77.015024,-12.041599],[-77.014914,-12.041487],[-77.014811,-12.041374],[-77.014713,-12.041257],[-77.01462,-12.041136],[-77.01452,-12.040988],[-77.014427,-12.040836],[-77.014341,-12.04068],[-77.014284,-12.040564],[-77.01423,-12.040446],[-77.014182,-12.040327],[-77.014091,-12.040011],[-77.014011,-12.039656],[-77.013978,-12.03937],[-77.013849,-12.039187]]}},{"type":"Feature","properties":{"id":"javier_prado","name":"Av. Javier Prado","class":"arterial","maxspeed_kmh":60,"lanes":3,"osm_ways":94},"geometry":{"type":"LineString","coordinates":[[-77.065961,-12.089994],[-77.065972,-12.089982],[-77.06598,-12.089971],[-77.065986,-12.089956],[-77.065992,-12.089939],[-77.065996,-12.089916],[-77.065996,-12.089893],[-77.065995,-12.089864],[-77.06599,-12.089812],[-77.065969,-12.08981],[-77.065952,-12.089809],[-77.065932,-12.08981],[-77.065912,-12.089811],[-77.06589,-12.089815],[-77.065871,-12.08982],[-77.065852,-12.089829],[-77.065838,-12.089839],[-77.065778,-12.089886],[-77.065602,-12.090025],[-77.065286,-12.090276],[-77.06526,-12.090296],[-77.064747,-12.090703],[-77.064725,-12.09072],[-77.064204,-12.091133],[-77.06417,-12.09116],[-77.063949,-12.091335],[-77.063918,-12.09136],[-77.063539,-12.09166],[-77.063475,-12.09171],[-77.062983,-12.092137],[-77.06292,-12.092183],[-77.0627,-12.092358],[-77.062521,-12.092479],[-77.062334,-12.092589],[-77.062112,-12.092706],[-77.061975,-12.092773],[-77.061932,-12.09279],[-77.061732,-12.09287],[-77.06157,-12.092929],[-77.061355,-12.092999],[-77.061185,-12.093049],[-77.060986,-12.09309],[-77.060797,-12.093121],[-77.060726,-12.093132],[-77.060655,-12.093144],[-77.059787,-12.093289],[-77.059765,-12.093293],[-77.059682,-12.093307],[-77.059478,-12.093341],[-77.05944,-12.093347],[-77.059362,-12.09336],[-77.059231,-12.093382],[-77.05916,-12.093394],[-77.059129,-12.093399],[-77.058627,-12.093487],[-77.058196,-12.093563],[-77.058183,-12.093565],[-77.057921,-12.093611],[-77.057802,-12.09363],[-77.05772,-12.093643],[-77.057651,-12.093655],[-77.057545,-12.093676],[-77.057437,-12.093704],[-77.057192,-12.093769],[-77.057085,-12.093803],[-77.05699,-12.093832],[-77.056846,-12.093887],[-77.056286,-12.094171],[-77.056225,-12.094203],[-77.05615,-12.094241],[-77.055404,-12.094613],[-77.055331,-12.094649],[-77.055275,-12.094674],[-77.054908,-12.09486],[-77.05453,-12.095049],[-77.054509,-12.095059],[-77.054451,-12.095088],[-77.054418,-12.0951],[-77.054375,-12.095109],[-77.05434,-12.095113],[-77.0543,-12.095114],[-77.054253,-12.095113],[-77.054214,-12.095108],[-77.054124,-12.095096],[-77.054087,-12.09509],[-77.053351,-12.094985],[-77.052616,-12.09488],[-77.051873,-12.094774],[-77.051804,-12.094764],[-77.051735,-12.094754],[-77.051059,-12.094658],[-77.050955,-12.094644],[-77.050669,-12.094607],[-77.05053,-12.094593],[-77.050476,-12.094585],[-77.049632,-12.094469],[-77.049579,-12.094462],[-77.04944,-12.094443],[-77.049349,-12.09443],[-77.049103,-12.0944],[-77.048489,-12.094312],[-77.04843,-12.094304],[-77.048359,-12.094294],[-77.047838,-12.094222],[-77.047683,-12.094201],[-77.047404,-12.094163],[-77.047301,-12.094148],[-77.047224,-12.094138],[-77.047185,-12.094133],[-77.046914,-12.094096],[-77.046742,-12.094072],[-77.04626,-12.094007],[-77.046179,-12.093996],[-77.046063,-12.09398],[-77.045649,-12.093922],[-77.045127,-12.093849],[-77.045034,-12.093836],[-77.044975,-12.093827],[-77.044826,-12.093806],[-77.044002,-12.09369],[-77.043912,-12.093678],[-77.043807,-12.093663],[-77.043544,-12.093626],[-77.042776,-12.093518],[-77.042721,-12.09351],[-77.042374,-12.093459],[-77.041953,-12.093402],[-77.041916,-12.093397],[-77.041779,-12.093377],[-77.041141,-12.093287],[-77.04033,-12.093173],[-77.040289,-12.093168],[-77.039518,-12.093059],[-77.03947,-12.093052],[-77.038739,-12.092949],[-77.038652,-12.092937],[-77.038573,-12.092927],[-77.038541,-12.092922],[-77.038471,-12.092912],[-77.038351,-12.092894],[-77.037825,-12.092818],[-77.037756,-12.092809],[-77.037514,-12.092775],[-77.037223,-12.092735],[-77.036989,-12.092703],[-77.036953,-12.092698],[-77.036691,-12.092662],[-77.036184,-12.092592],[-77.036119,-12.092583],[-77.035881,-12.09255],[-77.035314,-12.092472],[-77.035295,-12.092469],[-77.034594,-12.092372],[-77.034484,-12.092357],[-77.034399,-12.092346],[-77.034215,-12.092321],[-77.034064,-12.092303],[-77.03402,-12.092298],[-77.03398,-12.092294],[-77.033851,-12.092279],[-77.033616,-12.092252],[-77.033453,-12.092232],[-77.033425,-12.092228],[-77.033127,-12.092192],[-77.032365,-12.09208],[-77.032238,-12.092062],[-77.032138,-12.092047],[-77.03209,-12.09204],[-77.031969,-12.092022],[-77.031799,-12.091997],[-77.03132,-12.091926],[-77.031011,-12.09188],[-77.030797,-12.091848],[-77.030499,-12.091804],[-77.030373,-12.091785],[-77.03029,-12.091773],[-77.030071,-12.091741],[-77.029956,-12.091722],[-77.029868,-12.091709],[-77.029029,-12.091587],[-77.028191,-12.091464],[-77.027943,-12.091431],[-77.027203,-12.091331],[-77.027058,-12.091311],[-77.026869,-12.091285],[-77.026822,-12.091279],[-77.026042,-12.091172],[-77.025911,-12.091154],[-77.025861,-12.091146],[-77.025759,-12.091132],[-77.025706,-12.091124],[-77.025577,-12.091105],[-77.025262,-12.091064],[-77.024303,-12.090939],[-77.023343,-12.090813],[-77.023252,-12.090801],[-77.023166,-12.09079],[-77.022588,-12.090711],[-77.021593,-12.090573],[-77.020597,-12.090434],[-77.019602,-12.090295],[-77.018939,-12.090195],[-77.018801,-12.090175],[-77.018113,-12.09007],[-77.017754,-12.09002],[-77.017521,-12.089994],[-77.017001,-12.089934],[-77.016424,-12.089853],[-77.015692,-12.08975],[-77.01496,-12.089647],[-77.01422,-12.089543],[-77.01377,-12.089481],[-77.013348,-12.089423],[-77.013063,-12.089382],[-77.012651,-12.089315],[-77.012254,-12.089256],[-77.012008,-12.089219],[-77.010977,-12.089068],[-77.010803,-12.089047],[-77.01025,-12.088963],[-77.009375,-12.088841],[-77.0085,-12.088719],[-77.007625,-12.088596],[-77.00712,-12.08852],[-77.006361,-12.088417],[-77.005603,-12.088313],[-77.004844,-12.08821],[-77.004418,-12.08815],[-77.003993,-12.08809],[-77.003922,-12.08808],[-77.003897,-12.088076],[-77.003652,-12.08804],[-77.00301,-12.087945],[-77.002411,-12.087855],[-77.001812,-12.087764],[-77.001244,-12.087696],[-77.000675,-12.087627],[-76.999877,-12.087532],[-76.99908,-12.087436],[-76.998742,-12.087396],[-76.998521,-12.087349],[-76.998291,-12.087283],[-76.998158,-12.087229],[-76.998053,-12.087186],[-76.997905,-12.087094],[-76.997618,-12.086917],[-76.997434,-12.086811],[-76.997283,-12.086744],[-76.997056,-12.086688],[-76.996331,-12.086595],[-76.996234,-12.086592],[-76.996033,-12.086589],[-76.9958,-12.086617],[-76.995654,-12.086642],[-76.995574,-12.086656],[-76.995338,-12.086715],[-76.995111,-12.086761],[-76.994915,-12.086784],[-76.994745,-12.086781],[-76.993968,-12.086682],[-76.993339,-12.086588],[-76.99271,-12.086493],[-76.992009,-12.086388],[-76.991307,-12.086282],[-76.991034,-12.086245],[-76.990313,-12.086151],[-76.989526,-12.086043],[-76.98874,-12.085935],[-76.988433,-12.085876],[-76.987839,-12.085776],[-76.987512,-12.085721],[-76.987254,-12.085666],[-76.987005,-12.085606],[-76.986707,-12.085527],[-76.98631,-12.085385],[-76.985808,-12.08521],[-76.985334,-12.08505],[-76.985108,-12.085011],[-76.984978,-12.084995],[-76.984847,-12.084982],[-76.984707,-12.084973],[-76.984566,-12.084968],[-76.983918,-12.084947],[-76.983269,-12.084926],[-76.9829,-12.084915],[-76.982293,-12.084896],[-76.98188,-12.084879],[-76.981396,-12.084835],[-76.981128,-12.084806],[-76.98058,-12.084753],[-76.979936,-12.084676],[-76.979292,-12.084599],[-76.978409,-12.08448],[-76.977753,-12.084389],[-76.977097,-12.084299],[-76.976079,-12.084165],[-76.97506,-12.084031],[-76.974777,-12.083971],[-76.974553,-12.08393],[-76.973774,-12.08382],[-76.972996,-12.08371],[-76.972631,-12.083658],[-76.971648,-12.083523],[-76.970845,-12.083407],[-76.970749,-12.083388],[-76.970671,-12.08336],[-76.970626,-12.083337],[-76.970601,-12.083324],[-76.970543,-12.083282],[-76.970451,-12.083196],[-76.969839,-12.082915],[-76.969675,-12.082887],[-76.969539,-12.082849],[-76.969409,-12.082786],[-76.969164,-12.082627],[-76.969148,-12.082616],[-76.968963,-12.082496],[-76.968853,-12.082424],[-76.968822,-12.082406],[-76.968779,-12.082378],[-76.968441,-12.08215],[-76.968145,-12.081967],[-76.968121,-12.081952],[-76.967758,-12.081701],[-76.967696,-12.081652],[-76.967608,-12.081584],[-76.967436,-12.081434],[-76.96725,-12.08125],[-76.967046,-12.081029],[-76.966907,-12.080849],[-76.96682,-12.080725],[-76.966724,-12.08058],[-76.966537,-12.080281],[-76.966385,-12.080031],[-76.966106,-12.079585],[-76.966041,-12.079478],[-76.965952,-12.079343],[-76.965857,-12.079215],[-76.965736,-12.079055],[-76.965624,-12.078872],[-76.965497,-12.078666],[-76.965372,-12.078458],[-76.965231,-12.078212],[-76.96513,-12.078036],[-76.965021,-12.077832],[-76.964975,-12.07775],[-76.964952,-12.077707],[-76.964777,-12.077398],[-76.964749,-12.077348],[-76.964305,-12.076558],[-76.963876,-12.075715],[-76.963864,-12.075694],[-76.963833,-12.075642],[-76.963732,-12.075508],[-76.96366,-12.075423],[-76.963608,-12.075358],[-76.963561,-12.075306],[-76.963437,-12.075159],[-76.963313,-12.075013],[-76.963258,-12.074948],[-76.963188,-12.074877],[-76.962843,-12.07454],[-76.962673,-12.074397],[-76.962373,-12.074167],[-76.961817,-12.07382],[-76.961122,-12.07348],[-76.960599,-12.07324],[-76.960075,-12.072999],[-76.959678,-12.072815],[-76.959538,-12.07275],[-76.958823,-12.072431],[-76.958107,-12.072111],[-76.957495,-12.071828],[-76.956882,-12.071545],[-76.956774,-12.071494],[-76.95663,-12.071427],[-76.956534,-12.071385],[-76.9561,-12.071181],[-76.955674,-12.07098],[-76.955247,-12.07078],[-76.955148,-12.070733],[-76.954622,-12.070484],[-76.953719,-12.070232],[-76.953169,-12.070033],[-76.952871,-12.069939],[-76.952064,-12.069694],[-76.951574,-12.069535],[-76.950925,-12.069325],[-76.950307,-12.069126],[-76.949312,-12.068805],[-76.949225,-12.068776],[-76.948714,-12.068613],[-76.948585,-12.068577],[-76.948397,-12.068516],[-76.947757,-12.068327],[-76.947117,-12.068138],[-76.947027,-12.068106],[-76.946937,-12.068071],[-76.946835,-12.068028],[-76.946735,-12.06798],[-76.946659,-12.067941],[-76.946602,-12.067912],[-76.946389,-12.067797],[-76.946306,-12.067751],[-76.946228,-12.067709],[-76.946012,-12.067593],[-76.945869,-12.067515],[-76.945358,-12.067245],[-76.944787,-12.066944],[-76.944215,-12.066642],[-76.94415,-12.066609],[-76.944018,-12.066541],[-76.943958,-12.066507],[-76.943853,-12.066452],[-76.943401,-12.066214],[-76.942794,-12.065896],[-76.942582,-12.065785],[-76.94219,-12.06558],[-76.942129,-12.065547],[-76.942116,-12.06554],[-76.94129,-12.065107],[-76.941126,-12.06501],[-76.940997,-12.064943],[-76.940859,-12.064866],[-76.940777,-12.064811],[-76.940713,-12.064758],[-76.940661,-12.06471],[-76.940512,-12.064565],[-76.939868,-12.064235],[-76.939802,-12.064138],[-76.939784,-12.064112],[-76.939737,-12.064058],[-76.939328,-12.063713],[-76.938813,-12.06327],[-76.938585,-12.062935],[-76.938453,-12.062532],[-76.938403,-12.061852],[-76.93837,-12.061165],[-76.938336,-12.060477],[-76.938293,-12.059635],[-76.93825,-12.058792],[-76.938207,-12.057949],[-76.938191,-12.057663],[-76.938127,-12.056625],[-76.938064,-12.055587],[-76.938,-12.054549],[-76.93795,-12.053698],[-76.937947,-12.053537],[-76.937956,-12.053121],[-76.937971,-12.052804],[-76.937983,-12.052563],[-76.937961,-12.052077],[-76.937927,-12.05163],[-76.937862,-12.051157],[-76.937772,-12.050701],[-76.937675,-12.050273],[-76.937543,-12.049836],[-76.937321,-12.049278],[-76.937099,-12.048721],[-76.936805,-12.04817],[-76.936741,-12.048053],[-76.936654,-12.047888],[-76.936505,-12.047622],[-76.936139,-12.046968],[-76.936109,-12.046915],[-76.936074,-12.046856],[-76.936012,-12.046746],[-76.935667,-12.046126],[-76.93552,-12.045867],[-76.935419,-12.045637],[-76.935357,-12.045526],[-76.935286,-12.045421],[-76.935231,-12.045349],[-76.935173,-12.045281],[-76.935111,-12.045216],[-76.934651,-12.044793],[-76.934356,-12.044551],[-76.934048,-12.044353],[-76.933718,-12.044199],[-76.93338,-12.044066],[-76.932864,-12.044082],[-76.932227,-12.043925],[-76.931589,-12.043767],[-76.930794,-12.04358],[-76.930763,-12.043572],[-76.930578,-12.04353],[-76.930482,-12.043502],[-76.930338,-12.043466],[-76.930148,-12.043415],[-76.929112,-12.04316],[-76.928076,-12.042904],[-76.927442,-12.042745],[-76.926808,-12.042587],[-76.926091,-12.042417],[-76.925855,-12.042359],[-76.925729,-12.042322],[-76.925605,-12.04228],[-76.92551,-12.042242],[-76.925416,-12.042201],[-76.925339,-12.042165],[-76.925264,-12.042125],[-76.925167,-12.04207],[-76.925073,-12.042011],[-76.924987,-12.041952],[-76.924904,-12.041891],[-76.92481,-12.041818],[-76.92472,-12.041741],[-76.924651,-12.041674],[-76.924584,-12.041605],[-76.924492,-12.041503],[-76.92442,-12.041412],[-76.924341,-12.041308],[-76.924274,-12.041209],[-76.924212,-12.041109],[-76.924156,-12.041007],[-76.924101,-12.040896],[-76.924051,-12.040783],[-76.924015,-12.040691],[-76.923982,-12.040598],[-76.92395,-12.040488],[-76.923922,-12.040376],[-76.923899,-12.040266],[-76.923881,-12.040155],[-76.923867,-12.040025],[-76.923861,-12.039894],[-76.923859,-12.039791],[-76.923864,-12.039634],[-76.923879,-12.039477],[-76.923901,-12.039337],[-76.92393,-12.039198],[-76.923969,-12.03905],[-76.924016,-12.038904],[-76.92417,-12.038489],[-76.924243,-12.038289],[-76.924566,-12.037405],[-76.92489,-12.03652],[-76.924942,-12.036368],[-76.925064,-12.036032],[-76.925101,-12.035923],[-76.925138,-12.035798],[-76.925252,-12.035386],[-76.925296,-12.035242],[-76.925352,-12.035088],[-76.925406,-12.034951],[-76.925692,-12.034304],[-76.925777,-12.034076],[-76.925944,-12.033599],[-76.925976,-12.0335],[-76.926127,-12.033053],[-76.926155,-12.032991],[-76.926196,-12.032941],[-76.926236,-12.032908],[-76.926258,-12.032858],[-76.926295,-12.032777],[-76.926374,-12.032604],[-76.926528,-12.032239],[-76.926573,-12.032141],[-76.926588,-12.032112],[-76.926694,-12.031885],[-76.926712,-12.031848],[-76.926829,-12.031593],[-76.926895,-12.031448],[-76.927062,-12.031047],[-76.927097,-12.030946],[-76.927112,-12.030888],[-76.927156,-12.030764],[-76.927215,-12.030628],[-76.927341,-12.030303],[-76.927433,-12.030088],[-76.927435,-12.030038],[-76.927443,-12.029992],[-76.927468,-12.029951],[-76.927506,-12.029923]]}},{"type":"Feature","properties":{"id":"arequipa","name":"Av. Arequipa","class":"arterial","maxspeed_kmh":50,"lanes":2,"osm_ways":38},"geometry":{"type":"LineString","coordinates":[[-77.037582,-12.064006],[-77.037548,-12.064275],[-77.037447,-12.064898],[-77.03738,-12.064889],[-77.037286,-12.065514],[-77.037192,-12.066138],[-77.037114,-12.066587],[-77.037073,-12.066685],[-77.037021,-12.066916],[-77.037009,-12.066992],[-77.036997,-12.067054],[-77.036924,-12.067571],[-77.036828,-12.068242],[-77.036822,-12.068291],[-77.036809,-12.068383],[-77.03678,-12.068594],[-77.03677,-12.068661],[-77.036681,-12.069192],[-77.036671,-12.06926],[-77.036629,-12.069546],[-77.036617,-12.069613],[-77.036524,-12.070226],[-77.036508,-12.070335],[-77.036369,-12.071275],[-77.036312,-12.071646],[-77.036303,-12.071704],[-77.03621,-12.07233],[-77.036203,-12.072384],[-77.036186,-12.072494],[-77.036149,-12.072751],[-77.036096,-12.073118],[-77.036055,-12.073344],[-77.036045,-12.073414],[-77.036033,-12.073484],[-77.035999,-12.073682],[-77.035933,-12.074117],[-77.03589,-12.074405],[-77.035884,-12.074451],[-77.035871,-12.074531],[-77.035857,-12.074628],[-77.03585,-12.07467],[-77.035727,-12.075494],[-77.035717,-12.075558],[-77.035704,-12.075643],[-77.035552,-12.076651],[-77.035519,-12.076873],[-77.035401,-12.077658],[-77.035394,-12.077706],[-77.035388,-12.077748],[-77.035262,-12.078583],[-77.035181,-12.07912],[-77.0351,-12.079658],[-77.035046,-12.08002],[-77.034989,-12.080394],[-77.034949,-12.080665],[-77.034938,-12.080734],[-77.034924,-12.08083],[-77.034917,-12.080873],[-77.034851,-12.081312],[-77.034845,-12.081355],[-77.0347,-12.082356],[-77.034688,-12.082444],[-77.034677,-12.082517],[-77.034632,-12.082826],[-77.03461,-12.082977],[-77.034536,-12.083489],[-77.034525,-12.083569],[-77.034438,-12.084153],[-77.034381,-12.084554],[-77.034371,-12.084623],[-77.034362,-12.084695],[-77.034355,-12.084746],[-77.034309,-12.085076],[-77.034217,-12.085682],[-77.03413,-12.086315],[-77.034112,-12.086453],[-77.034055,-12.086857],[-77.034046,-12.086932],[-77.034032,-12.087022],[-77.033995,-12.087265],[-77.033892,-12.087934],[-77.033889,-12.087954],[-77.033871,-12.088071],[-77.033818,-12.088446],[-77.033788,-12.088661],[-77.033738,-12.089012],[-77.033718,-12.089146],[-77.033663,-12.089503],[-77.033627,-12.089785],[-77.033581,-12.090124],[-77.033533,-12.090529],[-77.033519,-12.090622],[-77.033509,-12.090687],[-77.033477,-12.090888],[-77.033462,-12.090977],[-77.033459,-12.091191],[-77.033323,-12.092117],[-77.033287,-12.092399],[-77.033156,-12.093293],[-77.033098,-12.093424],[-77.03306,-12.093763],[-77.033031,-12.093935],[-77.033015,-12.094024],[-77.032981,-12.094239],[-77.032925,-12.094582],[-77.032916,-12.09464],[-77.032899,-12.094756],[-77.032843,-12.095147],[-77.032803,-12.09542],[-77.032789,-12.095538],[-77.032777,-12.095615],[-77.032704,-12.096089],[-77.032692,-12.096174],[-77.032685,-12.096221],[-77.032635,-12.096559],[-77.032578,-12.096955],[-77.032563,-12.097052],[-77.03256,-12.097078],[-77.032546,-12.097174],[-77.032531,-12.097274],[-77.032434,-12.097975],[-77.032421,-12.098072],[-77.032409,-12.098135],[-77.032349,-12.098551],[-77.032306,-12.098792],[-77.032293,-12.098862],[-77.032246,-12.099156],[-77.032178,-12.099557],[-77.032157,-12.099674],[-77.032139,-12.099781],[-77.032128,-12.099846],[-77.032066,-12.100228],[-77.032053,-12.100305],[-77.03203,-12.100456],[-77.031994,-12.100666],[-77.031988,-12.100705],[-77.031881,-12.101308],[-77.031796,-12.10179],[-77.0317,-12.102364],[-77.031609,-12.102906],[-77.031519,-12.103449],[-77.03151,-12.10351],[-77.031502,-12.103556],[-77.031465,-12.103773],[-77.031338,-12.104513],[-77.03124,-12.10509],[-77.031154,-12.10559],[-77.031121,-12.105783],[-77.031052,-12.106194],[-77.030991,-12.106557],[-77.030978,-12.106639],[-77.030962,-12.10673],[-77.03089,-12.107158],[-77.030801,-12.107721],[-77.030618,-12.108782],[-77.030609,-12.108833],[-77.030579,-12.109011],[-77.030571,-12.109062],[-77.030528,-12.109315],[-77.03049,-12.109539],[-77.030322,-12.110578],[-77.03015,-12.111616],[-77.030115,-12.111822],[-77.029976,-12.112642],[-77.029795,-12.11362],[-77.029779,-12.113698],[-77.029766,-12.113775],[-77.029749,-12.113864],[-77.029721,-12.114021],[-77.029639,-12.114468],[-77.029518,-12.115195],[-77.029396,-12.115923],[-77.02937,-12.116081],[-77.029242,-12.116852],[-77.029226,-12.116947],[-77.029206,-12.117052],[-77.029085,-12.117765],[-77.029064,-12.117889],[-77.029051,-12.117974],[-77.029007,-12.118277],[-77.028926,-12.118774],[-77.028923,-12.118903],[-77.02892,-12.119025]]}},{"type":"Feature","properties":{"id":"brasil","name":"Av. Brasil","class":"arterial","maxspeed_kmh":40,"lanes":2,"osm_ways":27},"geometry":{"type":"LineString","coordinates":[[-77.041981,-12.06058],[-77.04205,-12.060676],[-77.042398,-12.061075],[-77.042793,-12.061553],[-77.043188,-12.062032],[-77.043687,-12.062637],[-77.043768,-12.062736],[-77.044349,-12.063435],[-77.04484,-12.064047],[-77.045331,-12.064658],[-77.045707,-12.065103],[-77.04575,-12.065158],[-77.045793,-12.065213],[-77.045866,-12.065305],[-77.045903,-12.06535],[-77.046101,-12.065591],[-77.046176,-12.065678],[-77.046223,-12.065739],[-77.046567,-12.066159],[-77.04696,-12.06664],[-77.046942,-12.066906],[-77.047207,-12.067219],[-77.047251,-12.067272],[-77.047294,-12.067324],[-77.04765,-12.067756],[-77.048006,-12.068189],[-77.048057,-12.068252],[-77.048109,-12.068317],[-77.048423,-12.068721],[-77.048806,-12.069195],[-77.048852,-12.069258],[-77.048907,-12.069325],[-77.048939,-12.069366],[-77.049172,-12.069652],[-77.04966,-12.070239],[-77.049995,-12.070629],[-77.050164,-12.07083],[-77.050245,-12.070926],[-77.050431,-12.071148],[-77.050475,-12.071201],[-77.050535,-12.071273],[-77.050797,-12.071602],[-77.05094,-12.071771],[-77.051246,-12.072131],[-77.051282,-12.072175],[-77.051336,-12.07224],[-77.051842,-12.072866],[-77.052106,-12.073178],[-77.052482,-12.073629],[-77.052857,-12.074079],[-77.052912,-12.074147],[-77.052973,-12.074223],[-77.053394,-12.074744],[-77.053666,-12.075079],[-77.053712,-12.075136],[-77.053785,-12.075227],[-77.053842,-12.075298],[-77.054111,-12.075624],[-77.054164,-12.075688],[-77.054229,-12.075766],[-77.054519,-12.076119],[-77.054874,-12.076531],[-77.054983,-12.076658],[-77.055323,-12.077053],[-77.055357,-12.077095],[-77.055716,-12.077533],[-77.055958,-12.077829],[-77.056154,-12.078072],[-77.056535,-12.078535],[-77.056597,-12.07861],[-77.056635,-12.078657],[-77.056677,-12.078708],[-77.05677,-12.078821],[-77.056961,-12.079052],[-77.057169,-12.079302],[-77.057344,-12.079512],[-77.057614,-12.079836],[-77.058087,-12.080419],[-77.0582,-12.080562],[-77.05825,-12.080627],[-77.058302,-12.080689],[-77.058345,-12.08074],[-77.058491,-12.080916],[-77.05855,-12.080986],[-77.058622,-12.081071],[-77.058858,-12.081353],[-77.058986,-12.081506],[-77.059089,-12.081631],[-77.059367,-12.081984],[-77.059676,-12.082377],[-77.05987,-12.082614],[-77.059908,-12.082661],[-77.05994,-12.082701],[-77.06062,-12.083506],[-77.061074,-12.084065],[-77.061411,-12.084479],[-77.061536,-12.084633],[-77.061603,-12.084716],[-77.062235,-12.085493],[-77.062256,-12.085518],[-77.062616,-12.085962],[-77.062977,-12.086405],[-77.063,-12.086434],[-77.06317,-12.086633],[-77.063631,-12.087176],[-77.064092,-12.087719],[-77.064196,-12.087843],[-77.064595,-12.088335],[-77.06496,-12.088779],[-77.065348,-12.089252],[-77.065737,-12.089726],[-77.065761,-12.089753],[-77.065838,-12.089839],[-77.065961,-12.089994],[-77.066019,-12.090072],[-77.066423,-12.09057],[-77.066462,-12.090618],[-77.067102,-12.091403],[-77.067158,-12.091469],[-77.067841,-12.092282],[-77.068455,-12.093022],[-77.068566,-12.093148],[-77.068634,-12.093236],[-77.068839,-12.093499],[-77.06923,-12.093979],[-77.069268,-12.094033],[-77.06935,-12.094128],[-77.069655,-12.094494],[-77.070015,-12.094926],[-77.070405,-12.095412],[-77.070654,-12.095715],[-77.070713,-12.095785],[-77.070749,-12.095828],[-77.070969,-12.09609],[-77.071149,-12.096303],[-77.07137,-12.096564],[-77.071427,-12.096628],[-77.071482,-12.096691],[-77.07157,-12.09679],[-77.071784,-12.097032],[-77.071859,-12.097123]]}},{"type":"Feature","properties":{"id":"la_marina","name":"Av. La Marina","class":"arterial","maxspeed_kmh":60,"lanes":4,"osm_ways":41},"geometry":{"type":"LineString","coordinates":[[-77.119901,-12.064953],[-77.11909,-12.065563],[-77.118279,-12.066173],[-77.117468,-12.066783],[-77.116602,-12.067402],[-77.116255,-12.06758],[-77.115923,-12.067732],[-77.115421,-12.067939],[-77.115194,-12.068028],[-77.115061,-12.068079],[-77.114986,-12.068107],[-77.11492,-12.068134],[-77.114888,-12.068146],[-77.114549,-12.068277],[-77.113975,-12.0685],[-77.11391,-12.068525],[-77.113548,-12.068666],[-77.113515,-12.068679],[-77.11332,-12.068759],[-77.113271,-12.068779],[-77.11236,-12.069135],[-77.112055,-12.069253],[-77.111434,-12.069496],[-77.111267,-12.06956],[-77.111106,-12.069623],[-77.110782,-12.069748],[-77.110237,-12.069959],[-77.110103,-12.070011],[-77.109782,-12.070144],[-77.109692,-12.070182],[-77.109597,-12.070221],[-77.109433,-12.070288],[-77.10919,-12.07038],[-77.108495,-12.070643],[-77.108345,-12.070704],[-77.108198,-12.07076],[-77.107972,-12.070848],[-77.107736,-12.070934],[-77.107578,-12.070996],[-77.107434,-12.07105],[-77.107291,-12.071104],[-77.107149,-12.071157],[-77.106964,-12.071227],[-77.106507,-12.071405],[-77.106307,-12.071479],[-77.106261,-12.071497],[-77.105669,-12.071726],[-77.10533,-12.071861],[-77.105249,-12.071893],[-77.105174,-12.071923],[-77.105073,-12.071963],[-77.105043,-12.071975],[-77.104984,-12.071998],[-77.104872,-12.072043],[-77.104536,-12.072174],[-77.104203,-12.072309],[-77.103601,-12.072563],[-77.102699,-12.072978],[-77.102632,-12.073011],[-77.10257,-12.073041],[-77.101658,-12.073484],[-77.101222,-12.073706],[-77.100705,-12.073959],[-77.100188,-12.074213],[-77.100081,-12.074265],[-77.099745,-12.074428],[-77.09961,-12.074494],[-77.099365,-12.074614],[-77.099227,-12.074682],[-77.099194,-12.074696],[-77.098698,-12.074934],[-77.098068,-12.075244],[-77.097438,-12.075556],[-77.097375,-12.075587],[-77.096863,-12.075834],[-77.096218,-12.076153],[-77.095494,-12.076512],[-77.094769,-12.076871],[-77.094686,-12.076913],[-77.094576,-12.076968],[-77.093831,-12.077313],[-77.093616,-12.077409],[-77.093552,-12.077438],[-77.093498,-12.07746],[-77.093385,-12.077508],[-77.093326,-12.07753],[-77.093268,-12.077556],[-77.093014,-12.077638],[-77.092876,-12.077677],[-77.092459,-12.077794],[-77.092112,-12.077878],[-77.091687,-12.077958],[-77.091262,-12.078021],[-77.091211,-12.078027],[-77.090888,-12.078057],[-77.090616,-12.078071],[-77.089728,-12.07809],[-77.089585,-12.078094],[-77.089547,-12.078095],[-77.089537,-12.078095],[-77.089461,-12.078097],[-77.089439,-12.078098],[-77.089217,-12.078103],[-77.08884,-12.078116],[-77.088749,-12.078118],[-77.088611,-12.07812],[-77.088579,-12.078121],[-77.088471,-12.078123],[-77.088183,-12.07813],[-77.087632,-12.078137],[-77.08729,-12.078145],[-77.08716,-12.078144],[-77.086993,-12.078147],[-77.086905,-12.078148],[-77.086682,-12.078154],[-77.086195,-12.078167],[-77.08586,-12.078176],[-77.085357,-12.078189],[-77.085239,-12.078192],[-77.085198,-12.078192],[-77.085115,-12.078194],[-77.084589,-12.078207],[-77.084526,-12.078209],[-77.084402,-12.078214],[-77.084069,-12.078219],[-77.084027,-12.07822],[-77.083393,-12.078232],[-77.083338,-12.078233],[-77.083317,-12.078234],[-77.082962,-12.078242],[-77.082582,-12.078256],[-77.082027,-12.078273],[-77.081854,-12.078278],[-77.081763,-12.078283],[-77.081131,-12.078335],[-77.081059,-12.078348],[-77.08066,-12.078421],[-77.080134,-12.078538],[-77.080081,-12.078554],[-77.080005,-12.078576],[-77.079438,-12.078761],[-77.078872,-12.078945],[-77.078054,-12.079234],[-77.077414,-12.079469],[-77.076774,-12.079704],[-77.076695,-12.079735],[-77.076131,-12.07995],[-77.07593,-12.080027],[-77.075919,-12.080031],[-77.075886,-12.080044],[-77.075799,-12.080078],[-77.075738,-12.080099],[-77.075212,-12.080282],[-77.074686,-12.080465],[-77.073655,-12.080824],[-77.073465,-12.080893],[-77.073165,-12.081003],[-77.072386,-12.081291],[-77.072048,-12.081413],[-77.07145,-12.081626],[-77.071382,-12.081656],[-77.070772,-12.081881],[-77.070747,-12.08189],[-77.070676,-12.081916],[-77.070436,-12.082004],[-77.070353,-12.082035],[-77.070281,-12.082062],[-77.070255,-12.082071],[-77.070097,-12.082128],[-77.069542,-12.082329],[-77.068601,-12.08267],[-77.06766,-12.083011],[-77.067469,-12.08308],[-77.067428,-12.083095],[-77.067382,-12.083112],[-77.067295,-12.083141],[-77.067222,-12.083167],[-77.067154,-12.083192],[-77.067112,-12.083207],[-77.066891,-12.083286],[-77.066453,-12.083439],[-77.066384,-12.08346],[-77.066268,-12.083504],[-77.066171,-12.08354],[-77.066102,-12.083565],[-77.065786,-12.083679],[-77.065566,-12.083775],[-77.065545,-12.083784],[-77.065303,-12.083905],[-77.065119,-12.08401],[-77.065013,-12.084087],[-77.064915,-12.084162],[-77.064874,-12.0842],[-77.064837,-12.084241],[-77.064777,-12.084318],[-77.06475,-12.084353],[-77.064703,-12.084447],[-77.064657,-12.084563],[-77.064629,-12.084662],[-77.064616,-12.08473],[-77.064613,-12.084747],[-77.064612,-12.084753],[-77.064597,-12.08483],[-77.064422,-12.085044],[-77.06439,-12.085181],[-77.064351,-12.0853],[-77.064279,-12.085434],[-77.064174,-12.085579],[-77.064066,-12.08568],[-77.063282,-12.086307],[-77.063063,-12.086484]]}},{"type":"Feature","properties":{"id":"elmer_faucett","name":"Av. Elmer Faucett","class":"arterial","maxspeed_kmh":60,"lanes":3,"osm_ways":43},"geometry":{"type":"LineString","coordinates":[[-77.125475,-11.99644],[-77.125323,-11.996599],[-77.125304,-11.996618],[-77.125216,-11.996731],[-77.125117,-11.996852],[-77.125035,-11.996956],[-77.124766,-11.9973],[-77.124695,-11.997367],[-77.124584,-11.997442],[-77.12446,-11.997498],[-77.124161,-11.99761],[-77.124035,-11.997659],[-77.123429,-11.997876],[-77.122941,-11.998047],[-77.122871,-11.998068],[-77.122718,-11.998127],[-77.122179,-11.99832],[-77.122035,-11.99837],[-77.121922,-11.998373],[-77.121741,-11.998394],[-77.121588,-11.998437],[-77.121378,-11.998511],[-77.121123,-11.9986],[-77.121039,-11.998629],[-77.120643,-11.998796],[-77.12025,-11.998919],[-77.120248,-11.998921],[-77.119835,-11.999075],[-77.119012,-11.999363],[-77.118592,-11.999486],[-77.118557,-11.999509],[-77.118474,-11.999596],[-77.118395,-11.999678],[-77.118342,-11.999733],[-77.118311,-11.999772],[-77.118214,-11.999932],[-77.118149,-12.000031],[-77.118118,-12.000065],[-77.11783,-12.000236],[-77.117615,-12.000341],[-77.117422,-12.000448],[-77.117203,-12.000592],[-77.116874,-12.000829],[-77.116806,-12.00088],[-77.116645,-12.001024],[-77.116591,-12.001076],[-77.116553,-12.001113],[-77.116529,-12.001139],[-77.116348,-12.001334],[-77.116184,-12.001537],[-77.116051,-12.001724],[-77.115955,-12.001903],[-77.115809,-12.002135],[-77.11576,-12.002205],[-77.115687,-12.002299],[-77.115554,-12.002544],[-77.115514,-12.002642],[-77.115497,-12.002729],[-77.115495,-12.002799],[-77.115498,-12.002882],[-77.115506,-12.002928],[-77.115507,-12.002997],[-77.115505,-12.003076],[-77.115485,-12.003158],[-77.11537,-12.003395],[-77.115257,-12.00361],[-77.115183,-12.003709],[-77.115072,-12.003811],[-77.114967,-12.003912],[-77.114901,-12.003999],[-77.114608,-12.004574],[-77.114316,-12.005149],[-77.114175,-12.005435],[-77.114133,-12.00552],[-77.11408,-12.005628],[-77.11384,-12.006129],[-77.113816,-12.006187],[-77.113802,-12.006247],[-77.11379,-12.00632],[-77.113778,-12.006413],[-77.113753,-12.006524],[-77.113706,-12.006646],[-77.113324,-12.00741],[-77.113152,-12.007752],[-77.11294,-12.008187],[-77.112885,-12.008277],[-77.112812,-12.008377],[-77.112722,-12.008479],[-77.112662,-12.00856],[-77.112597,-12.008673],[-77.112548,-12.008769],[-77.112442,-12.008977],[-77.112154,-12.0096],[-77.112123,-12.009677],[-77.112082,-12.009803],[-77.112059,-12.009945],[-77.11204,-12.010037],[-77.112014,-12.010128],[-77.111964,-12.010237],[-77.111806,-12.010546],[-77.111586,-12.010998],[-77.111377,-12.011425],[-77.111295,-12.011604],[-77.111226,-12.011795],[-77.111128,-12.012081],[-77.111088,-12.012228],[-77.111085,-12.012282],[-77.111093,-12.012385],[-77.111118,-12.012552],[-77.111111,-12.012636],[-77.11109,-12.012704],[-77.111056,-12.012778],[-77.110972,-12.012956],[-77.110912,-12.013035],[-77.110829,-12.013123],[-77.110609,-12.013297],[-77.110516,-12.01337],[-77.110485,-12.013404],[-77.110382,-12.013518],[-77.110318,-12.013591],[-77.109951,-12.014336],[-77.109908,-12.014422],[-77.109866,-12.014505],[-77.10948,-12.015325],[-77.109138,-12.016009],[-77.108805,-12.016691],[-77.108786,-12.01673],[-77.108759,-12.016771],[-77.108729,-12.016809],[-77.108648,-12.016889],[-77.108601,-12.016931],[-77.108501,-12.017016],[-77.108458,-12.017055],[-77.108407,-12.017103],[-77.10839,-12.017128],[-77.108026,-12.01789],[-77.107671,-12.018635],[-77.10762,-12.018736],[-77.107602,-12.018777],[-77.107569,-12.018851],[-77.107548,-12.018945],[-77.107534,-12.019021],[-77.107529,-12.019111],[-77.107515,-12.019229],[-77.107503,-12.019318],[-77.107488,-12.019393],[-77.107454,-12.019477],[-77.107323,-12.019736],[-77.107235,-12.019893],[-77.107169,-12.020018],[-77.107113,-12.020105],[-77.107022,-12.020245],[-77.106927,-12.020431],[-77.106845,-12.020595],[-77.106743,-12.020795],[-77.106682,-12.020933],[-77.106605,-12.021091],[-77.10656,-12.021174],[-77.106514,-12.021231],[-77.106437,-12.021289],[-77.106303,-12.021356],[-77.106283,-12.021358],[-77.106177,-12.021395],[-77.106124,-12.021439],[-77.106068,-12.021503],[-77.106046,-12.021528],[-77.105909,-12.021736],[-77.1058,-12.021959],[-77.105721,-12.022195],[-77.105705,-12.022269],[-77.105645,-12.022538],[-77.105579,-12.022838],[-77.105562,-12.022914],[-77.105554,-12.02294],[-77.105546,-12.022965],[-77.105496,-12.023078],[-77.105166,-12.023756],[-77.105138,-12.023846],[-77.105126,-12.023945],[-77.105117,-12.024059],[-77.105103,-12.024158],[-77.105076,-12.024266],[-77.104968,-12.024455],[-77.10496,-12.024469],[-77.104617,-12.025075],[-77.104533,-12.025218],[-77.104259,-12.025684],[-77.103962,-12.026221],[-77.103664,-12.026758],[-77.103348,-12.027369],[-77.103305,-12.027447],[-77.103249,-12.027525],[-77.103172,-12.027608],[-77.10311,-12.02766],[-77.103047,-12.02772],[-77.103007,-12.027767],[-77.102948,-12.027865],[-77.10249,-12.028805],[-77.102032,-12.029745],[-77.101981,-12.029849],[-77.101906,-12.029964],[-77.101825,-12.030033],[-77.101762,-12.030078],[-77.101676,-12.030126],[-77.101629,-12.030155],[-77.101587,-12.030193],[-77.101546,-12.030244],[-77.101505,-12.030315],[-77.101443,-12.030449],[-77.101372,-12.030603],[-77.101304,-12.030752],[-77.101264,-12.030835],[-77.101249,-12.030876],[-77.100771,-12.031834],[-77.100293,-12.032791],[-77.100273,-12.032836],[-77.100227,-12.032945],[-77.100172,-12.033131],[-77.100114,-12.033262],[-77.100059,-12.033386],[-77.100043,-12.033407],[-77.100026,-12.033433],[-77.1,-12.033495],[-77.099948,-12.033615],[-77.099841,-12.033882],[-77.099727,-12.034188],[-77.099614,-12.034515],[-77.099575,-12.034653],[-77.099472,-12.035007],[-77.099347,-12.035447],[-77.099329,-12.035506],[-77.099322,-12.035538],[-77.099315,-12.035587],[-77.099309,-12.035725],[-77.09929,-12.036059],[-77.099277,-12.036202],[-77.099249,-12.036466],[-77.099226,-12.036745],[-77.099192,-12.037091],[-77.099186,-12.037236],[-77.099159,-12.037615],[-77.099132,-12.03803],[-77.099128,-12.038286],[-77.099138,-12.038481],[-77.099167,-12.038689],[-77.099185,-12.038843],[-77.099192,-12.039089],[-77.099182,-12.039333],[-77.099118,-12.039973],[-77.099102,-12.040098],[-77.099095,-12.040146],[-77.099015,-12.040635],[-77.099007,-12.040729],[-77.098983,-12.041225],[-77.098966,-12.041418],[-77.098962,-12.041471],[-77.098923,-12.041887],[-77.098918,-12.041961],[-77.098886,-12.042112],[-77.098826,-12.042788],[-77.098765,-12.043464],[-77.098731,-12.043806],[-77.098692,-12.044187],[-77.098637,-12.044693],[-77.098608,-12.045073],[-77.098608,-12.045154],[-77.098609,-12.045228],[-77.098608,-12.045268],[-77.098601,-12.045385],[-77.09853,-12.045923],[-77.098512,-12.046064],[-77.098498,-12.046213],[-77.098488,-12.046666],[-77.098517,-12.046889],[-77.098532,-12.047015],[-77.098533,-12.0471],[-77.098467,-12.048172],[-77.098455,-12.048285],[-77.09841,-12.048383],[-77.098361,-12.048464],[-77.098323,-12.048555],[-77.098314,-12.048613],[-77.098276,-12.049012],[-77.098254,-12.049759],[-77.098253,-12.049827],[-77.098266,-12.050513],[-77.09826,-12.05075],[-77.098253,-12.051054],[-77.098247,-12.051149],[-77.098241,-12.051323],[-77.098226,-12.051501],[-77.098182,-12.051874],[-77.098065,-12.052765],[-77.097976,-12.05338],[-77.097929,-12.053676],[-77.097922,-12.053716],[-77.097861,-12.05429],[-77.0978,-12.054864],[-77.097714,-12.055796],[-77.097707,-12.055867],[-77.097701,-12.055937],[-77.097625,-12.05672],[-77.09755,-12.057504],[-77.097541,-12.057595],[-77.097531,-12.057689],[-77.097524,-12.057765],[-77.09747,-12.058361],[-77.097413,-12.059055],[-77.097403,-12.059171],[-77.097393,-12.059285],[-77.097337,-12.059888],[-77.097282,-12.060492],[-77.097202,-12.061298],[-77.097164,-12.061368],[-77.097119,-12.061963],[-77.097126,-12.062074],[-77.097108,-12.062289],[-77.0971,-12.062394],[-77.097097,-12.062426],[-77.097094,-12.062522],[-77.097096,-12.062644],[-77.097138,-12.06355],[-77.097145,-12.063704],[-77.097148,-12.063761],[-77.097159,-12.063964],[-77.097181,-12.064439],[-77.097195,-12.064759],[-77.097198,-12.064827],[-77.097202,-12.064901],[-77.09723,-12.065504],[-77.097258,-12.066108],[-77.097261,-12.066182],[-77.097296,-12.066717],[-77.097314,-12.066889],[-77.097381,-12.067339],[-77.097476,-12.067802],[-77.09761,-12.068324],[-77.097757,-12.068803],[-77.097855,-12.069106],[-77.097887,-12.069204],[-77.097963,-12.069434],[-77.098008,-12.069572],[-77.097977,-12.069755],[-77.098001,-12.069799],[-77.098194,-12.070399],[-77.098386,-12.070998],[-77.098401,-12.071044],[-77.098557,-12.071534],[-77.098578,-12.071598],[-77.098742,-12.072095],[-77.098822,-12.072328],[-77.098908,-12.072613],[-77.098944,-12.072747],[-77.098978,-12.072896],[-77.099006,-12.073132],[-77.099011,-12.073301],[-77.098996,-12.073469],[-77.098952,-12.073703],[-77.098909,-12.073864],[-77.098846,-12.074028],[-77.098777,-12.074168],[-77.098701,-12.074304],[-77.098575,-12.07449],[-77.098438,-12.074656],[-77.098338,-12.074763],[-77.098283,-12.074819],[-77.098215,-12.074872],[-77.098116,-12.074946],[-77.098058,-12.074979],[-77.097908,-12.075062],[-77.097835,-12.07512],[-77.097742,-12.075224]]}},{"type":"Feature","properties":{"id":"universitaria","name":"Av. Universitaria","class":"arterial","maxspeed_kmh":60,"lanes":2,"osm_ways":119},"geometry":{"type":"LineString","coordinates":[[-77.009262,-11.857112],[-77.00926,-11.857136],[-77.009266,-11.857187],[-77.009299,-11.857229],[-77.009439,-11.857362],[-77.009559,-11.857476],[-77.00991,-11.857842],[-77.010212,-11.858195],[-77.010616,-11.858649],[-77.011168,-11.859269],[-77.011583,-11.859722],[-77.011998,-11.860174],[-77.01211,-11.860299],[-77.012725,-11.860985],[-77.013374,-11.86181],[-77.013777,-11.862329],[-77.014179,-11.862849],[-77.014777,-11.863558],[-77.015046,-11.863859],[-77.015543,-11.864416],[-77.015722,-11.864616],[-77.015811,-11.864714],[-77.016528,-11.865499],[-77.016975,-11.86595],[-77.017421,-11.866401],[-77.01755,-11.866532],[-77.018069,-11.866949],[-77.018374,-11.867193],[-77.019109,-11.867761],[-77.019358,-11.868036],[-77.01995,-11.868823],[-77.020474,-11.869595],[-77.020699,-11.869893],[-77.020996,-11.870285],[-77.021037,-11.87035],[-77.021521,-11.871069],[-77.0217,-11.871332],[-77.021937,-11.871663],[-77.022517,-11.872502],[-77.023097,-11.873341],[-77.023586,-11.874058],[-77.023777,-11.874338],[-77.024382,-11.875225],[-77.024793,-11.875837],[-77.025203,-11.87645],[-77.02537,-11.876698],[-77.025535,-11.876947],[-77.025788,-11.877322],[-77.02594,-11.877563],[-77.026051,-11.87774],[-77.026115,-11.877848],[-77.026186,-11.877955],[-77.026591,-11.878555],[-77.026756,-11.878819],[-77.026792,-11.878882],[-77.026924,-11.879097],[-77.027207,-11.879551],[-77.027237,-11.879604],[-77.027736,-11.880414],[-77.028236,-11.881225],[-77.028619,-11.881847],[-77.029003,-11.882469],[-77.029161,-11.882724],[-77.029358,-11.88304],[-77.029514,-11.883294],[-77.029707,-11.883608],[-77.029887,-11.883903],[-77.029951,-11.884005],[-77.030336,-11.884619],[-77.030352,-11.884635],[-77.030482,-11.884846],[-77.030899,-11.885518],[-77.031342,-11.886225],[-77.031443,-11.886392],[-77.031875,-11.887104],[-77.032208,-11.887675],[-77.032436,-11.888032],[-77.032721,-11.888461],[-77.032819,-11.888608],[-77.032886,-11.888705],[-77.033062,-11.888959],[-77.033303,-11.889336],[-77.03337,-11.889464],[-77.033484,-11.889664],[-77.033698,-11.890053],[-77.033869,-11.89036],[-77.034063,-11.890714],[-77.034098,-11.890777],[-77.034499,-11.891529],[-77.034534,-11.891594],[-77.034748,-11.891997],[-77.034987,-11.892447],[-77.035153,-11.892757],[-77.035214,-11.892879],[-77.035269,-11.893005],[-77.03534,-11.893165],[-77.035519,-11.893634],[-77.035541,-11.893691],[-77.035667,-11.894046],[-77.035766,-11.894312],[-77.035985,-11.894788],[-77.036032,-11.894875],[-77.036055,-11.894919],[-77.03613,-11.895029],[-77.036155,-11.895065],[-77.036352,-11.89534],[-77.03649,-11.895528],[-77.036619,-11.895716],[-77.036639,-11.895742],[-77.036719,-11.895844],[-77.03692,-11.896122],[-77.036947,-11.896159],[-77.03716,-11.896435],[-77.037273,-11.896586],[-77.037405,-11.896763],[-77.037511,-11.89691],[-77.037616,-11.89708],[-77.037856,-11.897518],[-77.038217,-11.898172],[-77.038437,-11.898545],[-77.038503,-11.898657],[-77.038906,-11.899394],[-77.039289,-11.900075],[-77.039702,-11.900816],[-77.03973,-11.900866],[-77.039754,-11.900909],[-77.039784,-11.900963],[-77.039832,-11.901048],[-77.03987,-11.901116],[-77.039888,-11.901148],[-77.040295,-11.901863],[-77.040779,-11.902728],[-77.041262,-11.903594],[-77.041745,-11.904459],[-77.042228,-11.905325],[-77.042711,-11.90619],[-77.042743,-11.906248],[-77.042816,-11.906378],[-77.042851,-11.90644],[-77.043308,-11.907265],[-77.043773,-11.908088],[-77.044237,-11.908912],[-77.044702,-11.909735],[-77.045167,-11.910559],[-77.045632,-11.911382],[-77.046097,-11.912206],[-77.046573,-11.913052],[-77.04705,-11.913899],[-77.047303,-11.914372],[-77.047422,-11.914683],[-77.047595,-11.91496],[-77.047678,-11.915104],[-77.047718,-11.915171],[-77.047778,-11.915295],[-77.04781,-11.915352],[-77.047827,-11.915383],[-77.048137,-11.915933],[-77.048206,-11.916059],[-77.048215,-11.916075],[-77.048391,-11.916403],[-77.048449,-11.9165],[-77.048663,-11.916817],[-77.048796,-11.917025],[-77.049228,-11.917793],[-77.04966,-11.918561],[-77.050091,-11.919329],[-77.050339,-11.919774],[-77.050542,-11.920134],[-77.050813,-11.920688],[-77.050975,-11.921073],[-77.051102,-11.921412],[-77.051231,-11.921841],[-77.051334,-11.922234],[-77.051395,-11.922518],[-77.05151,-11.923204],[-77.051659,-11.924094],[-77.051785,-11.924856],[-77.051911,-11.925618],[-77.051922,-11.92568],[-77.051937,-11.925762],[-77.051946,-11.92581],[-77.051962,-11.925899],[-77.051976,-11.925976],[-77.051982,-11.926012],[-77.052098,-11.92669],[-77.052141,-11.926915],[-77.052197,-11.92716],[-77.052252,-11.927375],[-77.052311,-11.92757],[-77.052411,-11.927864],[-77.052565,-11.928262],[-77.052649,-11.928444],[-77.052811,-11.928792],[-77.052985,-11.929111],[-77.053086,-11.929294],[-77.053447,-11.929961],[-77.053471,-11.930004],[-77.053484,-11.930029],[-77.053547,-11.930142],[-77.053577,-11.930196],[-77.053588,-11.930217],[-77.053761,-11.930537],[-77.053872,-11.930733],[-77.054304,-11.931512],[-77.054735,-11.932291],[-77.055166,-11.933069],[-77.055609,-11.933874],[-77.056052,-11.934679],[-77.056135,-11.934835],[-77.05617,-11.934897],[-77.056234,-11.935011],[-77.056259,-11.935058],[-77.056283,-11.935101],[-77.056808,-11.936051],[-77.057182,-11.936736],[-77.057557,-11.937421],[-77.057932,-11.938105],[-77.058031,-11.938265],[-77.058353,-11.938786],[-77.058745,-11.939425],[-77.059048,-11.93995],[-77.059351,-11.940476],[-77.059541,-11.94081],[-77.059683,-11.941069],[-77.059821,-11.941385],[-77.059898,-11.941564],[-77.05996,-11.941715],[-77.059972,-11.941742],[-77.060105,-11.942113],[-77.060145,-11.942225],[-77.06018,-11.94232],[-77.060224,-11.94244],[-77.060247,-11.942528],[-77.060256,-11.942564],[-77.060401,-11.943114],[-77.060452,-11.94335],[-77.060497,-11.943611],[-77.06056,-11.944067],[-77.060602,-11.944532],[-77.060609,-11.944799],[-77.060609,-11.945026],[-77.060597,-11.945271],[-77.060572,-11.945415],[-77.060516,-11.945586],[-77.060505,-11.94561],[-77.060432,-11.945773],[-77.060387,-11.945892],[-77.060374,-11.945975],[-77.060365,-11.946037],[-77.060352,-11.946183],[-77.060353,-11.946233],[-77.060358,-11.946281],[-77.060413,-11.946757],[-77.060412,-11.946873],[-77.060411,-11.947046],[-77.060357,-11.947363],[-77.060263,-11.94812],[-77.06025,-11.948232],[-77.060144,-11.948977],[-77.060124,-11.949118],[-77.060045,-11.949654],[-77.059995,-11.950046],[-77.059934,-11.950566],[-77.059912,-11.950757],[-77.059888,-11.951396],[-77.059878,-11.951676],[-77.059877,-11.951713],[-77.059853,-11.952381],[-77.059829,-11.95305],[-77.059815,-11.954067],[-77.059814,-11.954161],[-77.059813,-11.95425],[-77.05981,-11.954456],[-77.059805,-11.954636],[-77.059781,-11.955258],[-77.059783,-11.955323],[-77.059783,-11.955329],[-77.059784,-11.955463],[-77.059785,-11.955538],[-77.059787,-11.955566],[-77.059808,-11.955894],[-77.059829,-11.956042],[-77.059854,-11.956205],[-77.05989,-11.956395],[-77.059957,-11.956681],[-77.060204,-11.957562],[-77.060216,-11.957604],[-77.060392,-11.958225],[-77.060568,-11.958845],[-77.060742,-11.959442],[-77.06081,-11.959664],[-77.060931,-11.959954],[-77.061076,-11.960241],[-77.06116,-11.960402],[-77.061261,-11.960561],[-77.061369,-11.960699],[-77.061522,-11.960907],[-77.061712,-11.961141],[-77.061843,-11.961277],[-77.061937,-11.961357],[-77.061999,-11.96141],[-77.062044,-11.961452],[-77.062093,-11.961511],[-77.062289,-11.96176],[-77.062922,-11.961857],[-77.06304,-11.961805],[-77.063077,-11.961795],[-77.063114,-11.961791],[-77.063187,-11.961792],[-77.063368,-11.961817],[-77.063494,-11.961837],[-77.063954,-11.961912],[-77.064124,-11.961939],[-77.064551,-11.962007],[-77.064825,-11.962051],[-77.064929,-11.962068],[-77.065682,-11.962189],[-77.066731,-11.962358],[-77.067781,-11.962526],[-77.06876,-11.962688],[-77.069095,-11.962728],[-77.069301,-11.962761],[-77.069587,-11.962823],[-77.069824,-11.962898],[-77.070032,-11.962981],[-77.070248,-11.963094],[-77.070811,-11.963435],[-77.070977,-11.963524],[-77.071411,-11.963762],[-77.071431,-11.963773],[-77.071579,-11.963859],[-77.071684,-11.963923],[-77.071699,-11.963933],[-77.071796,-11.963996],[-77.071936,-11.964093],[-77.072204,-11.964299],[-77.072293,-11.964371],[-77.072488,-11.964529],[-77.072581,-11.964604],[-77.072701,-11.964719],[-77.072878,-11.964872],[-77.073072,-11.965051],[-77.073526,-11.965557],[-77.073715,-11.965794],[-77.073889,-11.966034],[-77.074076,-11.96635],[-77.074377,-11.966917],[-77.074577,-11.967385],[-77.074743,-11.967894],[-77.0748,-11.968147],[-77.07496,-11.96885],[-77.07512,-11.969553],[-77.07527,-11.970143],[-77.075305,-11.970308],[-77.075344,-11.970494],[-77.075365,-11.970595],[-77.075457,-11.971031],[-77.075615,-11.971904],[-77.075654,-11.972086],[-77.075686,-11.972219],[-77.075851,-11.972767],[-77.076027,-11.973356],[-77.076063,-11.973521],[-77.076087,-11.973631],[-77.07633,-11.974653],[-77.076497,-11.975346],[-77.076604,-11.975841],[-77.076619,-11.975912],[-77.076647,-11.976163],[-77.076662,-11.976435],[-77.076659,-11.97675],[-77.076654,-11.977221],[-77.076663,-11.977331],[-77.076667,-11.977358],[-77.076753,-11.977903],[-77.076777,-11.978024],[-77.076801,-11.97813],[-77.076827,-11.978225],[-77.076864,-11.978338],[-77.076893,-11.978424],[-77.076925,-11.978511],[-77.077268,-11.97947],[-77.077534,-11.980274],[-77.077799,-11.981078],[-77.077881,-11.981375],[-77.077906,-11.981467],[-77.078003,-11.981918],[-77.078025,-11.982026],[-77.078061,-11.98216],[-77.078219,-11.983],[-77.078226,-11.983038],[-77.078238,-11.983104],[-77.07825,-11.98317],[-77.07828,-11.983341],[-77.0783,-11.98346],[-77.078305,-11.983482],[-77.078313,-11.983521],[-77.07839,-11.983889],[-77.078411,-11.983985],[-77.07854,-11.984363],[-77.07866,-11.984687],[-77.078929,-11.985181],[-77.079137,-11.985535],[-77.079146,-11.985553],[-77.079473,-11.986143],[-77.079799,-11.986734],[-77.080144,-11.987373],[-77.080353,-11.987771],[-77.080578,-11.988173],[-77.080839,-11.988678],[-77.080883,-11.988762],[-77.081018,-11.989023],[-77.081211,-11.98939],[-77.081279,-11.989554],[-77.081329,-11.989737],[-77.081426,-11.990227],[-77.081426,-11.990243],[-77.081487,-11.990564],[-77.081587,-11.990944],[-77.081635,-11.991103],[-77.081663,-11.991199],[-77.081692,-11.991282],[-77.081769,-11.991473],[-77.081824,-11.991569],[-77.081831,-11.991583],[-77.081896,-11.991694],[-77.081939,-11.991766],[-77.082063,-11.99196],[-77.082151,-11.992073],[-77.082346,-11.992282],[-77.082378,-11.992313],[-77.082986,-11.993017],[-77.083079,-11.993134],[-77.083166,-11.99326],[-77.083251,-11.993399],[-77.083327,-11.993535],[-77.083409,-11.993688],[-77.083749,-11.994436],[-77.08409,-11.995184],[-77.08424,-11.995514],[-77.084336,-11.995726],[-77.084403,-11.995892],[-77.084423,-11.995946],[-77.084433,-11.995975],[-77.084452,-11.996029],[-77.084497,-11.996199],[-77.084521,-11.996295],[-77.084529,-11.996332],[-77.084536,-11.996361],[-77.084554,-11.996459],[-77.084569,-11.996571],[-77.084566,-11.996698],[-77.084559,-11.996911],[-77.084545,-11.99704],[-77.084529,-11.997119],[-77.084512,-11.997198],[-77.084475,-11.997376],[-77.084226,-11.998415],[-77.083978,-11.999454],[-77.083729,-12.000493],[-77.083481,-12.001531],[-77.083232,-12.00257],[-77.083209,-12.002669],[-77.0832,-12.002711],[-77.083068,-12.00329],[-77.082936,-12.003868],[-77.082812,-12.004411],[-77.082689,-12.004953],[-77.082547,-12.005576],[-77.08249,-12.005826],[-77.082462,-12.005947],[-77.082341,-12.006479],[-77.082327,-12.006538],[-77.082293,-12.006692],[-77.082263,-12.006827],[-77.082253,-12.006868],[-77.082156,-12.007267],[-77.082136,-12.007356],[-77.082074,-12.00761],[-77.082026,-12.007792],[-77.081933,-12.008096],[-77.08181,-12.008452],[-77.081664,-12.008834],[-77.081312,-12.009607],[-77.081264,-12.009697],[-77.080993,-12.010213],[-77.080561,-12.01106],[-77.080474,-12.011232],[-77.080338,-12.011497],[-77.080226,-12.011729],[-77.080141,-12.011887],[-77.080057,-12.012018],[-77.079985,-12.012111],[-77.079887,-12.012226],[-77.079784,-12.012335],[-77.079755,-12.012362],[-77.079654,-12.012457],[-77.079596,-12.012525],[-77.079528,-12.012627],[-77.079493,-12.012697],[-77.079447,-12.012811],[-77.079425,-12.01289],[-77.07942,-12.012939],[-77.079418,-12.012972],[-77.079413,-12.01301],[-77.079396,-12.013112],[-77.079372,-12.013208],[-77.079235,-12.013485],[-77.07889,-12.014148],[-77.078751,-12.014416],[-77.078604,-12.014699],[-77.078306,-12.015273],[-77.078007,-12.015847],[-77.077531,-12.016724],[-77.077401,-12.016962],[-77.077247,-12.01724],[-77.077191,-12.017349],[-77.076942,-12.017831],[-77.076595,-12.018512],[-77.076248,-12.019192],[-77.076187,-12.019308],[-77.076071,-12.019532],[-77.075584,-12.020479],[-77.07538,-12.02089],[-77.07503,-12.021546],[-77.074679,-12.022202],[-77.074528,-12.022632],[-77.074451,-12.022969],[-77.074425,-12.023252],[-77.074428,-12.023528],[-77.074444,-12.023729],[-77.074483,-12.023979],[-77.074518,-12.024117],[-77.074614,-12.024391],[-77.074788,-12.02481],[-77.074959,-12.025247],[-77.075074,-12.025522],[-77.075202,-12.02586],[-77.075212,-12.025882],[-77.075285,-12.02608],[-77.075442,-12.026498],[-77.075467,-12.026563],[-77.075491,-12.026627],[-77.07555,-12.026783],[-77.075663,-12.027052],[-77.076043,-12.027972],[-77.076423,-12.028891],[-77.076564,-12.029277],[-77.076608,-12.029399],[-77.07662,-12.029432],[-77.076745,-12.029766],[-77.076924,-12.030261],[-77.077097,-12.030689],[-77.07724,-12.031091],[-77.077395,-12.031527],[-77.07745,-12.031678],[-77.077478,-12.031755],[-77.077558,-12.031977],[-77.077594,-12.032073],[-77.077631,-12.032171],[-77.077768,-12.032536],[-77.077906,-12.032909],[-77.077961,-12.033059],[-77.078146,-12.03356],[-77.078235,-12.033781],[-77.078277,-12.033904],[-77.078303,-12.034011],[-77.078319,-12.034129],[-77.07833,-12.034241],[-77.078325,-12.034401],[-77.0783,-12.034568],[-77.078242,-12.034762],[-77.078151,-12.034948],[-77.078073,-12.035076],[-77.077812,-12.035521],[-77.077778,-12.035569],[-77.077747,-12.035599],[-77.077726,-12.035975],[-77.077706,-12.036011],[-77.077695,-12.036051],[-77.07766,-12.036458],[-77.077637,-12.036675],[-77.077607,-12.036974],[-77.077601,-12.03704],[-77.07759,-12.037165],[-77.077537,-12.03774],[-77.077464,-12.038537],[-77.077459,-12.038596],[-77.077456,-12.038638],[-77.07745,-12.03869],[-77.077425,-12.03896],[-77.077409,-12.03914],[-77.077374,-12.039522],[-77.077313,-12.04018],[-77.077253,-12.040838],[-77.077244,-12.040945],[-77.077181,-12.041649],[-77.077174,-12.041709],[-77.077159,-12.041894],[-77.077149,-12.042],[-77.07712,-12.042324],[-77.077104,-12.0425],[-77.07709,-12.042644],[-77.077047,-12.043118],[-77.077041,-12.043184],[-77.077004,-12.043586],[-77.076995,-12.043684],[-77.07692,-12.044506],[-77.076845,-12.045345],[-77.076771,-12.046185],[-77.076766,-12.046309],[-77.076765,-12.046354],[-77.076766,-12.046399],[-77.076768,-12.046437],[-77.076769,-12.046483],[-77.076777,-12.046526],[-77.076787,-12.046568],[-77.076803,-12.04662],[-77.07682,-12.046676],[-77.076857,-12.046814],[-77.076892,-12.046962],[-77.076936,-12.047181],[-77.076954,-12.047267],[-77.076979,-12.047364],[-77.077008,-12.047449],[-77.07704,-12.047541],[-77.077125,-12.047642],[-77.077183,-12.047743],[-77.077382,-12.048091],[-77.077607,-12.048486],[-77.077735,-12.048706],[-77.077759,-12.048819],[-77.078053,-12.049345],[-77.078174,-12.04957],[-77.078247,-12.049758],[-77.078259,-12.049791],[-77.078268,-12.049821],[-77.078286,-12.049911],[-77.078293,-12.049977],[-77.0783,-12.050149],[-77.078298,-12.050232],[-77.078722,-12.051195],[-77.079146,-12.052158],[-77.07957,-12.05312],[-77.079995,-12.054083],[-77.080419,-12.055046],[-77.080843,-12.056009],[-77.080807,-12.056041],[-77.080633,-12.056167],[-77.080572,-12.056217],[-77.080511,-12.056269],[-77.080449,-12.056326],[-77.080387,-12.056387],[-77.080324,-12.056454],[-77.080266,-12.056522],[-77.08015,-12.056669],[-77.080032,-12.056856],[-77.079977,-12.056943],[-77.079906,-12.057102],[-77.07989,-12.057135],[-77.079848,-12.057228],[-77.079798,-12.057366],[-77.079748,-12.057549],[-77.079619,-12.058062],[-77.079392,-12.058943],[-77.079254,-12.059474],[-77.079242,-12.059521],[-77.079167,-12.0598],[-77.079127,-12.059948],[-77.079113,-12.060024],[-77.079045,-12.06034],[-77.078966,-12.060768],[-77.078879,-12.061219],[-77.078868,-12.061265],[-77.078836,-12.061395],[-77.078746,-12.06171],[-77.078694,-12.061904],[-77.078647,-12.062088],[-77.078459,-12.062788],[-77.078356,-12.063244],[-77.078261,-12.063713],[-77.078181,-12.064113],[-77.078164,-12.064204],[-77.078149,-12.06428],[-77.078123,-12.06442],[-77.07805,-12.064809],[-77.077992,-12.06513],[-77.077874,-12.065921],[-77.077822,-12.066357],[-77.077786,-12.066756],[-77.077773,-12.066961],[-77.077763,-12.0672],[-77.077758,-12.067336],[-77.077741,-12.067804],[-77.077735,-12.067963],[-77.077727,-12.068317],[-77.077731,-12.068432],[-77.077735,-12.068581],[-77.077737,-12.068654],[-77.077748,-12.068948],[-77.077758,-12.069087],[-77.077762,-12.069149],[-77.077777,-12.069382],[-77.077782,-12.069454],[-77.077806,-12.069707],[-77.077818,-12.06983],[-77.077835,-12.06994],[-77.077849,-12.070007],[-77.077852,-12.070023],[-77.077882,-12.070179],[-77.077917,-12.070361],[-77.077929,-12.070418],[-77.077938,-12.070465],[-77.077967,-12.070591],[-77.077995,-12.070697],[-77.078011,-12.070768],[-77.078033,-12.070862],[-77.078087,-12.071103],[-77.078191,-12.07154],[-77.078236,-12.071752],[-77.078258,-12.071873],[-77.078299,-12.072377],[-77.078326,-12.072764],[-77.078353,-12.072943],[-77.078399,-12.073138],[-77.078469,-12.073349],[-77.078584,-12.073606],[-77.078872,-12.074049],[-77.079051,-12.074256],[-77.079353,-12.074577],[-77.079559,-12.074823],[-77.079585,-12.074849],[-77.079658,-12.07493],[-77.07973,-12.075022],[-77.079856,-12.075202],[-77.079954,-12.075344],[-77.080114,-12.075577],[-77.08021,-12.075741],[-77.080321,-12.075961],[-77.080431,-12.0762],[-77.080455,-12.076253],[-77.080517,-12.076388],[-77.080523,-12.076401],[-77.080565,-12.076501],[-77.0806,-12.076582],[-77.080614,-12.076609],[-77.080624,-12.076632],[-77.080691,-12.07678],[-77.080701,-12.076803],[-77.08072,-12.076846],[-77.080767,-12.076951],[-77.080823,-12.077071],[-77.080852,-12.077184],[-77.080878,-12.07729],[-77.080898,-12.077372],[-77.080906,-12.077418],[-77.080914,-12.07747],[-77.08092,-12.077531],[-77.080935,-12.077651],[-77.080938,-12.077691],[-77.080941,-12.077714],[-77.080945,-12.077735],[-77.081,-12.077957],[-77.081009,-12.077993],[-77.081041,-12.078097],[-77.081069,-12.078168],[-77.081131,-12.078335],[-77.081148,-12.078384],[-77.081152,-12.078396],[-77.081256,-12.07867],[-77.081262,-12.078682],[-77.081283,-12.078725],[-77.08133,-12.078799],[-77.081411,-12.078909],[-77.08147,-12.078988],[-77.081505,-12.079047],[-77.081508,-12.079053],[-77.081564,-12.079142],[-77.081606,-12.079211],[-77.08165,-12.07933],[-77.081696,-12.079454],[-77.081761,-12.079654],[-77.081842,-12.079899],[-77.081962,-12.080393],[-77.082057,-12.08086],[-77.082235,-12.081785],[-77.082263,-12.081926],[-77.0824,-12.082671],[-77.082537,-12.083417],[-77.082704,-12.083559],[-77.082825,-12.084132],[-77.082959,-12.084681],[-77.08313,-12.085216],[-77.083443,-12.086018],[-77.083825,-12.08689],[-77.084081,-12.087405]]}},{"type":"Feature","properties":{"id":"angamos","name":"Av. Angamos","class":"arterial","maxspeed_kmh":60,"lanes":2,"osm_ways":30},"geometry":{"type":"LineString","coordinates":[[-77.03992,-12.114143],[-77.039804,-12.114143],[-77.039793,-12.114143],[-77.038945,-12.114108],[-77.038041,-12.114069],[-77.03735,-12.114042],[-77.037096,-12.114029],[-77.03708,-12.114029],[-77.036992,-12.114025],[-77.036907,-12.114036],[-77.036845,-12.114044],[-77.036748,-12.114042],[-77.035874,-12.114006],[-77.03578,-12.114002],[-77.035675,-12.113998],[-77.034828,-12.113962],[-77.034733,-12.113958],[-77.034152,-12.113935],[-77.033571,-12.113913],[-77.033477,-12.113909],[-77.033376,-12.113905],[-77.032523,-12.113876],[-77.032392,-12.113871],[-77.032283,-12.113867],[-77.031346,-12.113836],[-77.030991,-12.113822],[-77.030024,-12.113779],[-77.029932,-12.113776],[-77.029838,-12.113776],[-77.029766,-12.113775],[-77.029668,-12.113774],[-77.029194,-12.113757],[-77.028725,-12.113735],[-77.027991,-12.113688],[-77.027305,-12.113644],[-77.026521,-12.113602],[-77.026453,-12.113596],[-77.02641,-12.113594],[-77.026326,-12.113589],[-77.026176,-12.113577],[-77.025656,-12.113533],[-77.025503,-12.11352],[-77.025362,-12.113511],[-77.025281,-12.113506],[-77.025089,-12.113492],[-77.024394,-12.113444],[-77.023716,-12.113397],[-77.023442,-12.113379],[-77.023353,-12.113371],[-77.023234,-12.113363],[-77.022315,-12.113301],[-77.021266,-12.113227],[-77.020683,-12.11319],[-77.020208,-12.11316],[-77.019694,-12.113122],[-77.019253,-12.11309],[-77.019175,-12.113084],[-77.018621,-12.113048],[-77.018525,-12.113042],[-77.018425,-12.113035],[-77.018269,-12.113025],[-77.017668,-12.112987],[-77.017067,-12.112949],[-77.016765,-12.112928],[-77.016415,-12.112904],[-77.016335,-12.112897],[-77.016231,-12.112889],[-77.016068,-12.112877],[-77.014997,-12.112803],[-77.014594,-12.112775],[-77.014521,-12.112769],[-77.014457,-12.112765],[-77.014394,-12.11276],[-77.014297,-12.112753],[-77.013714,-12.112713],[-77.013368,-12.112688],[-77.01335,-12.112687],[-77.012928,-12.112665],[-77.012635,-12.112649],[-77.012572,-12.112646],[-77.012487,-12.112642],[-77.012436,-12.112639],[-77.012338,-12.112633],[-77.012259,-12.112628],[-77.012174,-12.112623],[-77.012097,-12.112618],[-77.011997,-12.112612],[-77.011873,-12.112607],[-77.0116,-12.112584],[-77.011567,-12.112582],[-77.011484,-12.112574],[-77.011002,-12.112533],[-77.010972,-12.11253],[-77.010946,-12.112528],[-77.010345,-12.112483],[-77.009728,-12.112433],[-77.009636,-12.112426],[-77.009579,-12.112422],[-77.008927,-12.112379],[-77.008274,-12.112336],[-77.008166,-12.112328],[-77.007704,-12.112292],[-77.007347,-12.112265],[-77.007291,-12.112261],[-77.00726,-12.112259],[-77.007149,-12.11225],[-77.007123,-12.112248],[-77.007043,-12.112243],[-77.006062,-12.112186],[-77.006039,-12.112184],[-77.005546,-12.112156],[-77.004786,-12.112106],[-77.003703,-12.112036],[-77.003658,-12.112032],[-77.003415,-12.112017],[-77.003298,-12.112008],[-77.002751,-12.111972],[-77.002251,-12.111939],[-77.001352,-12.111878],[-77.000454,-12.111816],[-77.000307,-12.111807],[-77.000043,-12.111786],[-76.999923,-12.111862],[-76.999602,-12.111838],[-76.999323,-12.11182],[-76.998331,-12.111754],[-76.997587,-12.111705],[-76.997521,-12.111702],[-76.99732,-12.111685]]}},{"type":"Feature","properties":{"id":"alfredo_benavides","name":"Av. Alfredo Benavides","class":"arterial","maxspeed_kmh":60,"lanes":2,"osm_ways":45},"geometry":{"type":"LineString","coordinates":[[-77.032399,-12.123829],[-77.032378,-12.123834],[-77.032355,-12.12384],[-77.03234,-12.123846],[-77.032268,-12.123874],[-77.031735,-12.124108],[-77.031667,-12.124135],[-77.031623,-12.124155],[-77.031454,-12.124183],[-77.031334,-12.124222],[-77.030797,-12.12431],[-77.030753,-12.124317],[-77.030172,-12.12442],[-77.029486,-12.124537],[-77.029443,-12.124545],[-77.029391,-12.124553],[-77.02931,-12.124566],[-77.028389,-12.124709],[-77.027996,-12.124769],[-77.02793,-12.12478],[-77.027878,-12.124788],[-77.026963,-12.12493],[-77.026905,-12.124939],[-77.026839,-12.124949],[-77.025942,-12.125099],[-77.025573,-12.125159],[-77.024513,-12.125334],[-77.02444,-12.125346],[-77.024405,-12.125352],[-77.023939,-12.125431],[-77.023877,-12.12544],[-77.02379,-12.125453],[-77.023651,-12.125475],[-77.023292,-12.125529],[-77.023194,-12.125544],[-77.02308,-12.125562],[-77.022895,-12.125592],[-77.02195,-12.125745],[-77.02108,-12.125871],[-77.020257,-12.126002],[-77.019604,-12.126103],[-77.018951,-12.126204],[-77.018221,-12.126317],[-77.018114,-12.12633],[-77.017963,-12.126351],[-77.017298,-12.126448],[-77.016754,-12.126536],[-77.01621,-12.126624],[-77.015564,-12.126726],[-77.014638,-12.126872],[-77.014383,-12.126909],[-77.014027,-12.126961],[-77.013813,-12.126996],[-77.013611,-12.12703],[-77.013055,-12.127114],[-77.012964,-12.127129],[-77.012824,-12.127151],[-77.012753,-12.127162],[-77.011857,-12.127302],[-77.011559,-12.127349],[-77.010729,-12.127478],[-77.010604,-12.127498],[-77.010448,-12.127522],[-77.010386,-12.127532],[-77.010153,-12.127568],[-77.009683,-12.127642],[-77.009604,-12.127654],[-77.009474,-12.127672],[-77.009405,-12.127682],[-77.008891,-12.127762],[-77.008778,-12.12778],[-77.007829,-12.12793],[-77.007629,-12.127961],[-77.006619,-12.12813],[-77.006569,-12.128138],[-77.005719,-12.12827],[-77.005201,-12.12835],[-77.005175,-12.128354],[-77.00458,-12.128453],[-77.003986,-12.128552],[-77.003933,-12.128561],[-77.003758,-12.128538],[-77.003676,-12.12855],[-77.002939,-12.128657],[-77.002203,-12.128765],[-77.00162,-12.128858],[-77.001536,-12.128857],[-77.000828,-12.12885],[-76.999921,-12.128837],[-76.999071,-12.128784],[-76.998221,-12.128732],[-76.998073,-12.128725],[-76.997649,-12.128697],[-76.997178,-12.128659],[-76.996151,-12.128573],[-76.996139,-12.128572],[-76.996054,-12.128565],[-76.995974,-12.128559],[-76.995965,-12.128558],[-76.99504,-12.128477],[-76.994544,-12.128433],[-76.994022,-12.128393],[-76.993678,-12.12837],[-76.992959,-12.128329],[-76.992895,-12.128326],[-76.99276,-12.128314],[-76.992427,-12.128277],[-76.992399,-12.128274],[-76.992355,-12.12827],[-76.991908,-12.128233],[-76.991821,-12.128226],[-76.991596,-12.128209],[-76.991556,-12.128207],[-76.991221,-12.128183],[-76.990193,-12.128097],[-76.990006,-12.128082],[-76.989962,-12.128079],[-76.989268,-12.128021],[-76.988575,-12.127963],[-76.988532,-12.127959],[-76.988318,-12.127942],[-76.98793,-12.12791],[-76.987872,-12.127909],[-76.987714,-12.127902],[-76.987624,-12.1279],[-76.987527,-12.127897],[-76.987382,-12.12791],[-76.987331,-12.127912],[-76.986929,-12.12798],[-76.986337,-12.128175],[-76.985743,-12.128393],[-76.985169,-12.128603],[-76.984597,-12.128817],[-76.984025,-12.129031],[-76.983965,-12.129054],[-76.983443,-12.129254],[-76.983097,-12.129379],[-76.983055,-12.129394],[-76.982509,-12.129599],[-76.981908,-12.129811],[-76.981811,-12.129847],[-76.981716,-12.129882],[-76.981499,-12.129962],[-76.981478,-12.12997],[-76.98132,-12.130029],[-76.980479,-12.130343],[-76.980329,-12.130401],[-76.979961,-12.130543],[-76.979773,-12.130615],[-76.979725,-12.130634],[-76.979064,-12.130889],[-76.978709,-12.131022],[-76.978648,-12.131044],[-76.978591,-12.131068],[-76.978527,-12.131092],[-76.978179,-12.131225],[-76.978025,-12.131284],[-76.977991,-12.131297],[-76.977925,-12.13132],[-76.977882,-12.131333],[-76.977689,-12.131396],[-76.977313,-12.131418],[-76.977266,-12.131422],[-76.977155,-12.131417],[-76.977053,-12.131412],[-76.976965,-12.131408],[-76.976837,-12.131402],[-76.976774,-12.131399],[-76.97673,-12.131383],[-76.976701,-12.131338]]}},{"type":"Feature","properties":{"id":"oscar_benavides_colonial","name":"Av. Óscar R. Benavides (Colonial)","class":"arterial","maxspeed_kmh":60,"lanes":3,"osm_ways":63},"geometry":{"type":"LineString","coordinates":[[-77.128053,-12.059095],[-77.127776,-12.059066],[-77.127659,-12.059053],[-77.127528,-12.059039],[-77.127354,-12.059029],[-77.127178,-12.059002],[-77.126825,-12.058965],[-77.12607,-12.058873],[-77.125826,-12.058844],[-77.125279,-12.058777],[-77.124787,-12.058716],[-77.124378,-12.058666],[-77.124172,-12.058641],[-77.123727,-12.05859],[-77.123494,-12.058562],[-77.122925,-12.058495],[-77.122621,-12.058458],[-77.122059,-12.058389],[-77.121752,-12.058351],[-77.12159,-12.05833],[-77.121533,-12.058323],[-77.121414,-12.058306],[-77.121154,-12.058277],[-77.120568,-12.05821],[-77.120237,-12.058155],[-77.119905,-12.058081],[-77.118902,-12.057866],[-77.117899,-12.05765],[-77.117785,-12.057625],[-77.117691,-12.057605],[-77.117587,-12.057584],[-77.116807,-12.057429],[-77.115933,-12.057256],[-77.115441,-12.057158],[-77.114865,-12.057045],[-77.114851,-12.057043],[-77.114707,-12.057012],[-77.114619,-12.056996],[-77.114407,-12.056949],[-77.114261,-12.056916],[-77.114135,-12.056889],[-77.113459,-12.056743],[-77.113059,-12.056654],[-77.112899,-12.056625],[-77.11193,-12.056415],[-77.111841,-12.056397],[-77.111298,-12.056281],[-77.110755,-12.056165],[-77.110196,-12.05604],[-77.109636,-12.055915],[-77.109394,-12.055861],[-77.109283,-12.055838],[-77.109077,-12.055796],[-77.108896,-12.055759],[-77.108358,-12.055649],[-77.107917,-12.055552],[-77.107805,-12.05532],[-77.107681,-12.055291],[-77.107507,-12.055256],[-77.106963,-12.055141],[-77.106419,-12.055025],[-77.106218,-12.054984],[-77.105911,-12.054919],[-77.105784,-12.054893],[-77.105306,-12.054789],[-77.104593,-12.054642],[-77.10388,-12.054495],[-77.103177,-12.054351],[-77.102546,-12.054227],[-77.101887,-12.054094],[-77.101552,-12.054026],[-77.101298,-12.053975],[-77.101252,-12.053966],[-77.100866,-12.053896],[-77.100519,-12.053833],[-77.100179,-12.053772],[-77.100168,-12.05377],[-77.099678,-12.053684],[-77.099103,-12.053588],[-77.09902,-12.053578],[-77.098842,-12.053551],[-77.098734,-12.053553],[-77.098664,-12.053581],[-77.098101,-12.053507],[-77.097538,-12.053433],[-77.096924,-12.053328],[-77.096565,-12.053262],[-77.096474,-12.053315],[-77.096333,-12.053294],[-77.096166,-12.053261],[-77.096137,-12.053255],[-77.096014,-12.053233],[-77.095809,-12.053194],[-77.095707,-12.053175],[-77.095598,-12.053264],[-77.095414,-12.05323],[-77.094437,-12.053057],[-77.09391,-12.052966],[-77.093606,-12.052916],[-77.093147,-12.052841],[-77.093084,-12.052831],[-77.092992,-12.052817],[-77.092888,-12.052801],[-77.09278,-12.052784],[-77.092296,-12.052698],[-77.091673,-12.052583],[-77.09105,-12.052467],[-77.090963,-12.052454],[-77.090907,-12.052444],[-77.089924,-12.052276],[-77.089844,-12.05226],[-77.089743,-12.05224],[-77.089648,-12.052222],[-77.088989,-12.052109],[-77.08795,-12.051927],[-77.087927,-12.05182],[-77.087621,-12.051767],[-77.086724,-12.051603],[-77.086656,-12.05159],[-77.086584,-12.051578],[-77.086461,-12.051557],[-77.086353,-12.051538],[-77.08564,-12.051414],[-77.085384,-12.051369],[-77.085313,-12.051357],[-77.085243,-12.051344],[-77.084431,-12.051193],[-77.08362,-12.051041],[-77.082831,-12.050899],[-77.082164,-12.050784],[-77.081498,-12.050669],[-77.081041,-12.050598],[-77.080034,-12.050443],[-77.079328,-12.050312],[-77.078622,-12.050182],[-77.077869,-12.050052],[-77.077116,-12.049923],[-77.076582,-12.049847],[-77.075914,-12.049777],[-77.075246,-12.049706],[-77.074685,-12.049655],[-77.074124,-12.049604],[-77.074001,-12.049592],[-77.073359,-12.049526],[-77.072717,-12.049461],[-77.072502,-12.049445],[-77.072304,-12.049431],[-77.072215,-12.049426],[-77.072085,-12.049416],[-77.072008,-12.049409],[-77.07169,-12.049374],[-77.071389,-12.049337],[-77.071325,-12.049329],[-77.071253,-12.049322],[-77.070329,-12.049221],[-77.069405,-12.04912],[-77.069266,-12.049105],[-77.068275,-12.048997],[-77.067284,-12.048888],[-77.06722,-12.048882],[-77.067183,-12.048877],[-77.067139,-12.048873],[-77.066782,-12.048837],[-77.066052,-12.048764],[-77.065322,-12.048691],[-77.06497,-12.048657],[-77.06493,-12.048653],[-77.06485,-12.048645],[-77.063802,-12.048537],[-77.062754,-12.048428],[-77.062264,-12.048378],[-77.062087,-12.048359],[-77.061914,-12.048341],[-77.060934,-12.048248],[-77.060912,-12.048246],[-77.060243,-12.04818],[-77.059589,-12.048115],[-77.059451,-12.048102],[-77.059338,-12.048091],[-77.05923,-12.04808],[-77.059029,-12.04806],[-77.058126,-12.04796],[-77.057993,-12.047947],[-77.057624,-12.047911],[-77.057327,-12.047882],[-77.057105,-12.04786],[-77.056499,-12.047803],[-77.055893,-12.047746],[-77.05521,-12.047672],[-77.054526,-12.047597],[-77.054072,-12.047548],[-77.053999,-12.04754],[-77.053879,-12.047528],[-77.0538,-12.04752],[-77.053355,-12.047477],[-77.052933,-12.047436],[-77.052476,-12.047392],[-77.051978,-12.047344],[-77.051409,-12.047289],[-77.050867,-12.047237],[-77.050707,-12.047221],[-77.050633,-12.047213],[-77.05,-12.047147],[-77.049367,-12.04708],[-77.048518,-12.04699],[-77.047739,-12.046908],[-77.047452,-12.046877],[-77.047192,-12.046849],[-77.04693,-12.046822],[-77.046866,-12.046816],[-77.046801,-12.046809],[-77.04675,-12.046804],[-77.046693,-12.046798],[-77.04564,-12.04669],[-77.045575,-12.046684],[-77.04549,-12.046675],[-77.045394,-12.046665],[-77.044789,-12.046604],[-77.044183,-12.046542],[-77.0435,-12.046476],[-77.04344,-12.04647],[-77.043379,-12.046468],[-77.043316,-12.046474],[-77.043259,-12.04649],[-77.043198,-12.046523],[-77.043129,-12.04658]]}},{"type":"Feature","properties":{"id":"venezuela","name":"Av. Venezuela","class":"arterial","maxspeed_kmh":60,"lanes":3,"osm_ways":44},"geometry":{"type":"LineString","coordinates":[[-77.118816,-12.06514],[-77.118724,-12.065195],[-77.118653,-12.065202],[-77.11845,-12.065167],[-77.117673,-12.065038],[-77.116897,-12.06491],[-77.11687,-12.064905],[-77.116228,-12.064784],[-77.115585,-12.064663],[-77.114567,-12.064495],[-77.11384,-12.064363],[-77.113114,-12.064232],[-77.112387,-12.064101],[-77.112163,-12.064061],[-77.111246,-12.063891],[-77.110329,-12.063721],[-77.109412,-12.063551],[-77.108885,-12.063457],[-77.108731,-12.063429],[-77.108587,-12.063403],[-77.108433,-12.063376],[-77.108006,-12.063299],[-77.107722,-12.063261],[-77.107394,-12.063228],[-77.107144,-12.063224],[-77.106329,-12.063254],[-77.105993,-12.063261],[-77.105686,-12.063251],[-77.105247,-12.063204],[-77.104842,-12.063166],[-77.104741,-12.063157],[-77.104673,-12.063152],[-77.104616,-12.063147],[-77.104451,-12.063134],[-77.104297,-12.063121],[-77.103495,-12.063046],[-77.102693,-12.06297],[-77.101892,-12.062895],[-77.101188,-12.062831],[-77.10056,-12.062797],[-77.099794,-12.062719],[-77.099005,-12.062645],[-77.098217,-12.062571],[-77.09806,-12.062548],[-77.097794,-12.062504],[-77.097698,-12.062487],[-77.097455,-12.062444],[-77.097362,-12.06243],[-77.097247,-12.062413],[-77.0971,-12.062394],[-77.097044,-12.062389],[-77.096961,-12.062381],[-77.096665,-12.062353],[-77.096474,-12.062354],[-77.096344,-12.062362],[-77.096214,-12.062374],[-77.096073,-12.062365],[-77.096018,-12.062362],[-77.095944,-12.062355],[-77.095809,-12.062343],[-77.094826,-12.062248],[-77.094754,-12.062242],[-77.094626,-12.062229],[-77.093704,-12.062142],[-77.093359,-12.06211],[-77.093175,-12.062093],[-77.092577,-12.062035],[-77.092435,-12.062022],[-77.091772,-12.061956],[-77.09166,-12.061946],[-77.09155,-12.061935],[-77.09149,-12.06193],[-77.091417,-12.061923],[-77.090789,-12.061865],[-77.09016,-12.061806],[-77.089846,-12.061777],[-77.08958,-12.061752],[-77.089486,-12.061744],[-77.088691,-12.061664],[-77.088645,-12.061659],[-77.088514,-12.061646],[-77.088297,-12.061624],[-77.08784,-12.061583],[-77.087191,-12.061519],[-77.086754,-12.061477],[-77.086535,-12.06145],[-77.086418,-12.061434],[-77.086186,-12.061398],[-77.086087,-12.061383],[-77.085999,-12.061369],[-77.085846,-12.061345],[-77.085063,-12.061222],[-77.084979,-12.061184],[-77.084486,-12.061129],[-77.083641,-12.061026],[-77.082795,-12.060923],[-77.08261,-12.060901],[-77.082178,-12.060839],[-77.081749,-12.060756],[-77.080904,-12.060559],[-77.080059,-12.060363],[-77.079214,-12.060166],[-77.078622,-12.060027],[-77.07803,-12.059888],[-77.077374,-12.059734],[-77.0773,-12.059714],[-77.077123,-12.059667],[-77.077041,-12.059684],[-77.076976,-12.059706],[-77.076881,-12.059748],[-77.076826,-12.059765],[-77.076778,-12.059776],[-77.07666,-12.05979],[-77.076535,-12.059778],[-77.076509,-12.059772],[-77.076373,-12.059739],[-77.076176,-12.059694],[-77.075814,-12.059607],[-77.075648,-12.059563],[-77.075543,-12.05954],[-77.074962,-12.059416],[-77.074861,-12.059397],[-77.074236,-12.059256],[-77.074191,-12.059246],[-77.074147,-12.059235],[-77.073767,-12.059147],[-77.073685,-12.05913],[-77.073531,-12.059094],[-77.073219,-12.059019],[-77.073181,-12.059011],[-77.073129,-12.058998],[-77.07294,-12.058706],[-77.07289,-12.058643],[-77.07286,-12.058617],[-77.072803,-12.058584],[-77.072739,-12.058566],[-77.072194,-12.058453],[-77.072103,-12.058433],[-77.071992,-12.058409],[-77.071822,-12.058373],[-77.071659,-12.05834],[-77.071241,-12.058255],[-77.071184,-12.058244],[-77.070379,-12.058087],[-77.069575,-12.057931],[-77.069261,-12.057873],[-77.069218,-12.057865],[-77.069172,-12.057857],[-77.068991,-12.057823],[-77.068668,-12.057766],[-77.068503,-12.057737],[-77.068408,-12.05772],[-77.067973,-12.057627],[-77.067711,-12.057574],[-77.066944,-12.05742],[-77.066663,-12.057371],[-77.066635,-12.057366],[-77.066322,-12.05731],[-77.065884,-12.057233],[-77.065521,-12.057174],[-77.065197,-12.057118],[-77.065137,-12.057113],[-77.065085,-12.057114],[-77.064914,-12.05716],[-77.064865,-12.05717],[-77.064813,-12.057173],[-77.06476,-12.057166],[-77.064119,-12.057044],[-77.064057,-12.057025],[-77.063941,-12.056963],[-77.063837,-12.056922],[-77.063756,-12.056896],[-77.063643,-12.056869],[-77.063465,-12.056832],[-77.062754,-12.056686],[-77.062658,-12.056666],[-77.062361,-12.056603],[-77.061774,-12.056489],[-77.061724,-12.056477],[-77.06167,-12.056462],[-77.061637,-12.056449],[-77.061606,-12.056434],[-77.061444,-12.056424],[-77.061366,-12.056378],[-77.0613,-12.056363],[-77.060788,-12.056257],[-77.060659,-12.056233],[-77.060633,-12.056228],[-77.060133,-12.056126],[-77.059605,-12.056032],[-77.058977,-12.055912],[-77.058348,-12.055792],[-77.05811,-12.055746],[-77.05807,-12.055739],[-77.057764,-12.05581],[-77.057716,-12.055801],[-77.057687,-12.055795],[-77.057608,-12.055784],[-77.057528,-12.055776],[-77.056649,-12.055651],[-77.05647,-12.055662],[-77.056352,-12.055663],[-77.056229,-12.055659],[-77.056089,-12.055648],[-77.055994,-12.055636],[-77.055361,-12.055585],[-77.054727,-12.055534],[-77.053864,-12.055462],[-77.053281,-12.055413],[-77.053194,-12.055406],[-77.052925,-12.055383],[-77.052583,-12.055355],[-77.052504,-12.055346],[-77.052427,-12.055341],[-77.05233,-12.055333],[-77.051975,-12.055304],[-77.051858,-12.055298],[-77.051433,-12.055258],[-77.051254,-12.055243],[-77.051112,-12.055232],[-77.051089,-12.05523],[-77.051021,-12.055225],[-77.050955,-12.055219],[-77.050887,-12.055214],[-77.050787,-12.055206],[-77.050047,-12.055145],[-77.049859,-12.05513],[-77.0498,-12.055125],[-77.04951,-12.055101],[-77.049242,-12.055081],[-77.04914,-12.055072],[-77.049002,-12.05506],[-77.048649,-12.055031],[-77.048389,-12.05501],[-77.048222,-12.054996],[-77.047651,-12.05495],[-77.047493,-12.054937],[-77.047388,-12.054929],[-77.047044,-12.054901],[-77.046976,-12.054896],[-77.046743,-12.054877],[-77.046211,-12.054834],[-77.046121,-12.054826],[-77.04578,-12.054799],[-77.045096,-12.054742],[-77.045018,-12.054737],[-77.044808,-12.054718],[-77.044569,-12.054699],[-77.044495,-12.054693],[-77.044349,-12.054681],[-77.043799,-12.054635],[-77.043657,-12.054624],[-77.043035,-12.054573],[-77.04228,-12.05451],[-77.042203,-12.054504]]}},{"type":"Feature","properties":{"id":"tacna_garcilaso","name":"Av. Tacna – Garcilaso de la Vega","class":"arterial","maxspeed_kmh":50,"lanes":2,"osm_ways":59},"geometry":{"type":"LineString","coordinates":[[-77.018322,-12.029057],[-77.018444,-12.029049],[-77.018492,-12.029048],[-77.018524,-12.02905],[-77.018545,-12.029052],[-77.018587,-12.029056],[-77.018633,-12.029063],[-77.018647,-12.029065],[-77.018673,-12.02907],[-77.018715,-12.029086],[-77.018773,-12.02911],[-77.018857,-12.029147],[-77.019001,-12.029098],[-77.01905,-12.029135],[-77.01912,-12.029185],[-77.019589,-12.029414],[-77.019742,-12.029487],[-77.020683,-12.029921],[-77.021625,-12.030355],[-77.021735,-12.03035],[-77.021785,-12.030346],[-77.021842,-12.03034],[-77.021895,-12.030325],[-77.021933,-12.030314],[-77.022006,-12.030288],[-77.022178,-12.030207],[-77.022331,-12.030093],[-77.023031,-12.029579],[-77.023088,-12.029536],[-77.023147,-12.029501],[-77.023204,-12.029473],[-77.023261,-12.029445],[-77.023352,-12.029407],[-77.023467,-12.029377],[-77.023604,-12.029351],[-77.023695,-12.029341],[-77.023816,-12.029343],[-77.023928,-12.029347],[-77.024012,-12.029355],[-77.0241,-12.029369],[-77.024194,-12.029399],[-77.024297,-12.029434],[-77.02441,-12.029479],[-77.024499,-12.029525],[-77.024594,-12.02958],[-77.024653,-12.02962],[-77.024678,-12.029637],[-77.024766,-12.029693],[-77.025595,-12.030294],[-77.025719,-12.030384],[-77.025841,-12.030474],[-77.026207,-12.030771],[-77.026298,-12.030846],[-77.02675,-12.031214],[-77.027202,-12.031581],[-77.027341,-12.031694],[-77.027463,-12.031795],[-77.027527,-12.031851],[-77.027639,-12.031952],[-77.027736,-12.03207],[-77.027805,-12.032155],[-77.027849,-12.032206],[-77.028042,-12.03243],[-77.028112,-12.032512],[-77.028143,-12.032549],[-77.028205,-12.032622],[-77.028236,-12.032661],[-77.02827,-12.032708],[-77.028341,-12.032815],[-77.028401,-12.032905],[-77.028413,-12.032923],[-77.028589,-12.033193],[-77.028719,-12.033394],[-77.028795,-12.03351],[-77.028821,-12.03355],[-77.028853,-12.0336],[-77.029178,-12.034099],[-77.029336,-12.034342],[-77.029489,-12.034578],[-77.029584,-12.034723],[-77.029629,-12.034791],[-77.029716,-12.034925],[-77.029739,-12.034961],[-77.029763,-12.034997],[-77.029856,-12.035141],[-77.029888,-12.035192],[-77.030315,-12.035859],[-77.030748,-12.036535],[-77.030832,-12.036666],[-77.030865,-12.036718],[-77.030888,-12.036753],[-77.030936,-12.036828],[-77.031046,-12.037],[-77.031159,-12.037176],[-77.031645,-12.037936],[-77.031764,-12.038121],[-77.031855,-12.038264],[-77.031875,-12.038296],[-77.032152,-12.038728],[-77.032211,-12.03882],[-77.032277,-12.03891],[-77.032321,-12.038972],[-77.032406,-12.039091],[-77.032563,-12.039327],[-77.03286,-12.039759],[-77.03288,-12.03978],[-77.032902,-12.039802],[-77.032934,-12.039831],[-77.03325,-12.040292],[-77.033566,-12.040752],[-77.034013,-12.041405],[-77.034461,-12.042058],[-77.03476,-12.042495],[-77.034837,-12.042606],[-77.034882,-12.042677],[-77.034927,-12.042738],[-77.035208,-12.043142],[-77.035442,-12.043487],[-77.035477,-12.043535],[-77.035529,-12.043606],[-77.035578,-12.043676],[-77.035626,-12.043748],[-77.036083,-12.044431],[-77.036125,-12.044489],[-77.036168,-12.044548],[-77.036196,-12.04459],[-77.036309,-12.044757],[-77.03678,-12.045444],[-77.03681,-12.045488],[-77.036837,-12.045526],[-77.03689,-12.045602],[-77.036895,-12.045608],[-77.037397,-12.046314],[-77.037423,-12.04635],[-77.037444,-12.046383],[-77.037478,-12.046432],[-77.037529,-12.046505],[-77.037547,-12.046529],[-77.03764,-12.04666],[-77.038078,-12.047301],[-77.038097,-12.047329],[-77.038102,-12.047335],[-77.038118,-12.047359],[-77.038167,-12.047432],[-77.038197,-12.047472],[-77.038405,-12.047771],[-77.038808,-12.04835],[-77.038839,-12.048396],[-77.03895,-12.048558],[-77.03897,-12.048589],[-77.038979,-12.048613],[-77.038984,-12.048641],[-77.038985,-12.04866],[-77.038983,-12.048694],[-77.038978,-12.048758],[-77.03897,-12.048808],[-77.03906,-12.048922],[-77.039055,-12.048959],[-77.038969,-12.049607],[-77.038883,-12.050254],[-77.038854,-12.050466],[-77.038832,-12.050638],[-77.038832,-12.050642],[-77.038805,-12.050927],[-77.038799,-12.050979],[-77.038795,-12.05101],[-77.038789,-12.051059],[-77.038787,-12.051075],[-77.038778,-12.05114],[-77.038732,-12.051515],[-77.038654,-12.052101],[-77.038566,-12.052769],[-77.038501,-12.053304],[-77.038494,-12.053376],[-77.038441,-12.053941],[-77.038431,-12.054057],[-77.038421,-12.054166],[-77.038414,-12.054256],[-77.038411,-12.054289],[-77.038399,-12.054441],[-77.038342,-12.055134],[-77.038286,-12.055826],[-77.038277,-12.055898],[-77.038278,-12.055908],[-77.038273,-12.055956],[-77.03827,-12.055984],[-77.038268,-12.05602],[-77.038267,-12.056029],[-77.038193,-12.056883],[-77.038119,-12.057736],[-77.038117,-12.057762],[-77.038114,-12.057801],[-77.038112,-12.057835],[-77.038107,-12.057874],[-77.038096,-12.057996],[-77.038091,-12.058034],[-77.03809,-12.058047],[-77.038027,-12.058839],[-77.037963,-12.059632],[-77.037958,-12.059693],[-77.037946,-12.059824],[-77.037925,-12.060045],[-77.03792,-12.06012],[-77.037881,-12.060594],[-77.037836,-12.061137],[-77.037863,-12.06126],[-77.037857,-12.061343],[-77.037843,-12.06154],[-77.03783,-12.061694],[-77.037819,-12.061828],[-77.037807,-12.061951],[-77.037785,-12.062171],[-77.037805,-12.062331],[-77.037765,-12.062669],[-77.03771,-12.063376],[-77.037648,-12.064103],[-77.037641,-12.064259]]}},{"type":"Feature","properties":{"id":"abancay","name":"Av. Abancay","class":"arterial","maxspeed_kmh":50,"lanes":4,"osm_ways":17},"geometry":{"type":"LineString","coordinates":[[-77.023837,-12.042526],[-77.023871,-12.042643],[-77.023897,-12.042679],[-77.023931,-12.042726],[-77.023967,-12.042779],[-77.024045,-12.042892],[-77.024109,-12.042984],[-77.024162,-12.043066],[-77.024194,-12.043122],[-77.024593,-12.043899],[-77.024991,-12.044677],[-77.025057,-12.044823],[-77.025185,-12.045096],[-77.025217,-12.045162],[-77.025372,-12.045456],[-77.025652,-12.04599],[-77.025932,-12.046524],[-77.025997,-12.046648],[-77.026039,-12.046725],[-77.02606,-12.046764],[-77.026194,-12.047007],[-77.026225,-12.047063],[-77.026522,-12.04763],[-77.026588,-12.047749],[-77.026631,-12.047841],[-77.026663,-12.047902],[-77.026702,-12.047978],[-77.02707,-12.04869],[-77.027127,-12.048799],[-77.027148,-12.048838],[-77.027169,-12.048878],[-77.027194,-12.048925],[-77.027248,-12.049024],[-77.027636,-12.049746],[-77.027671,-12.049805],[-77.027725,-12.049907],[-77.02777,-12.049997],[-77.02817,-12.050769],[-77.028225,-12.05088],[-77.028309,-12.051044],[-77.02833,-12.051087],[-77.028602,-12.051599],[-77.028649,-12.051688],[-77.028706,-12.051797],[-77.028761,-12.051902],[-77.028798,-12.051971],[-77.028845,-12.052059],[-77.029245,-12.052793],[-77.029308,-12.052902],[-77.029356,-12.052988],[-77.029374,-12.053018],[-77.029426,-12.053124],[-77.029607,-12.053484],[-77.029652,-12.053569],[-77.029774,-12.053801],[-77.029863,-12.05397],[-77.030101,-12.054392],[-77.030156,-12.054496],[-77.030198,-12.054585],[-77.030233,-12.054662],[-77.030241,-12.054682],[-77.030272,-12.054763],[-77.030283,-12.0548],[-77.030298,-12.054848],[-77.030313,-12.054933],[-77.030319,-12.055062],[-77.030315,-12.055173],[-77.030308,-12.055257],[-77.030306,-12.055282],[-77.030209,-12.055955],[-77.030129,-12.056547],[-77.030114,-12.056676],[-77.030109,-12.056712],[-77.030104,-12.056746],[-77.030075,-12.056947],[-77.029965,-12.057701],[-77.029953,-12.057794],[-77.02994,-12.057886],[-77.029826,-12.058828],[-77.029814,-12.058921]]}},{"type":"Feature","properties":{"id":"grau","name":"Av. Grau","class":"arterial","maxspeed_kmh":50,"lanes":3,"osm_ways":19},"geometry":{"type":"LineString","coordinates":[[-77.036072,-12.060196],[-77.036028,-12.060223],[-77.035962,-12.060258],[-77.035892,-12.060283],[-77.035819,-12.060298],[-77.035744,-12.060302],[-77.035669,-12.060296],[-77.035596,-12.06028],[-77.035527,-12.060253],[-77.03546,-12.06021],[-77.035403,-12.06016],[-77.035216,-12.059993],[-77.035164,-12.059965],[-77.035086,-12.059921],[-77.034973,-12.05989],[-77.034863,-12.059877],[-77.034461,-12.059823],[-77.03394,-12.059759],[-77.033123,-12.059658],[-77.032848,-12.059625],[-77.032803,-12.059619],[-77.032757,-12.059613],[-77.032142,-12.059531],[-77.031559,-12.059454],[-77.031484,-12.059444],[-77.031383,-12.059432],[-77.031289,-12.059419],[-77.030628,-12.059336],[-77.029967,-12.059252],[-77.029888,-12.059242],[-77.029772,-12.059226],[-77.029705,-12.059217],[-77.029092,-12.059145],[-77.028461,-12.059057],[-77.028385,-12.059048],[-77.028305,-12.059039],[-77.027587,-12.058948],[-77.026775,-12.058844],[-77.026684,-12.058832],[-77.026616,-12.058821],[-77.026143,-12.058761],[-77.025471,-12.058675],[-77.025395,-12.058666],[-77.024783,-12.058581],[-77.024311,-12.058525],[-77.02428,-12.058521],[-77.024181,-12.058509],[-77.024085,-12.058498],[-77.023879,-12.05847],[-77.023268,-12.058374],[-77.023216,-12.058368],[-77.022925,-12.058335],[-77.022479,-12.058283],[-77.022072,-12.058233],[-77.021826,-12.058199],[-77.021759,-12.05819],[-77.021694,-12.058182],[-77.021169,-12.058121],[-77.020404,-12.058025],[-77.019596,-12.057909],[-77.019568,-12.057906],[-77.01944,-12.05789],[-77.019346,-12.057875],[-77.018572,-12.057777],[-77.018458,-12.05776],[-77.018355,-12.057745],[-77.01818,-12.057724],[-77.017755,-12.057673],[-77.017563,-12.057376],[-77.017474,-12.057368],[-77.017332,-12.057348],[-77.017303,-12.057344],[-77.017006,-12.057307],[-77.016637,-12.05726],[-77.016554,-12.057239],[-77.015796,-12.056956],[-77.015037,-12.056674],[-77.014947,-12.056633],[-77.014905,-12.056612],[-77.014882,-12.056598],[-77.014801,-12.056533],[-77.014738,-12.056456],[-77.014716,-12.056431],[-77.014325,-12.055951],[-77.013935,-12.055471],[-77.013715,-12.055202],[-77.013577,-12.055045],[-77.01347,-12.054923],[-77.013372,-12.054803],[-77.013339,-12.054759],[-77.013153,-12.054503],[-77.012825,-12.05408],[-77.01243,-12.053603],[-77.012416,-12.053586],[-77.012406,-12.053574],[-77.012384,-12.053551],[-77.012321,-12.053482],[-77.012205,-12.053341],[-77.01216,-12.053283],[-77.011914,-12.05296],[-77.011696,-12.052683],[-77.011539,-12.052486],[-77.011201,-12.052064],[-77.010797,-12.051598],[-77.010746,-12.051524],[-77.010687,-12.05144],[-77.01062,-12.051339],[-77.010535,-12.051237],[-77.010513,-12.051211],[-77.010298,-12.050953],[-77.009926,-12.050511],[-77.009823,-12.050368],[-77.00973,-12.050222],[-77.009663,-12.050084],[-77.009625,-12.04997],[-77.009592,-12.04979],[-77.009582,-12.049695],[-77.009434,-12.049735],[-77.009316,-12.049691],[-77.009237,-12.049594],[-77.008954,-12.049245],[-77.008671,-12.048901],[-77.008639,-12.048862],[-77.008463,-12.048643],[-77.008434,-12.048606]]}},{"type":"Feature","properties":{"id":"canada","name":"Av. Canadá","class":"arterial","maxspeed_kmh":50,"lanes":4,"osm_ways":23},"geometry":{"type":"LineString","coordinates":[[-77.02686,-12.08252],[-77.026807,-12.082514],[-77.026335,-12.08243],[-77.02625,-12.082417],[-77.026153,-12.082403],[-77.025597,-12.082309],[-77.025457,-12.082281],[-77.024625,-12.082109],[-77.024388,-12.082059],[-77.024148,-12.082014],[-77.02388,-12.081961],[-77.023433,-12.081865],[-77.023362,-12.08185],[-77.023064,-12.08179],[-77.023023,-12.081781],[-77.02238,-12.081649],[-77.021727,-12.081525],[-77.02164,-12.081511],[-77.021541,-12.081494],[-77.021495,-12.081486],[-77.021412,-12.08147],[-77.020916,-12.081371],[-77.020522,-12.081314],[-77.019863,-12.081298],[-77.019665,-12.081304],[-77.019514,-12.081316],[-77.019398,-12.081323],[-77.019121,-12.081369],[-77.018423,-12.081544],[-77.017421,-12.081947],[-77.017324,-12.081986],[-77.017265,-12.08201],[-77.017155,-12.082063],[-77.017107,-12.082084],[-77.016109,-12.08253],[-77.015923,-12.082613],[-77.015726,-12.082703],[-77.015097,-12.082984],[-77.014468,-12.083264],[-77.014366,-12.08331],[-77.014307,-12.083336],[-77.014208,-12.08338],[-77.01406,-12.08345],[-77.013874,-12.083364],[-77.013792,-12.083402],[-77.013515,-12.083527],[-77.01339,-12.083587],[-77.013134,-12.083708],[-77.012983,-12.083773],[-77.012472,-12.083991],[-77.012365,-12.084037],[-77.011587,-12.084383],[-77.010965,-12.084659],[-77.010508,-12.084789],[-77.010187,-12.084803],[-77.010102,-12.084806],[-77.00996,-12.084791],[-77.009888,-12.084781],[-77.008837,-12.084637],[-77.008349,-12.084578],[-77.00828,-12.084568],[-77.008157,-12.08455],[-77.008085,-12.084541],[-77.008039,-12.084535],[-77.00761,-12.084473],[-77.00744,-12.084452],[-77.006641,-12.084343],[-77.005842,-12.084235],[-77.005549,-12.084192],[-77.004967,-12.084109],[-77.004385,-12.084025],[-77.004306,-12.084016],[-77.00404,-12.083967],[-77.003936,-12.083955],[-77.003862,-12.083944],[-77.002799,-12.083806],[-77.002648,-12.083782],[-77.002572,-12.083771],[-77.002536,-12.083766],[-77.001767,-12.083653],[-77.000998,-12.08354],[-77.000972,-12.083536],[-77.000916,-12.083528],[-77.000842,-12.083517],[-77.000783,-12.083509],[-77.000687,-12.083496],[-77.000686,-12.083496],[-77.000679,-12.083495],[-77.000031,-12.083402],[-76.999923,-12.083385],[-76.999814,-12.083365],[-76.999435,-12.083314],[-76.999015,-12.08322],[-76.998909,-12.083178],[-76.998661,-12.08308],[-76.998006,-12.082724],[-76.997953,-12.082691],[-76.997426,-12.082388],[-76.997357,-12.082349],[-76.997213,-12.082261],[-76.997167,-12.082234],[-76.997093,-12.082192],[-76.996773,-12.08201],[-76.996311,-12.081735],[-76.996279,-12.081716],[-76.995882,-12.081531],[-76.995501,-12.081405],[-76.994943,-12.081284],[-76.994384,-12.081162],[-76.994117,-12.081085],[-76.993755,-12.080958],[-76.993663,-12.080922],[-76.99353,-12.080852],[-76.99346,-12.080822],[-76.993416,-12.080797],[-76.993017,-12.080525],[-76.992466,-12.080125],[-76.992157,-12.079889],[-76.991761,-12.079591],[-76.991315,-12.079252],[-76.990869,-12.078913],[-76.990806,-12.078866],[-76.990698,-12.078787],[-76.99022,-12.078422],[-76.989905,-12.078188],[-76.989781,-12.078096],[-76.9894,-12.077813],[-76.989334,-12.077764],[-76.989171,-12.077643],[-76.989049,-12.077553]]}},{"type":"Feature","properties":{"id":"salaverry","name":"Av. Salaverry","class":"arterial","maxspeed_kmh":45,"lanes":2,"osm_ways":30},"geometry":{"type":"LineString","coordinates":[[-77.038956,-12.064715],[-77.039119,-12.065002],[-77.039113,-12.065021],[-77.039109,-12.065035],[-77.039108,-12.065052],[-77.039111,-12.065094],[-77.039158,-12.06547],[-77.039193,-12.065736],[-77.039247,-12.066135],[-77.039392,-12.066937],[-77.039538,-12.06774],[-77.039627,-12.068154],[-77.039694,-12.068478],[-77.039756,-12.068682],[-77.039861,-12.068942],[-77.039885,-12.069],[-77.040148,-12.069588],[-77.04041,-12.070176],[-77.04071,-12.07083],[-77.04074,-12.070901],[-77.040776,-12.070985],[-77.040817,-12.071076],[-77.040958,-12.071388],[-77.041257,-12.072025],[-77.04129,-12.072099],[-77.041322,-12.07217],[-77.041596,-12.072779],[-77.041906,-12.073372],[-77.041937,-12.073455],[-77.041981,-12.073576],[-77.042005,-12.073663],[-77.042026,-12.073767],[-77.042038,-12.073823],[-77.04205,-12.073908],[-77.042114,-12.074459],[-77.042178,-12.07501],[-77.042182,-12.075086],[-77.042206,-12.075203],[-77.042228,-12.075293],[-77.042263,-12.075589],[-77.042294,-12.07593],[-77.042308,-12.076348],[-77.04231,-12.0764],[-77.042317,-12.07652],[-77.04232,-12.076615],[-77.04232,-12.076652],[-77.042355,-12.077557],[-77.042356,-12.077599],[-77.042358,-12.077691],[-77.04237,-12.078682],[-77.042374,-12.078967],[-77.042375,-12.079031],[-77.042389,-12.079573],[-77.042401,-12.079695],[-77.042424,-12.079866],[-77.042447,-12.079967],[-77.042461,-12.08003],[-77.042488,-12.080145],[-77.042528,-12.080278],[-77.042592,-12.080441],[-77.042655,-12.080577],[-77.042777,-12.080793],[-77.042876,-12.08095],[-77.042963,-12.081064],[-77.043042,-12.081155],[-77.043147,-12.081273],[-77.043248,-12.081379],[-77.043318,-12.081446],[-77.043401,-12.081516],[-77.043485,-12.081577],[-77.043587,-12.081638],[-77.043705,-12.081701],[-77.043825,-12.081761],[-77.043927,-12.0818],[-77.044052,-12.08185],[-77.044749,-12.082071],[-77.045446,-12.082292],[-77.045558,-12.082326],[-77.045699,-12.082389],[-77.045822,-12.082458],[-77.045935,-12.08253],[-77.046024,-12.0826],[-77.04645,-12.082957],[-77.04698,-12.08343],[-77.047586,-12.08396],[-77.047702,-12.084068],[-77.047814,-12.084175],[-77.047862,-12.084217],[-77.048666,-12.084919],[-77.048715,-12.08496],[-77.048835,-12.085071],[-77.048899,-12.085131],[-77.04895,-12.085178],[-77.048985,-12.085212],[-77.049026,-12.08525],[-77.049071,-12.085292],[-77.049163,-12.085376],[-77.049377,-12.085598],[-77.049519,-12.08577],[-77.049682,-12.085987],[-77.049858,-12.086258],[-77.050083,-12.086619],[-77.050177,-12.086774],[-77.050252,-12.086901],[-77.050297,-12.08699],[-77.050417,-12.087227],[-77.050731,-12.087842],[-77.050737,-12.087853],[-77.050807,-12.088001],[-77.050873,-12.088132],[-77.050933,-12.088247],[-77.051145,-12.088662],[-77.051296,-12.088959],[-77.051411,-12.089185],[-77.051476,-12.089313],[-77.051516,-12.08939],[-77.05173,-12.08981],[-77.051804,-12.089963],[-77.051882,-12.090107],[-77.051985,-12.090309],[-77.052004,-12.090348],[-77.052175,-12.090682],[-77.05219,-12.090711],[-77.052347,-12.091018],[-77.052745,-12.091798],[-77.0528,-12.091906],[-77.052884,-12.092071],[-77.05313,-12.092553],[-77.053261,-12.092811],[-77.053273,-12.092832],[-77.053277,-12.092842],[-77.053304,-12.092894],[-77.053381,-12.09304],[-77.053401,-12.093075],[-77.053407,-12.093087],[-77.053519,-12.093297],[-77.054021,-12.094234],[-77.054333,-12.094853],[-77.0544,-12.094988],[-77.054408,-12.095004],[-77.054418,-12.095022],[-77.054451,-12.095088],[-77.054527,-12.095239],[-77.054543,-12.095272],[-77.054552,-12.095289],[-77.054917,-12.096012],[-77.055405,-12.09698],[-77.055852,-12.097865],[-77.055904,-12.097974],[-77.056023,-12.098204],[-77.056161,-12.09847],[-77.056423,-12.098975],[-77.056443,-12.099017],[-77.05694,-12.099979],[-77.056973,-12.100043],[-77.057301,-12.100673],[-77.057524,-12.101111],[-77.057572,-12.101202],[-77.057591,-12.101238],[-77.057632,-12.101317],[-77.057956,-12.101953],[-77.058279,-12.10259],[-77.058307,-12.102644],[-77.058315,-12.10266],[-77.058337,-12.102704],[-77.058376,-12.102781],[-77.05844,-12.102905]]}},{"type":"Feature","properties":{"id":"proceres_independencia","name":"Av. Próceres de la Independencia","class":"arterial","maxspeed_kmh":50,"lanes":2,"osm_ways":18},"geometry":{"type":"LineString","coordinates":[[-77.006861,-11.98486],[-77.006891,-11.98494],[-77.006964,-11.985175],[-77.007087,-11.985567],[-77.007191,-11.985804],[-77.007298,-11.985995],[-77.007412,-11.986156],[-77.007529,-11.986307],[-77.007657,-11.986439],[-77.007814,-11.98659],[-77.008121,-11.986865],[-77.008349,-11.987069],[-77.008981,-11.987624],[-77.009612,-11.988179],[-77.009996,-11.988526],[-77.010215,-11.988755],[-77.010249,-11.988798],[-77.010375,-11.988953],[-77.010478,-11.989113],[-77.010529,-11.989192],[-77.010592,-11.989308],[-77.010651,-11.989418],[-77.010767,-11.989648],[-77.01083,-11.989774],[-77.010874,-11.989882],[-77.010914,-11.989992],[-77.010985,-11.990233],[-77.011075,-11.990647],[-77.011113,-11.990843],[-77.01117,-11.991127],[-77.011205,-11.991369],[-77.011218,-11.991528],[-77.011223,-11.991698],[-77.011223,-11.991869],[-77.011216,-11.991996],[-77.011207,-11.99214],[-77.011194,-11.992276],[-77.011168,-11.992446],[-77.011141,-11.992575],[-77.011098,-11.992764],[-77.010912,-11.993418],[-77.010903,-11.99345],[-77.010893,-11.993487],[-77.010819,-11.993734],[-77.010812,-11.993758],[-77.010802,-11.993789],[-77.010572,-11.994552],[-77.010342,-11.995315],[-77.010112,-11.996078],[-77.010085,-11.996169],[-77.010063,-11.996243],[-77.009897,-11.996791],[-77.009815,-11.997064],[-77.009809,-11.997082],[-77.009803,-11.997104],[-77.009791,-11.997144],[-77.009765,-11.997226],[-77.009738,-11.997318],[-77.009728,-11.997352],[-77.009725,-11.997365],[-77.009718,-11.99739],[-77.009702,-11.997451],[-77.009435,-11.998438],[-77.009168,-11.999425],[-77.009044,-11.999887],[-77.008828,-12.000693],[-77.008612,-12.001499],[-77.008593,-12.001568],[-77.008566,-12.001656],[-77.008499,-12.001877],[-77.008436,-12.002082],[-77.008381,-12.002242],[-77.008326,-12.002381],[-77.008272,-12.002511],[-77.008212,-12.002624],[-77.008056,-12.002897],[-77.007949,-12.003078],[-77.007802,-12.003332],[-77.00736,-12.004041],[-77.006854,-12.004833],[-77.006349,-12.005625],[-77.006281,-12.005731],[-77.006194,-12.005867],[-77.006182,-12.005886],[-77.00618,-12.005889],[-77.006125,-12.005974],[-77.006048,-12.006096],[-77.005965,-12.006219],[-77.005943,-12.006254],[-77.005893,-12.006332],[-77.005653,-12.006694],[-77.005628,-12.006733],[-77.005092,-12.007571],[-77.004606,-12.00833],[-77.004555,-12.008405],[-77.004235,-12.008908],[-77.003914,-12.00941],[-77.003441,-12.010154],[-77.003142,-12.010625],[-77.002842,-12.011096],[-77.002549,-12.01157],[-77.00249,-12.011679],[-77.002439,-12.01178],[-77.002393,-12.011896],[-77.002341,-12.012031],[-77.002302,-12.012156],[-77.00226,-12.012327],[-77.002224,-12.012496],[-77.002202,-12.012645],[-77.002179,-12.012849],[-77.002157,-12.013093],[-77.002152,-12.013143],[-77.002147,-12.013199],[-77.002143,-12.013245],[-77.002139,-12.013311],[-77.002072,-12.014381],[-77.002005,-12.015451],[-77.001994,-12.015622],[-77.001974,-12.016005],[-77.00197,-12.016259],[-77.00198,-12.016421],[-77.001986,-12.016482],[-77.001997,-12.01658],[-77.00204,-12.016803],[-77.002048,-12.016831],[-77.002059,-12.016861],[-77.002064,-12.016873],[-77.002179,-12.017118],[-77.002277,-12.01732],[-77.002336,-12.017406],[-77.002413,-12.017489],[-77.002562,-12.017676],[-77.002579,-12.017698],[-77.002612,-12.01774],[-77.002644,-12.01778],[-77.002683,-12.01783],[-77.002704,-12.017857],[-77.002761,-12.017929],[-77.002805,-12.017981],[-77.002922,-12.018124],[-77.003012,-12.018239],[-77.003161,-12.01843],[-77.003317,-12.018639],[-77.003391,-12.018729],[-77.003518,-12.018875],[-77.003615,-12.018987],[-77.003747,-12.019131],[-77.003871,-12.019283],[-77.00426,-12.019604],[-77.004401,-12.019713],[-77.004411,-12.019721],[-77.004614,-12.01988],[-77.004888,-12.020129],[-77.00508,-12.020328],[-77.005132,-12.020385],[-77.005278,-12.020535],[-77.00575,-12.021029],[-77.006223,-12.021524],[-77.006897,-12.022244],[-77.007274,-12.022644],[-77.007651,-12.023044],[-77.007748,-12.023147],[-77.007731,-12.023305],[-77.007806,-12.023392],[-77.007834,-12.023421],[-77.007873,-12.023463],[-77.007926,-12.023519],[-77.008624,-12.024258],[-77.009322,-12.024997],[-77.009397,-12.025076],[-77.009963,-12.025714],[-77.010034,-12.0258],[-77.010099,-12.025884],[-77.010172,-12.025977],[-77.010227,-12.02604],[-77.010286,-12.026111],[-77.010324,-12.02616],[-77.010377,-12.026242],[-77.010412,-12.026304],[-77.010443,-12.026365],[-77.01061,-12.026703],[-77.010749,-12.027015],[-77.010864,-12.027271],[-77.011071,-12.027724],[-77.011115,-12.027831],[-77.011231,-12.028115],[-77.011336,-12.028376],[-77.011351,-12.028403],[-77.01137,-12.028421],[-77.011393,-12.028438],[-77.011415,-12.02846],[-77.011438,-12.028486],[-77.011473,-12.028537],[-77.011504,-12.028593],[-77.011566,-12.02877],[-77.011687,-12.029165],[-77.011757,-12.029402],[-77.01194,-12.030014],[-77.012078,-12.030515],[-77.012085,-12.030544],[-77.012151,-12.030795],[-77.012177,-12.030943],[-77.012191,-12.031039],[-77.012196,-12.031171],[-77.012198,-12.031257],[-77.012196,-12.031377],[-77.012179,-12.031493],[-77.012146,-12.031723],[-77.012136,-12.031786],[-77.012123,-12.031864],[-77.012098,-12.031983]]}},{"type":"Feature","properties":{"id":"tomas_marsano","name":"Av. Tomás Marsano","class":"arterial","maxspeed_kmh":60,"lanes":2,"osm_ways":12},"geometry":{"type":"LineString","coordinates":[[-77.018732,-12.104523],[-77.018601,-12.10467],[-77.018507,-12.104781],[-77.018379,-12.104924],[-77.018128,-12.105201],[-77.018001,-12.105341],[-77.017961,-12.105386],[-77.017919,-12.105433],[-77.017896,-12.105458],[-77.017879,-12.105476],[-77.017678,-12.105696],[-77.017648,-12.105729],[-77.017441,-12.105956],[-77.017015,-12.106422],[-77.016975,-12.106467],[-77.016752,-12.106702],[-77.016721,-12.106735],[-77.016038,-12.107497],[-77.015656,-12.107933],[-77.015585,-12.108015],[-77.015322,-12.108308],[-77.015218,-12.108434],[-77.014806,-12.108939],[-77.014748,-12.10901],[-77.014709,-12.109068],[-77.014427,-12.109457],[-77.014198,-12.109772],[-77.013871,-12.110235],[-77.013544,-12.110699],[-77.013396,-12.110911],[-77.013367,-12.110949],[-77.013308,-12.111038],[-77.012985,-12.111492],[-77.012661,-12.111946],[-77.01238,-12.11235],[-77.012292,-12.112469],[-77.012174,-12.112623],[-77.012136,-12.112678],[-77.012069,-12.112769],[-77.011984,-12.1129],[-77.011468,-12.113666],[-77.010965,-12.114407],[-77.01046,-12.115165],[-77.010163,-12.115626],[-77.010059,-12.115785],[-77.009885,-12.116062],[-77.009319,-12.116904],[-77.008903,-12.117551],[-77.008876,-12.117592],[-77.008814,-12.117683],[-77.008737,-12.117794],[-77.008676,-12.117884],[-77.008277,-12.118475],[-77.007877,-12.119067],[-77.007458,-12.119689],[-77.007038,-12.12031],[-77.006619,-12.120932],[-77.00616,-12.121612],[-77.005888,-12.122015],[-77.005871,-12.122041],[-77.005836,-12.122095],[-77.005759,-12.122209],[-77.005671,-12.122334],[-77.005303,-12.122861],[-77.004709,-12.123761],[-77.004115,-12.124662],[-77.00407,-12.124728],[-77.003854,-12.12503],[-77.003583,-12.125409],[-77.003267,-12.125954],[-77.002778,-12.126637],[-77.002729,-12.126708],[-77.002291,-12.127243],[-77.002075,-12.127529],[-77.001758,-12.12796],[-77.001639,-12.128137],[-77.001531,-12.12833],[-77.001355,-12.128591],[-77.00089,-12.129259],[-77.000766,-12.129445],[-77.000717,-12.129404]]}},{"type":"Feature","properties":{"id":"aviacion","name":"Av. Aviación","class":"arterial","maxspeed_kmh":55,"lanes":3,"osm_ways":44},"geometry":{"type":"LineString","coordinates":[[-77.014905,-12.056612],[-77.014869,-12.05669],[-77.014842,-12.056752],[-77.014799,-12.056842],[-77.014756,-12.056952],[-77.014599,-12.057336],[-77.014321,-12.058012],[-77.014297,-12.05807],[-77.01425,-12.058186],[-77.014132,-12.058475],[-77.014021,-12.058744],[-77.013965,-12.058881],[-77.013938,-12.058947],[-77.013821,-12.059231],[-77.013794,-12.059299],[-77.013755,-12.059397],[-77.013497,-12.059999],[-77.01328,-12.060509],[-77.013085,-12.060994],[-77.013034,-12.061137],[-77.012949,-12.061783],[-77.012864,-12.062428],[-77.01285,-12.062542],[-77.012788,-12.063077],[-77.012717,-12.063684],[-77.012708,-12.063763],[-77.012697,-12.063846],[-77.012621,-12.064428],[-77.012545,-12.06501],[-77.012535,-12.065092],[-77.012472,-12.065573],[-77.012462,-12.065648],[-77.012458,-12.065674],[-77.012416,-12.065992],[-77.012384,-12.066239],[-77.012366,-12.066381],[-77.012282,-12.06701],[-77.012139,-12.068006],[-77.012129,-12.06808],[-77.012122,-12.068135],[-77.012005,-12.069113],[-77.011996,-12.069185],[-77.011986,-12.069256],[-77.011854,-12.070226],[-77.011769,-12.070857],[-77.011724,-12.071184],[-77.011639,-12.071756],[-77.011626,-12.071863],[-77.011619,-12.071925],[-77.01159,-12.07211],[-77.011567,-12.072258],[-77.011557,-12.072319],[-77.011438,-12.073136],[-77.011371,-12.073722],[-77.011303,-12.074309],[-77.011288,-12.074392],[-77.011216,-12.074952],[-77.011143,-12.075512],[-77.011127,-12.075637],[-77.011115,-12.075735],[-77.011065,-12.076085],[-77.011011,-12.0764],[-77.010908,-12.07721],[-77.010268,-12.077849],[-77.010267,-12.077882],[-77.010255,-12.077998],[-77.010238,-12.078113],[-77.01021,-12.078257],[-77.010178,-12.078371],[-77.010138,-12.078482],[-77.010104,-12.07856],[-77.010066,-12.078636],[-77.010021,-12.078717],[-77.009973,-12.078797],[-77.009909,-12.07889],[-77.009841,-12.078981],[-77.00976,-12.079076],[-77.009676,-12.079168],[-77.00959,-12.079255],[-77.009501,-12.079339],[-77.009456,-12.07938],[-77.009331,-12.079478],[-77.009178,-12.079584],[-77.009051,-12.07966],[-77.00896,-12.079708],[-77.00889,-12.079741],[-77.008776,-12.079794],[-77.008673,-12.079836],[-77.008513,-12.079891],[-77.007999,-12.080048],[-77.0079,-12.080076],[-77.007594,-12.080162],[-77.007336,-12.080231],[-77.007293,-12.080242],[-77.007205,-12.080266],[-77.006793,-12.080388],[-77.006683,-12.08042],[-77.006582,-12.08045],[-77.00637,-12.080524],[-77.006279,-12.080562],[-77.006165,-12.080609],[-77.006135,-12.080625],[-77.005909,-12.080742],[-77.005895,-12.08075],[-77.005678,-12.080885],[-77.005394,-12.081095],[-77.005368,-12.081114],[-77.005241,-12.081213],[-77.005131,-12.081309],[-77.005123,-12.081316],[-77.005056,-12.081375],[-77.004874,-12.081587],[-77.004837,-12.081629],[-77.004725,-12.081772],[-77.00467,-12.081842],[-77.004642,-12.081878],[-77.00445,-12.082189],[-77.004355,-12.082372],[-77.004343,-12.082394],[-77.004261,-12.082603],[-77.004156,-12.082936],[-77.004092,-12.08333],[-77.004083,-12.083521],[-77.00405,-12.083885],[-77.00404,-12.083967],[-77.004022,-12.084101],[-77.004015,-12.084155],[-77.003999,-12.084243],[-77.003992,-12.084287],[-77.003897,-12.084927],[-77.00387,-12.085087],[-77.003823,-12.085421],[-77.003799,-12.085569],[-77.003744,-12.085924],[-77.003737,-12.085962],[-77.003728,-12.086029],[-77.003671,-12.086385],[-77.003623,-12.086678],[-77.003587,-12.086891],[-77.003563,-12.087105],[-77.003565,-12.087213],[-77.003576,-12.08733],[-77.003572,-12.087442],[-77.003567,-12.087484],[-77.003522,-12.087865],[-77.00352,-12.087887],[-77.003469,-12.088235],[-77.003463,-12.088282],[-77.003449,-12.088365],[-77.003446,-12.088385],[-77.003436,-12.088468],[-77.003411,-12.088636],[-77.003369,-12.088928],[-77.003359,-12.089],[-77.003285,-12.089499],[-77.003273,-12.089584],[-77.003264,-12.089658],[-77.003187,-12.090209],[-77.003109,-12.09076],[-77.003098,-12.090854],[-77.003085,-12.090935],[-77.003081,-12.090966],[-77.002997,-12.091563],[-77.00288,-12.092395],[-77.002867,-12.09249],[-77.002861,-12.092533],[-77.002733,-12.093443],[-77.002724,-12.093506],[-77.002655,-12.093993],[-77.002644,-12.09406],[-77.002595,-12.094447],[-77.002584,-12.094517],[-77.002572,-12.094598],[-77.002557,-12.094687],[-77.002498,-12.095076],[-77.002484,-12.095172],[-77.002476,-12.095225],[-77.002358,-12.096046],[-77.002323,-12.096285],[-77.002311,-12.096371],[-77.0023,-12.096442],[-77.002192,-12.097134],[-77.002083,-12.097826],[-77.002071,-12.097913],[-77.002055,-12.098015],[-77.00204,-12.098126],[-77.001937,-12.09883],[-77.001835,-12.099533],[-77.001822,-12.099623],[-77.001814,-12.099678],[-77.001798,-12.099785],[-77.001661,-12.100715],[-77.001652,-12.100777],[-77.001631,-12.100922],[-77.001603,-12.101101],[-77.001587,-12.10119],[-77.001575,-12.101282],[-77.001485,-12.101911],[-77.001469,-12.102006],[-77.001463,-12.102056],[-77.001452,-12.102132],[-77.001309,-12.103118],[-77.001297,-12.103202],[-77.001282,-12.103302],[-77.001269,-12.103391],[-77.001153,-12.104203],[-77.001017,-12.105129],[-77.001003,-12.105213],[-77.000995,-12.105263],[-77.00099,-12.105301],[-77.000957,-12.105524],[-77.000927,-12.105732],[-77.000917,-12.1058],[-77.00091,-12.105851],[-77.000897,-12.105936],[-77.000804,-12.106571],[-77.000756,-12.1069],[-77.000749,-12.106952],[-77.000727,-12.107099],[-77.000714,-12.10718],[-77.000697,-12.107286],[-77.000672,-12.107479],[-77.00063,-12.107766],[-77.000573,-12.108144],[-77.000521,-12.108481],[-77.000515,-12.10852],[-77.000501,-12.108613],[-77.000498,-12.108652],[-77.000439,-12.109074],[-77.000397,-12.109361],[-77.000387,-12.109436],[-77.000355,-12.109653],[-77.000325,-12.109859],[-77.000281,-12.110155],[-77.000223,-12.110548],[-77.00018,-12.110909],[-77.000138,-12.111227],[-77.000092,-12.11149],[-77.000064,-12.111647],[-77.000043,-12.111786],[-77.00003,-12.11187],[-77.000014,-12.111949],[-76.99996,-12.112305],[-76.999923,-12.112519],[-76.999824,-12.112941],[-76.999699,-12.113441],[-76.999686,-12.113492],[-76.999677,-12.113523],[-76.999446,-12.114365],[-76.999435,-12.11441],[-76.999289,-12.114942],[-76.999142,-12.115445],[-76.999133,-12.115474],[-76.998992,-12.115974],[-76.998965,-12.116078],[-76.99875,-12.116904],[-76.998742,-12.116935],[-76.998563,-12.117582],[-76.998511,-12.117771],[-76.998406,-12.118146],[-76.998372,-12.118268],[-76.998364,-12.118304],[-76.998296,-12.118754],[-76.998221,-12.119271],[-76.99821,-12.119343],[-76.998192,-12.119466],[-76.998154,-12.119877],[-76.998152,-12.119896],[-76.998148,-12.120019],[-76.998148,-12.12007],[-76.998146,-12.120533],[-76.998148,-12.120576],[-76.998152,-12.12067],[-76.998152,-12.12069],[-76.998153,-12.120846],[-76.998156,-12.120991],[-76.998159,-12.121054],[-76.998178,-12.121456],[-76.998221,-12.121793],[-76.998276,-12.122045],[-76.998295,-12.122138],[-76.998319,-12.122232],[-76.998363,-12.122354],[-76.998375,-12.122387],[-76.998477,-12.122668],[-76.998813,-12.123567],[-76.999061,-12.12418],[-76.999309,-12.124793],[-76.999341,-12.124873],[-76.999709,-12.125784],[-76.999792,-12.125998],[-77.000046,-12.126656],[-77.00011,-12.126828],[-77.000141,-12.126912],[-77.000292,-12.127287],[-77.000599,-12.12805],[-77.000613,-12.128251],[-77.000613,-12.128279],[-77.000614,-12.128306],[-77.000612,-12.128469],[-77.000608,-12.128581]]}},{"type":"Feature","properties":{"id":"alfonso_ugarte","name":"Av. Alfonso Ugarte","class":"arterial","maxspeed_kmh":50,"lanes":2,"osm_ways":17},"geometry":{"type":"LineString","coordinates":[[-77.043338,-12.038396],[-77.043246,-12.039328],[-77.043184,-12.040001],[-77.043183,-12.040012],[-77.04339,-12.040167],[-77.043364,-12.040534],[-77.043362,-12.04086],[-77.043265,-12.041804],[-77.043167,-12.042749],[-77.043114,-12.043333],[-77.043061,-12.043918],[-77.043059,-12.043937],[-77.043052,-12.044029],[-77.043043,-12.044149],[-77.043016,-12.044262],[-77.042972,-12.044966],[-77.042928,-12.045671],[-77.042875,-12.046383],[-77.042822,-12.047096],[-77.04281,-12.047201],[-77.042731,-12.047459],[-77.042676,-12.048143],[-77.042599,-12.049083],[-77.042568,-12.049462],[-77.042541,-12.049944],[-77.042569,-12.050165],[-77.042532,-12.050445],[-77.042504,-12.050693],[-77.042501,-12.050731],[-77.042492,-12.050842],[-77.042484,-12.050946],[-77.042405,-12.05195],[-77.042334,-12.052844],[-77.042332,-12.052872],[-77.042287,-12.05344],[-77.042228,-12.054179],[-77.042219,-12.054298],[-77.04221,-12.054413],[-77.042203,-12.054504],[-77.042188,-12.054649],[-77.042121,-12.055404],[-77.042081,-12.05582],[-77.042055,-12.056098],[-77.04205,-12.05615],[-77.04204,-12.056241],[-77.042029,-12.056347],[-77.041998,-12.056744],[-77.041964,-12.057171],[-77.041922,-12.057636],[-77.041895,-12.057953],[-77.041892,-12.057996],[-77.041885,-12.058074],[-77.04187,-12.058248],[-77.041863,-12.058325],[-77.041833,-12.058689],[-77.041766,-12.059488],[-77.041764,-12.059548],[-77.041768,-12.05962],[-77.041808,-12.059757]]}},{"type":"Feature","properties":{"id":"argentina","name":"Av. Argentina","class":"arterial","maxspeed_kmh":50,"lanes":2,"osm_ways":29},"geometry":{"type":"LineString","coordinates":[[-77.138889,-12.051733],[-77.138648,-12.051724],[-77.138442,-12.051715],[-77.138355,-12.051711],[-77.138209,-12.051707],[-77.137839,-12.051691],[-77.137569,-12.051681],[-77.137355,-12.051673],[-77.137278,-12.05167],[-77.137197,-12.051667],[-77.136349,-12.051634],[-77.136251,-12.051631],[-77.136154,-12.051627],[-77.135411,-12.051598],[-77.135344,-12.051595],[-77.13527,-12.051592],[-77.134887,-12.051578],[-77.134792,-12.051574],[-77.134674,-12.051559],[-77.134603,-12.051537],[-77.134525,-12.051492],[-77.133631,-12.051633],[-77.133582,-12.051593],[-77.133472,-12.051566],[-77.133311,-12.05155],[-77.132962,-12.051524],[-77.132748,-12.051507],[-77.132229,-12.05146],[-77.131975,-12.051437],[-77.131895,-12.05143],[-77.13183,-12.051424],[-77.131682,-12.051411],[-77.131615,-12.051404],[-77.131015,-12.051351],[-77.130934,-12.051344],[-77.130131,-12.05127],[-77.130016,-12.05126],[-77.129888,-12.051249],[-77.129807,-12.051242],[-77.129491,-12.051214],[-77.128773,-12.051155],[-77.128498,-12.051132],[-77.128214,-12.051108],[-77.128038,-12.051092],[-77.127377,-12.051033],[-77.126779,-12.05097],[-77.126664,-12.050963],[-77.126559,-12.050971],[-77.126484,-12.050985],[-77.126436,-12.050997],[-77.126371,-12.05102],[-77.126295,-12.051054],[-77.126229,-12.051092],[-77.125569,-12.050997],[-77.125489,-12.050939],[-77.125422,-12.050895],[-77.125342,-12.05086],[-77.125301,-12.050846],[-77.125222,-12.05083],[-77.125142,-12.05082],[-77.124984,-12.050807],[-77.124479,-12.050763],[-77.123845,-12.050707],[-77.123542,-12.050681],[-77.12252,-12.050591],[-77.121744,-12.050524],[-77.121124,-12.050469],[-77.120503,-12.050415],[-77.12042,-12.050408],[-77.119611,-12.050341],[-77.11954,-12.050331],[-77.119213,-12.050302],[-77.118969,-12.050281],[-77.11852,-12.050242],[-77.118375,-12.050229],[-77.118238,-12.050217],[-77.117875,-12.050185],[-77.11718,-12.050121],[-77.116984,-12.050101],[-77.116359,-12.050054],[-77.115813,-12.050008],[-77.115587,-12.049988],[-77.115325,-12.049966],[-77.115205,-12.049955],[-77.115051,-12.049941],[-77.114705,-12.049911],[-77.114381,-12.049882],[-77.113919,-12.049841],[-77.113772,-12.049828],[-77.11286,-12.049747],[-77.112441,-12.04971],[-77.11234,-12.049701],[-77.111889,-12.049661],[-77.111738,-12.049648],[-77.111336,-12.049612],[-77.110961,-12.049579],[-77.110895,-12.049573],[-77.110773,-12.049562],[-77.110315,-12.049521],[-77.1102,-12.049511],[-77.110036,-12.049497],[-77.109971,-12.049491],[-77.109389,-12.04944],[-77.109312,-12.049432],[-77.109231,-12.049425],[-77.109156,-12.049418],[-77.108994,-12.049404],[-77.108771,-12.049384],[-77.108205,-12.049334],[-77.108095,-12.049324],[-77.108003,-12.049316],[-77.107785,-12.049297],[-77.107558,-12.049277],[-77.107381,-12.049261],[-77.106539,-12.049186],[-77.106446,-12.049178],[-77.106328,-12.049168],[-77.10624,-12.04916],[-77.105883,-12.049128],[-77.105252,-12.049072],[-77.104897,-12.049041],[-77.104668,-12.04902],[-77.104584,-12.049013],[-77.104506,-12.049006],[-77.10442,-12.048998],[-77.104331,-12.048991],[-77.103879,-12.04895],[-77.103816,-12.048945],[-77.103653,-12.04893],[-77.103213,-12.048891],[-77.102759,-12.048851],[-77.102304,-12.048811],[-77.101924,-12.048777],[-77.101775,-12.048763],[-77.101273,-12.048719],[-77.100711,-12.048669],[-77.100121,-12.048617],[-77.099891,-12.048597],[-77.099678,-12.048578],[-77.099394,-12.048552],[-77.099041,-12.048521],[-77.098702,-12.04849],[-77.098639,-12.048485],[-77.098495,-12.048474],[-77.098361,-12.048464],[-77.098216,-12.048451],[-77.097564,-12.048398],[-77.097091,-12.048359],[-77.097041,-12.048354],[-77.096799,-12.048333],[-77.096773,-12.048329],[-77.096065,-12.048258],[-77.095938,-12.048245],[-77.095721,-12.048224],[-77.095633,-12.048216],[-77.095587,-12.048215],[-77.095298,-12.048186],[-77.095151,-12.048173],[-77.095062,-12.048165],[-77.094708,-12.048133],[-77.094662,-12.048129],[-77.093706,-12.048044],[-77.093187,-12.047997],[-77.092543,-12.047944],[-77.091899,-12.04789],[-77.091486,-12.047854],[-77.091336,-12.047838],[-77.091258,-12.047831],[-77.091147,-12.047822],[-77.090904,-12.047801],[-77.090802,-12.047792],[-77.090237,-12.047743],[-77.089672,-12.047695],[-77.089073,-12.047643],[-77.088474,-12.047591],[-77.088296,-12.047576],[-77.088195,-12.047567],[-77.088037,-12.047554],[-77.087818,-12.047535],[-77.087514,-12.047509],[-77.087377,-12.047497],[-77.087057,-12.04747],[-77.086905,-12.047457],[-77.086597,-12.04743],[-77.086419,-12.047415],[-77.086261,-12.047401],[-77.086173,-12.047392],[-77.086141,-12.047391],[-77.086079,-12.047386],[-77.086009,-12.047379],[-77.085876,-12.047368],[-77.085708,-12.047354],[-77.085638,-12.047348],[-77.085375,-12.047325],[-77.085283,-12.047317],[-77.085079,-12.047299],[-77.084813,-12.047277],[-77.084279,-12.047231],[-77.084162,-12.047221],[-77.083943,-12.047202],[-77.083793,-12.047187],[-77.083265,-12.047144],[-77.082985,-12.047119],[-77.082705,-12.047095],[-77.082338,-12.047064],[-77.081811,-12.047019],[-77.081579,-12.046999],[-77.081195,-12.046964],[-77.080185,-12.046872],[-77.079881,-12.046845],[-77.079745,-12.046834],[-77.079632,-12.046824],[-77.079501,-12.046812],[-77.07864,-12.046734],[-77.077914,-12.046671],[-77.07733,-12.046618],[-77.076973,-12.046585],[-77.076927,-12.046581],[-77.076893,-12.046578],[-77.076787,-12.046568],[-77.076678,-12.046557],[-77.076617,-12.046552],[-77.076566,-12.046547],[-77.076521,-12.046543],[-77.075994,-12.046498],[-77.07537,-12.046445],[-77.074478,-12.046369],[-77.074404,-12.046362],[-77.074363,-12.046359],[-77.07403,-12.046328],[-77.073261,-12.046257],[-77.073013,-12.046234],[-77.072803,-12.046214],[-77.072584,-12.046194],[-77.072507,-12.046186],[-77.072367,-12.046174],[-77.072272,-12.046166],[-77.071283,-12.046081],[-77.070295,-12.045996],[-77.069386,-12.045918],[-77.068622,-12.045852],[-77.068563,-12.045847],[-77.06846,-12.045838],[-77.068146,-12.045811],[-77.067836,-12.045784],[-77.06716,-12.045726],[-77.066968,-12.045709],[-77.066922,-12.045706],[-77.066027,-12.045628],[-77.065893,-12.045617],[-77.065869,-12.045615],[-77.065734,-12.045612],[-77.06565,-12.045619],[-77.065575,-12.045632],[-77.065493,-12.045654],[-77.065442,-12.045671],[-77.065375,-12.045699],[-77.065337,-12.045718],[-77.065288,-12.045736],[-77.065236,-12.045746],[-77.065179,-12.045749],[-77.065133,-12.045744],[-77.065087,-12.045733],[-77.065027,-12.045708],[-77.064947,-12.045648],[-77.064793,-12.045569],[-77.064761,-12.045556],[-77.06468,-12.04553],[-77.064575,-12.045505],[-77.064439,-12.045488],[-77.063992,-12.045444],[-77.063635,-12.045409],[-77.06283,-12.045336],[-77.062714,-12.045325],[-77.062251,-12.045282],[-77.061307,-12.045195],[-77.061213,-12.045185],[-77.061119,-12.045175],[-77.060559,-12.04512],[-77.059998,-12.045065],[-77.059602,-12.045028],[-77.059311,-12.045001],[-77.058998,-12.044972],[-77.058839,-12.044958],[-77.058701,-12.044945],[-77.058589,-12.044934],[-77.058336,-12.044909],[-77.057412,-12.044817],[-77.056723,-12.04475],[-77.056623,-12.044741],[-77.056273,-12.044707],[-77.056157,-12.044697],[-77.055785,-12.044665],[-77.055673,-12.044656],[-77.054863,-12.044575],[-77.054131,-12.044509],[-77.053594,-12.044456],[-77.052778,-12.044375],[-77.052295,-12.044327],[-77.051752,-12.044286],[-77.051605,-12.044275],[-77.051463,-12.044293],[-77.051339,-12.044309],[-77.05109,-12.044351],[-77.051048,-12.044358],[-77.050981,-12.044368],[-77.050917,-12.044375],[-77.050857,-12.044378],[-77.050539,-12.044351],[-77.049739,-12.044271],[-77.049643,-12.044262],[-77.049488,-12.044247],[-77.048924,-12.044194],[-77.048361,-12.04414],[-77.04771,-12.044078],[-77.047059,-12.044017],[-77.046409,-12.043954],[-77.04576,-12.043892],[-77.044892,-12.043812],[-77.044471,-12.043774],[-77.044031,-12.043728],[-77.043844,-12.043704],[-77.043655,-12.043683],[-77.043537,-12.043705],[-77.043408,-12.04371]]}},{"type":"Feature","properties":{"id":"nicolas_ayllon_carretera_central","name":"Av. Nicolás Ayllón / Carretera Central","class":"arterial","maxspeed_kmh":60,"lanes":2,"osm_ways":124},"geometry":{"type":"LineString","coordinates":[[-77.01347,-12.054923],[-77.013309,-12.055047],[-77.013286,-12.055067],[-77.013232,-12.055108],[-77.01299,-12.0553],[-77.012815,-12.055435],[-77.012316,-12.055834],[-77.01227,-12.05587],[-77.011757,-12.056273],[-77.011243,-12.056675],[-77.010607,-12.057161],[-77.009829,-12.057778],[-77.009686,-12.057892],[-77.009,-12.058437],[-77.008313,-12.058982],[-77.00808,-12.059171],[-77.007983,-12.05925],[-77.007862,-12.059353],[-77.007787,-12.059417],[-77.007668,-12.059526],[-77.007488,-12.059697],[-77.006836,-12.060239],[-77.006662,-12.060368],[-77.006596,-12.060382],[-77.006524,-12.060371],[-77.006433,-12.060456],[-77.006063,-12.060756],[-77.005969,-12.060832],[-77.005338,-12.061327],[-77.004817,-12.061741],[-77.004641,-12.061879],[-77.004543,-12.061945],[-77.004515,-12.061963],[-77.004477,-12.061981],[-77.003957,-12.062208],[-77.003689,-12.062323],[-77.003439,-12.062425],[-77.003193,-12.062523],[-77.002965,-12.062616],[-77.002784,-12.062689],[-77.002622,-12.062754],[-77.002488,-12.06281],[-77.002382,-12.062853],[-77.002209,-12.062925],[-77.002071,-12.062979],[-77.001985,-12.063013],[-77.001737,-12.063102],[-77.00167,-12.063121],[-77.001327,-12.063216],[-77.001032,-12.063257],[-77.000891,-12.063277],[-77.00076,-12.063291],[-77.000494,-12.063318],[-76.999995,-12.063383],[-76.999837,-12.063411],[-76.99966,-12.06343],[-76.9991,-12.063486],[-76.998989,-12.063595],[-76.998699,-12.063609],[-76.997794,-12.063701],[-76.997575,-12.063724],[-76.997059,-12.063811],[-76.996891,-12.063827],[-76.996804,-12.063833],[-76.996635,-12.063843],[-76.996318,-12.063853],[-76.995718,-12.063887],[-76.995627,-12.063892],[-76.995297,-12.063917],[-76.995009,-12.063938],[-76.994633,-12.063974],[-76.994186,-12.064018],[-76.994089,-12.064028],[-76.993988,-12.064054],[-76.992981,-12.064244],[-76.991973,-12.064434],[-76.990965,-12.064624],[-76.989958,-12.064815],[-76.989898,-12.064789],[-76.989172,-12.064549],[-76.989073,-12.064517],[-76.988761,-12.064422],[-76.988586,-12.064368],[-76.988412,-12.064317],[-76.987818,-12.064223],[-76.987438,-12.064156],[-76.987304,-12.064138],[-76.987132,-12.064112],[-76.986959,-12.064081],[-76.986832,-12.064058],[-76.986564,-12.064014],[-76.986134,-12.063936],[-76.985815,-12.063873],[-76.985164,-12.063759],[-76.984674,-12.063668],[-76.983913,-12.063538],[-76.982854,-12.063359],[-76.982777,-12.063346],[-76.982673,-12.063329],[-76.98261,-12.063316],[-76.982389,-12.063265],[-76.982111,-12.063187],[-76.981943,-12.063133],[-76.981924,-12.063123],[-76.981687,-12.063007],[-76.98153,-12.062904],[-76.980912,-12.062491],[-76.980351,-12.062117],[-76.980047,-12.061914],[-76.979262,-12.061364],[-76.979091,-12.061239],[-76.978676,-12.060938],[-76.978527,-12.060853],[-76.978398,-12.060792],[-76.977444,-12.060374],[-76.976489,-12.059956],[-76.976308,-12.059874],[-76.975642,-12.059583],[-76.974976,-12.059291],[-76.974615,-12.059133],[-76.974104,-12.058891],[-76.973594,-12.058649],[-76.972672,-12.058248],[-76.972611,-12.058221],[-76.972527,-12.058185],[-76.972045,-12.057975],[-76.971882,-12.057904],[-76.9718,-12.057868],[-76.970934,-12.057491],[-76.97088,-12.057468],[-76.970476,-12.057292],[-76.970202,-12.057173],[-76.969273,-12.056769],[-76.969162,-12.056722],[-76.969059,-12.056676],[-76.968977,-12.056641],[-76.968893,-12.056605],[-76.968849,-12.056586],[-76.96851,-12.05644],[-76.968367,-12.056377],[-76.968341,-12.056364],[-76.968198,-12.056304],[-76.967497,-12.056001],[-76.967126,-12.055841],[-76.966445,-12.055559],[-76.965764,-12.055277],[-76.965414,-12.055127],[-76.964952,-12.054923],[-76.964829,-12.054874],[-76.964789,-12.054857],[-76.964684,-12.054811],[-76.964611,-12.054779],[-76.964541,-12.054749],[-76.964466,-12.054718],[-76.96407,-12.054545],[-76.963376,-12.054245],[-76.962862,-12.054022],[-76.962348,-12.0538],[-76.962238,-12.053752],[-76.961363,-12.053369],[-76.961203,-12.0533],[-76.961172,-12.053287],[-76.961079,-12.053246],[-76.960944,-12.053187],[-76.960907,-12.053171],[-76.960499,-12.052993],[-76.960148,-12.052841],[-76.959474,-12.052562],[-76.959319,-12.052498],[-76.958905,-12.052305],[-76.958041,-12.05193],[-76.95748,-12.05169],[-76.95692,-12.05145],[-76.956258,-12.051167],[-76.956174,-12.051133],[-76.956114,-12.051109],[-76.955831,-12.050996],[-76.954868,-12.050611],[-76.954833,-12.050597],[-76.954628,-12.050517],[-76.954527,-12.050475],[-76.953597,-12.050116],[-76.953412,-12.050044],[-76.953344,-12.050015],[-76.953276,-12.049988],[-76.952811,-12.049804],[-76.952476,-12.049668],[-76.952248,-12.04957],[-76.951964,-12.049453],[-76.951632,-12.04932],[-76.951545,-12.049285],[-76.951438,-12.049244],[-76.950869,-12.04902],[-76.950502,-12.048867],[-76.950103,-12.048724],[-76.949927,-12.048658],[-76.949764,-12.048589],[-76.949548,-12.048505],[-76.949435,-12.04846],[-76.949316,-12.048414],[-76.948777,-12.048198],[-76.948563,-12.048111],[-76.94804,-12.047905],[-76.947972,-12.047877],[-76.947835,-12.047822],[-76.947659,-12.047754],[-76.947462,-12.047678],[-76.947136,-12.047557],[-76.946231,-12.047198],[-76.945325,-12.046839],[-76.944706,-12.046589],[-76.944587,-12.046541],[-76.944466,-12.046492],[-76.944367,-12.046451],[-76.944265,-12.04641],[-76.943976,-12.046294],[-76.943055,-12.045932],[-76.942135,-12.04557],[-76.941423,-12.045281],[-76.940712,-12.044992],[-76.940112,-12.044757],[-76.939513,-12.044521],[-76.938854,-12.044262],[-76.938297,-12.044038],[-76.93774,-12.043815],[-76.93757,-12.043752],[-76.937497,-12.043725],[-76.936769,-12.043435],[-76.936525,-12.043329],[-76.936379,-12.043251],[-76.936237,-12.043164],[-76.93611,-12.043075],[-76.935977,-12.042976],[-76.935844,-12.042849],[-76.935719,-12.042717],[-76.935602,-12.04258],[-76.935557,-12.042528],[-76.9354,-12.042345],[-76.935332,-12.042266],[-76.935232,-12.04215],[-76.935096,-12.041992],[-76.934614,-12.041434],[-76.934015,-12.040727],[-76.933739,-12.0404],[-76.933545,-12.04017],[-76.933202,-12.039763],[-76.932816,-12.039306],[-76.932751,-12.039228],[-76.932695,-12.039163],[-76.932219,-12.038607],[-76.931744,-12.038051],[-76.931532,-12.037804],[-76.93141,-12.037665],[-76.931071,-12.037272],[-76.930799,-12.036957],[-76.930331,-12.036417],[-76.930271,-12.036347],[-76.930179,-12.036241],[-76.930028,-12.036066],[-76.929614,-12.035582],[-76.929201,-12.035099],[-76.92908,-12.034943],[-76.928982,-12.034813],[-76.928331,-12.034053],[-76.928204,-12.033917],[-76.92806,-12.033748],[-76.927438,-12.033016],[-76.926815,-12.032284],[-76.926503,-12.031905],[-76.925943,-12.031255],[-76.925384,-12.030604],[-76.925037,-12.030188],[-76.924577,-12.029634],[-76.924299,-12.029325],[-76.924175,-12.029193],[-76.923981,-12.028961],[-76.923908,-12.028875],[-76.92365,-12.028654],[-76.923412,-12.02834],[-76.923271,-12.028182],[-76.923123,-12.02804],[-76.92284,-12.027823],[-76.922364,-12.027522],[-76.921894,-12.027227],[-76.921425,-12.026931],[-76.920688,-12.026496],[-76.920439,-12.026344],[-76.920318,-12.026275],[-76.920217,-12.026218],[-76.920161,-12.026183],[-76.919863,-12.026025],[-76.919686,-12.025938],[-76.919506,-12.025854],[-76.919287,-12.025758],[-76.919099,-12.025683],[-76.918859,-12.025598],[-76.918835,-12.02559],[-76.918558,-12.025492],[-76.917932,-12.025289],[-76.917307,-12.025086],[-76.916395,-12.024784],[-76.915727,-12.024578],[-76.914862,-12.024299],[-76.914185,-12.024076],[-76.913508,-12.023854],[-76.91254,-12.023541],[-76.911572,-12.023229],[-76.911117,-12.023076],[-76.910759,-12.022964],[-76.909875,-12.022678],[-76.909112,-12.022436],[-76.909009,-12.022402],[-76.908413,-12.022208],[-76.907818,-12.022013],[-76.907784,-12.022002],[-76.906977,-12.021739],[-76.90615,-12.021473],[-76.905322,-12.021206],[-76.904494,-12.020939],[-76.904412,-12.020911],[-76.90429,-12.020872],[-76.903785,-12.020709],[-76.903696,-12.02068],[-76.903342,-12.020566],[-76.903069,-12.020478],[-76.90251,-12.020297],[-76.902445,-12.020276],[-76.901542,-12.019994],[-76.900639,-12.019711],[-76.900027,-12.019517],[-76.899414,-12.019322],[-76.899068,-12.019208],[-76.898905,-12.019155],[-76.89878,-12.019115],[-76.897869,-12.018815],[-76.896959,-12.018515],[-76.896242,-12.018263],[-76.896043,-12.0182],[-76.89601,-12.01819],[-76.895618,-12.018083],[-76.895216,-12.017964],[-76.894549,-12.017761],[-76.893882,-12.017558],[-76.893058,-12.017289],[-76.892108,-12.016972],[-76.891782,-12.016863],[-76.890907,-12.016571],[-76.890845,-12.016549],[-76.890023,-12.016257],[-76.889433,-12.016047],[-76.88927,-12.015994],[-76.888572,-12.015763],[-76.888012,-12.015576],[-76.887036,-12.015243],[-76.886916,-12.015204],[-76.88642,-12.015036],[-76.885809,-12.014837],[-76.885198,-12.014637],[-76.885165,-12.014626],[-76.885079,-12.014598],[-76.884972,-12.014561],[-76.884412,-12.014366],[-76.883863,-12.014177],[-76.883313,-12.013989],[-76.882858,-12.01384],[-76.881828,-12.013492],[-76.881788,-12.01348],[-76.880783,-12.013139],[-76.880448,-12.013028],[-76.88028,-12.012972],[-76.879947,-12.012861],[-76.879814,-12.012817],[-76.879066,-12.012569],[-76.878318,-12.01232],[-76.87787,-12.012171],[-76.877223,-12.011954],[-76.877208,-12.011949],[-76.877138,-12.011925],[-76.877059,-12.011898],[-76.876982,-12.011873],[-76.876112,-12.011589],[-76.875242,-12.011305],[-76.874372,-12.011021],[-76.873684,-12.010795],[-76.873454,-12.010727],[-76.873194,-12.010648],[-76.872634,-12.010546],[-76.872249,-12.010475],[-76.87146,-12.010331],[-76.870672,-12.010186],[-76.870099,-12.010082],[-76.87008,-12.010079],[-76.870058,-12.010075],[-76.869984,-12.01006],[-76.869883,-12.010042],[-76.869089,-12.009897],[-76.868295,-12.009752],[-76.868201,-12.009731],[-76.867902,-12.00968],[-76.867495,-12.009602],[-76.867022,-12.009518],[-76.866935,-12.009502],[-76.866708,-12.00946],[-76.865929,-12.009317],[-76.86515,-12.009175],[-76.864371,-12.009032],[-76.864336,-12.009025],[-76.864229,-12.009004],[-76.864157,-12.00899],[-76.863683,-12.008897],[-76.863142,-12.0088],[-76.862712,-12.008722],[-76.862682,-12.008717],[-76.861658,-12.008533],[-76.86121,-12.008452],[-76.861065,-12.008426],[-76.860334,-12.008292],[-76.859603,-12.008158],[-76.858806,-12.008012],[-76.858009,-12.007866],[-76.857297,-12.007736],[-76.85716,-12.007711],[-76.85656,-12.007601],[-76.856149,-12.007525],[-76.855757,-12.007453],[-76.854843,-12.007287],[-76.853928,-12.007121],[-76.853014,-12.006955],[-76.852962,-12.006945],[-76.85291,-12.006935],[-76.852862,-12.006926],[-76.852822,-12.006918],[-76.852736,-12.006903],[-76.852518,-12.006862],[-76.851763,-12.006723],[-76.851171,-12.006613],[-76.850579,-12.006503],[-76.850068,-12.006408],[-76.849132,-12.006235],[-76.848794,-12.006172],[-76.848745,-12.006163],[-76.848042,-12.006027],[-76.847683,-12.005955],[-76.847625,-12.005943],[-76.84737,-12.005892],[-76.847142,-12.005847],[-76.84663,-12.005685],[-76.84635,-12.005597],[-76.846276,-12.005574],[-76.845651,-12.005295],[-76.845026,-12.005016],[-76.844944,-12.004979],[-76.844638,-12.004812],[-76.844614,-12.004798],[-76.844557,-12.004764],[-76.844492,-12.004724],[-76.844424,-12.004682],[-76.844221,-12.004567],[-76.843828,-12.00429],[-76.843244,-12.003793],[-76.842653,-12.003291],[-76.841897,-12.00265],[-76.841375,-12.002213],[-76.841333,-12.002171],[-76.841098,-12.001971],[-76.840645,-12.001597],[-76.840192,-12.001222],[-76.839376,-12.00052],[-76.838928,-12.000135],[-76.838903,-12.000113],[-76.838821,-12.000044],[-76.838753,-11.999978],[-76.838688,-11.999923],[-76.838634,-11.999876],[-76.838408,-11.999683],[-76.838304,-11.999598],[-76.838291,-11.999588],[-76.837608,-11.999028],[-76.83709,-11.998594],[-76.837068,-11.998576],[-76.836682,-11.998246],[-76.836085,-11.997733],[-76.835838,-11.997521],[-76.835393,-11.997139],[-76.835268,-11.997035],[-76.835137,-11.996925],[-76.835064,-11.996864],[-76.834953,-11.996769],[-76.834744,-11.996593],[-76.83467,-11.99653],[-76.834533,-11.996424],[-76.834249,-11.996231],[-76.833856,-11.995971],[-76.83366,-11.99584],[-76.83358,-11.995789],[-76.833067,-11.995533],[-76.832493,-11.995246],[-76.832153,-11.995096],[-76.83202,-11.995041],[-76.831338,-11.994758],[-76.830656,-11.994476],[-76.829974,-11.994193],[-76.829521,-11.993991],[-76.828834,-11.993709],[-76.828147,-11.993426],[-76.827331,-11.993079],[-76.826515,-11.992732],[-76.825808,-11.992437],[-76.8251,-11.992141],[-76.824292,-11.991805],[-76.823485,-11.991468],[-76.823309,-11.991394],[-76.823247,-11.991368],[-76.822437,-11.99103],[-76.822304,-11.990975],[-76.821929,-11.990819],[-76.821728,-11.990739],[-76.821241,-11.99054],[-76.821159,-11.990504],[-76.821138,-11.990495],[-76.820425,-11.990197],[-76.820157,-11.990084],[-76.819636,-11.989864],[-76.819114,-11.989644],[-76.818651,-11.989457],[-76.818618,-11.989444],[-76.818569,-11.989424],[-76.818521,-11.989405],[-76.818004,-11.989197],[-76.817486,-11.988988],[-76.816766,-11.988699],[-76.816045,-11.988409],[-76.815324,-11.988119],[-76.815161,-11.988054],[-76.814461,-11.987772],[-76.81376,-11.987491],[-76.813364,-11.987327],[-76.812744,-11.98707],[-76.812125,-11.986814],[-76.811227,-11.986443],[-76.810329,-11.986071],[-76.809431,-11.9857],[-76.808533,-11.985328],[-76.807636,-11.984957],[-76.806738,-11.984586],[-76.80584,-11.984214],[-76.805043,-11.983958],[-76.804313,-11.983773],[-76.803326,-11.983529],[-76.802304,-11.983285],[-76.801282,-11.983041],[-76.80026,-11.982798],[-76.799238,-11.982554],[-76.798216,-11.98231],[-76.797194,-11.982066],[-76.797163,-11.982059],[-76.797106,-11.982047],[-76.797053,-11.982034],[-76.796774,-11.981971],[-76.796101,-11.981811],[-76.795906,-11.981765],[-76.795477,-11.981663],[-76.795181,-11.981594],[-76.795119,-11.981578],[-76.794316,-11.981388],[-76.793512,-11.981198],[-76.792708,-11.981008],[-76.792084,-11.98086],[-76.79146,-11.980712],[-76.790558,-11.980499],[-76.789576,-11.980266],[-76.788594,-11.980034],[-76.787612,-11.979802],[-76.786596,-11.979561],[-76.7856,-11.979326],[-76.784603,-11.97909],[-76.784562,-11.97908],[-76.784409,-11.979046],[-76.784336,-11.979028],[-76.783315,-11.978803],[-76.782294,-11.978579],[-76.78206,-11.978531],[-76.781926,-11.978503],[-76.781085,-11.978332],[-76.780245,-11.978161],[-76.779299,-11.97795],[-76.778355,-11.977765],[-76.778336,-11.977761],[-76.778246,-11.977742],[-76.778207,-11.977734],[-76.777663,-11.977621],[-76.777119,-11.977507],[-76.776784,-11.977437],[-76.776186,-11.977315],[-76.775821,-11.97724],[-76.775733,-11.977222],[-76.775641,-11.977202],[-76.775077,-11.977077],[-76.774513,-11.976952],[-76.773829,-11.976772],[-76.773556,-11.97669],[-76.773346,-11.976624],[-76.773041,-11.976531],[-76.772682,-11.976422],[-76.772648,-11.976412],[-76.772597,-11.976397],[-76.772294,-11.976298],[-76.77146,-11.97603],[-76.770459,-11.975729],[-76.770314,-11.975685],[-76.769532,-11.975436],[-76.768967,-11.975259],[-76.768401,-11.975082],[-76.767875,-11.974909],[-76.767648,-11.974836],[-76.767244,-11.974719],[-76.767009,-11.974628],[-76.766783,-11.974564],[-76.766561,-11.974515],[-76.766463,-11.974488],[-76.766287,-11.97444],[-76.765414,-11.974307],[-76.764628,-11.974249],[-76.763882,-11.974164],[-76.763282,-11.974131],[-76.762682,-11.974097],[-76.762634,-11.974092],[-76.761956,-11.974024],[-76.761771,-11.974006],[-76.761383,-11.973964],[-76.761184,-11.973898],[-76.760874,-11.973865],[-76.760742,-11.973835],[-76.760346,-11.973698],[-76.759903,-11.973515],[-76.759014,-11.973157],[-76.758484,-11.972954],[-76.757666,-11.972603],[-76.756975,-11.97233],[-76.75685,-11.972281],[-76.756334,-11.972075],[-76.755818,-11.971869],[-76.755109,-11.97159],[-76.754401,-11.971311],[-76.753692,-11.971032],[-76.752963,-11.970742],[-76.75291,-11.970721],[-76.752126,-11.970405],[-76.751342,-11.970089],[-76.750497,-11.969749],[-76.749589,-11.969376],[-76.748834,-11.969078],[-76.748619,-11.968993],[-76.748423,-11.968916],[-76.748025,-11.968773],[-76.74794,-11.968745],[-76.747513,-11.968673],[-76.746505,-11.968498],[-76.746373,-11.968475],[-76.746236,-11.968491],[-76.746133,-11.968467],[-76.746015,-11.968427],[-76.745933,-11.968349],[-76.745864,-11.968282],[-76.745823,-11.968232],[-76.745798,-11.968195],[-76.745765,-11.968135],[-76.745721,-11.96805],[-76.745321,-11.967321],[-76.745178,-11.967057],[-76.744983,-11.966818],[-76.744132,-11.96615],[-76.744019,-11.966057],[-76.743738,-11.965824],[-76.743059,-11.965297],[-76.742379,-11.96477],[-76.7417,-11.964242],[-76.741539,-11.964118],[-76.741501,-11.964088],[-76.741462,-11.964058],[-76.741405,-11.964012],[-76.740974,-11.96366],[-76.740543,-11.963309],[-76.740329,-11.963126],[-76.740149,-11.962998],[-76.73921,-11.962439],[-76.738491,-11.962015],[-76.738343,-11.961925],[-76.73823,-11.961824],[-76.737651,-11.961258],[-76.737573,-11.961182],[-76.737493,-11.961104],[-76.737212,-11.96083],[-76.736446,-11.960124],[-76.73593,-11.959645],[-76.735414,-11.959167],[-76.735319,-11.959079],[-76.734542,-11.958357],[-76.733765,-11.957636],[-76.733703,-11.957579],[-76.733517,-11.957406],[-76.732941,-11.956849],[-76.732364,-11.956291],[-76.731715,-11.955689],[-76.731066,-11.955087],[-76.730948,-11.954978],[-76.730224,-11.954311],[-76.7295,-11.953644],[-76.729416,-11.953566],[-76.729362,-11.953514],[-76.729136,-11.953303],[-76.728983,-11.953221],[-76.728786,-11.953049],[-76.728479,-11.952813],[-76.727616,-11.952176],[-76.726754,-11.95154],[-76.726486,-11.951343],[-76.726153,-11.951135],[-76.725744,-11.950929],[-76.724931,-11.950614],[-76.724118,-11.9503],[-76.723983,-11.950247],[-76.723585,-11.95009],[-76.723408,-11.950021],[-76.723248,-11.94996],[-76.722561,-11.949696],[-76.721705,-11.949365],[-76.721619,-11.949332],[-76.721537,-11.949302],[-76.721184,-11.949166],[-76.721014,-11.949078],[-76.720187,-11.948759],[-76.719734,-11.948585],[-76.718775,-11.948215],[-76.718136,-11.947969],[-76.717497,-11.947722],[-76.716902,-11.947493],[-76.716306,-11.947264],[-76.716178,-11.947213],[-76.716072,-11.94717],[-76.716038,-11.947157],[-76.715642,-11.946996],[-76.715129,-11.946847],[-76.715049,-11.946824],[-76.71413,-11.9467],[-76.713881,-11.946663],[-76.713428,-11.946604],[-76.712953,-11.946544],[-76.712626,-11.946498],[-76.712433,-11.946468],[-76.712241,-11.946432],[-76.71204,-11.946388],[-76.71184,-11.946336],[-76.711194,-11.946136],[-76.710548,-11.945936],[-76.710468,-11.945908],[-76.710391,-11.945874],[-76.710317,-11.945834],[-76.710243,-11.945788],[-76.710173,-11.945736],[-76.710108,-11.945679],[-76.710041,-11.945603],[-76.709972,-11.945505],[-76.709917,-11.945404],[-76.70988,-11.945312],[-76.70976,-11.944923],[-76.709709,-11.944759],[-76.709646,-11.944556],[-76.709615,-11.944474],[-76.709577,-11.944395],[-76.709543,-11.944335],[-76.709504,-11.944277],[-76.709433,-11.944187],[-76.709384,-11.944134],[-76.709353,-11.944107],[-76.709268,-11.944038],[-76.709178,-11.943976],[-76.709086,-11.943921],[-76.708992,-11.943872],[-76.708871,-11.943811],[-76.708754,-11.943755],[-76.708598,-11.943692],[-76.708473,-11.943657],[-76.708367,-11.943629],[-76.708246,-11.943598],[-76.708155,-11.943581],[-76.70805,-11.943575],[-76.708038,-11.943574],[-76.707827,-11.94353],[-76.707343,-11.943412],[-76.707273,-11.943397],[-76.70714,-11.943367],[-76.706681,-11.943258],[-76.706444,-11.943203],[-76.706383,-11.943188],[-76.70579,-11.943046],[-76.705343,-11.942943],[-76.705121,-11.942892],[-76.704452,-11.942732],[-76.704028,-11.942631],[-76.703833,-11.942581],[-76.70369,-11.942549],[-76.703562,-11.942516],[-76.703456,-11.942482],[-76.703334,-11.94244],[-76.703229,-11.942398],[-76.703049,-11.942306],[-76.702922,-11.94224],[-76.702723,-11.94213],[-76.702288,-11.941899],[-76.701587,-11.941544],[-76.701525,-11.941515],[-76.701442,-11.94147],[-76.700592,-11.94104],[-76.700176,-11.940823],[-76.699752,-11.9406],[-76.699242,-11.940333],[-76.699136,-11.940263],[-76.69897,-11.940154],[-76.698717,-11.939893],[-76.698405,-11.939509],[-76.698337,-11.939425],[-76.69828,-11.939355],[-76.69764,-11.93857],[-76.697015,-11.937781],[-76.696999,-11.937762],[-76.696953,-11.937704],[-76.696899,-11.937636],[-76.69685,-11.937576],[-76.696837,-11.937561],[-76.696418,-11.937059],[-76.696194,-11.936791],[-76.696006,-11.936557],[-76.695486,-11.935911],[-76.695134,-11.935472],[-76.694781,-11.935033],[-76.694583,-11.934788],[-76.694068,-11.934151],[-76.693636,-11.933616],[-76.69361,-11.933584],[-76.69324,-11.933113],[-76.693163,-11.933027],[-76.692727,-11.932492],[-76.692069,-11.931688],[-76.691425,-11.930901],[-76.690777,-11.930109],[-76.690141,-11.929332],[-76.68977,-11.928887],[-76.689441,-11.9285],[-76.689401,-11.928456],[-76.68916,-11.928198],[-76.689011,-11.928042],[-76.68884,-11.927862],[-76.688477,-11.92753],[-76.688367,-11.927444],[-76.688246,-11.927362],[-76.688064,-11.92725],[-76.688006,-11.927219],[-76.687766,-11.927093],[-76.68765,-11.927033],[-76.687515,-11.926968],[-76.68666,-11.926499],[-76.68634,-11.926273],[-76.686273,-11.926204],[-76.685884,-11.92582],[-76.685494,-11.925435],[-76.685432,-11.925374],[-76.684782,-11.924712],[-76.684684,-11.924633],[-76.684629,-11.924589],[-76.684542,-11.924519],[-76.684267,-11.924376],[-76.683413,-11.923929],[-76.6833,-11.923891],[-76.683091,-11.923822],[-76.682776,-11.923791],[-76.682152,-11.923844],[-76.681987,-11.923837],[-76.681567,-11.923803],[-76.6814,-11.923798],[-76.681016,-11.923823],[-76.680547,-11.923861],[-76.680345,-11.923863],[-76.680218,-11.923831],[-76.680045,-11.923732],[-76.680003,-11.923709],[-76.679381,-11.923305],[-76.67911,-11.923045],[-76.678969,-11.922899],[-76.678628,-11.922545],[-76.678386,-11.922365],[-76.678267,-11.922277],[-76.678179,-11.922232],[-76.678028,-11.92216],[-76.677873,-11.922083],[-76.677388,-11.921914],[-76.676544,-11.921578],[-76.675521,-11.921193],[-76.674988,-11.921013],[-76.674456,-11.920834],[-76.674107,-11.920759],[-76.674022,-11.920746],[-76.673931,-11.920731],[-76.673782,-11.920711],[-76.673374,-11.920684],[-76.673125,-11.92068],[-76.672692,-11.920712],[-76.671961,-11.920789],[-76.671569,-11.920835],[-76.671474,-11.920846],[-76.670757,-11.92092],[-76.670572,-11.920944],[-76.670271,-11.920977],[-76.670072,-11.920997],[-76.669802,-11.921034],[-76.669439,-11.921083],[-76.668858,-11.921142],[-76.668572,-11.921173],[-76.667916,-11.921245],[-76.667867,-11.921252],[-76.667469,-11.921297],[-76.667299,-11.921316],[-76.667177,-11.92133],[-76.666976,-11.921351],[-76.666401,-11.92141],[-76.665761,-11.921472],[-76.665526,-11.921494],[-76.665437,-11.921503],[-76.665206,-11.92154],[-76.664575,-11.921707],[-76.664358,-11.921778],[-76.664297,-11.921799],[-76.663939,-11.921919],[-76.663707,-11.922004],[-76.663596,-11.922047],[-76.663538,-11.922075],[-76.663488,-11.9221],[-76.663368,-11.922161],[-76.663346,-11.922173],[-76.663254,-11.922232],[-76.662963,-11.922438],[-76.662608,-11.922769],[-76.662336,-11.923035],[-76.66205,-11.923312],[-76.66183,-11.923476],[-76.661733,-11.923527],[-76.661578,-11.923605],[-76.661485,-11.92364],[-76.661365,-11.923675],[-76.661291,-11.923693],[-76.660999,-11.923721],[-76.660068,-11.923668],[-76.659317,-11.923639],[-76.658566,-11.923611],[-76.657815,-11.923582],[-76.657775,-11.92358],[-76.657626,-11.923583],[-76.657464,-11.923601],[-76.657306,-11.923634],[-76.657094,-11.923714],[-76.656993,-11.923761],[-76.656276,-11.924099],[-76.655559,-11.924437]]}},{"type":"Feature","properties":{"id":"separadora_industrial","name":"Av. Separadora Industrial","class":"arterial","maxspeed_kmh":50,"lanes":2,"osm_ways":20},"geometry":{"type":"LineString","coordinates":[[-76.991917,-12.073462],[-76.991792,-12.073496],[-76.991676,-12.073509],[-76.991541,-12.073505],[-76.99143,-12.073486],[-76.991365,-12.073465],[-76.990799,-12.073144],[-76.990233,-12.072823],[-76.989735,-12.072533],[-76.989268,-12.072318],[-76.988935,-12.072193],[-76.988749,-12.072116],[-76.988614,-12.072072],[-76.988456,-12.072015],[-76.987651,-12.071739],[-76.987273,-12.071646],[-76.986762,-12.071559],[-76.986199,-12.071552],[-76.985749,-12.071567],[-76.9847,-12.071584],[-76.984523,-12.071585],[-76.984146,-12.0716],[-76.983595,-12.071605],[-76.983199,-12.071604],[-76.983037,-12.071605],[-76.982856,-12.071607],[-76.98261,-12.071602],[-76.98232,-12.071599],[-76.981831,-12.071554],[-76.981592,-12.071508],[-76.981392,-12.071467],[-76.981251,-12.071437],[-76.98119,-12.071413],[-76.980996,-12.071337],[-76.980369,-12.071092],[-76.980236,-12.071041],[-76.97996,-12.070933],[-76.979365,-12.070685],[-76.97877,-12.070437],[-76.978038,-12.070131],[-76.977465,-12.069902],[-76.976891,-12.069673],[-76.976304,-12.069437],[-76.975717,-12.069202],[-76.974978,-12.068906],[-76.97417,-12.068574],[-76.97388,-12.068452],[-76.973789,-12.068405],[-76.973591,-12.06828],[-76.973396,-12.068147],[-76.972819,-12.067778],[-76.972666,-12.06766],[-76.972555,-12.067572],[-76.9725,-12.067529],[-76.972463,-12.067499],[-76.972295,-12.067349],[-76.972208,-12.067234],[-76.972126,-12.067113],[-76.971969,-12.066871],[-76.971867,-12.066665],[-76.971785,-12.066452],[-76.971038,-12.066737],[-76.97029,-12.067021],[-76.970135,-12.066951],[-76.969932,-12.066856],[-76.969791,-12.066797],[-76.969506,-12.066662],[-76.96921,-12.066473],[-76.968709,-12.066083],[-76.96857,-12.065975],[-76.968274,-12.065737],[-76.968073,-12.065606],[-76.967955,-12.06553],[-76.96774,-12.065421],[-76.967619,-12.065383],[-76.967557,-12.065349],[-76.967536,-12.065337],[-76.966819,-12.065045],[-76.966103,-12.064752],[-76.965584,-12.06454],[-76.965066,-12.064329],[-76.964921,-12.064269],[-76.964846,-12.064239],[-76.964235,-12.063996],[-76.963624,-12.063753],[-76.96316,-12.063563],[-76.963071,-12.063527],[-76.96232,-12.063228],[-76.961569,-12.062929],[-76.960999,-12.062695],[-76.960969,-12.062683],[-76.96087,-12.062643],[-76.96083,-12.062627],[-76.960759,-12.062599],[-76.960363,-12.062454],[-76.960306,-12.062433],[-76.9597,-12.062207],[-76.959093,-12.061981],[-76.958766,-12.061872],[-76.958229,-12.061789],[-76.958126,-12.061777],[-76.957839,-12.061741],[-76.957171,-12.061658],[-76.956376,-12.061559],[-76.955708,-12.061482],[-76.955039,-12.061405],[-76.954596,-12.061345],[-76.954347,-12.061297],[-76.95392,-12.061193],[-76.95361,-12.061091],[-76.953166,-12.060897],[-76.952404,-12.060575],[-76.952252,-12.060511],[-76.951864,-12.060339],[-76.951774,-12.060299],[-76.951619,-12.060231],[-76.951331,-12.060102],[-76.950841,-12.059883],[-76.950433,-12.059686],[-76.95015,-12.059532],[-76.949819,-12.059359],[-76.949106,-12.058983],[-76.948394,-12.058606],[-76.948278,-12.058545],[-76.947741,-12.058265],[-76.947203,-12.057985],[-76.946836,-12.057794],[-76.946495,-12.057619],[-76.945814,-12.05727],[-76.945133,-12.05692],[-76.944987,-12.056845],[-76.944767,-12.056737],[-76.944721,-12.056713],[-76.944575,-12.05664],[-76.94444,-12.056571],[-76.94437,-12.056536],[-76.944229,-12.056462],[-76.944047,-12.056356],[-76.943718,-12.056145],[-76.943453,-12.055948],[-76.943238,-12.055768],[-76.943089,-12.055616],[-76.942857,-12.055381],[-76.942434,-12.054846],[-76.942202,-12.054488],[-76.942186,-12.054459],[-76.941784,-12.053723],[-76.941719,-12.053584],[-76.941679,-12.053467],[-76.941326,-12.052832],[-76.941248,-12.052765],[-76.941204,-12.052711],[-76.941153,-12.052628],[-76.941102,-12.052533],[-76.940888,-12.052157],[-76.940372,-12.051198],[-76.939889,-12.050334],[-76.939406,-12.04947],[-76.939198,-12.049101],[-76.938719,-12.048219],[-76.93824,-12.047337],[-76.937928,-12.046782],[-76.937771,-12.046419],[-76.937748,-12.046297],[-76.937698,-12.046026],[-76.937689,-12.045828],[-76.9377,-12.045613],[-76.937736,-12.045388],[-76.937744,-12.045341],[-76.937825,-12.045071],[-76.937861,-12.044982],[-76.93788,-12.044934],[-76.937811,-12.044419],[-76.93781,-12.044417],[-76.9378,-12.044376],[-76.937766,-12.044141],[-76.937744,-12.043989],[-76.937734,-12.043892],[-76.93774,-12.043815],[-76.937779,-12.043715],[-76.937851,-12.043658],[-76.937893,-12.043671],[-76.937925,-12.043682],[-76.93797,-12.043699],[-76.938154,-12.043769],[-76.938194,-12.043668],[-76.938546,-12.042801],[-76.938897,-12.041933],[-76.939249,-12.041066],[-76.9396,-12.040198],[-76.939681,-12.039999],[-76.939718,-12.039904],[-76.939764,-12.039779],[-76.939955,-12.039264],[-76.940146,-12.038749],[-76.940475,-12.037973],[-76.940803,-12.037197],[-76.941132,-12.036422],[-76.941533,-12.035554],[-76.941935,-12.034687],[-76.942336,-12.033819],[-76.942422,-12.033633],[-76.942514,-12.03347],[-76.942584,-12.033327],[-76.942753,-12.03298],[-76.942821,-12.032804],[-76.942964,-12.032334],[-76.943091,-12.031921],[-76.943296,-12.031023],[-76.943331,-12.030964]]}},{"type":"Feature","properties":{"id":"tupac_amaru","name":"Av. Túpac Amaru","class":"arterial","maxspeed_kmh":60,"lanes":2,"osm_ways":67},"geometry":{"type":"LineString","coordinates":[[-76.966508,-11.726358],[-76.966591,-11.726414],[-76.966658,-11.726459],[-76.966758,-11.726543],[-76.966845,-11.726636],[-76.966938,-11.726744],[-76.967117,-11.726994],[-76.96742,-11.72744],[-76.967861,-11.728079],[-76.967957,-11.728221],[-76.968015,-11.728339],[-76.968071,-11.728492],[-76.968118,-11.728642],[-76.96813,-11.728701],[-76.968138,-11.728743],[-76.968241,-11.729589],[-76.968299,-11.730063],[-76.968344,-11.730266],[-76.968385,-11.730368],[-76.968435,-11.73049],[-76.968483,-11.730587],[-76.96858,-11.73072],[-76.968769,-11.730925],[-76.968949,-11.731134],[-76.969133,-11.731363],[-76.969263,-11.731602],[-76.969595,-11.732262],[-76.969926,-11.732922],[-76.970257,-11.733582],[-76.970387,-11.733826],[-76.970456,-11.734329],[-76.970395,-11.734606],[-76.970301,-11.734929],[-76.970171,-11.735159],[-76.970059,-11.735408],[-76.970031,-11.735632],[-76.970003,-11.735921],[-76.969937,-11.736186],[-76.969772,-11.736422],[-76.969634,-11.736687],[-76.969492,-11.736896],[-76.969362,-11.737114],[-76.969327,-11.7373],[-76.969312,-11.737461],[-76.969234,-11.73758],[-76.96904,-11.737773],[-76.968858,-11.737978],[-76.968609,-11.738398],[-76.968376,-11.738841],[-76.968193,-11.739245],[-76.968041,-11.739563],[-76.967822,-11.740313],[-76.967661,-11.740861],[-76.967458,-11.741506],[-76.967254,-11.742151],[-76.967149,-11.742391],[-76.96703,-11.742526],[-76.966866,-11.74267],[-76.96674,-11.742822],[-76.966635,-11.743011],[-76.966466,-11.743225],[-76.966233,-11.743511],[-76.966118,-11.74372],[-76.966112,-11.743926],[-76.966183,-11.744178],[-76.966381,-11.744457],[-76.966646,-11.744903],[-76.966747,-11.745125],[-76.966951,-11.745779],[-76.967003,-11.746053],[-76.967047,-11.746283],[-76.967156,-11.746936],[-76.967322,-11.747655],[-76.967445,-11.748618],[-76.967553,-11.749439],[-76.967613,-11.749898],[-76.967619,-11.750511],[-76.967669,-11.750923],[-76.967737,-11.751152],[-76.96793,-11.751433],[-76.968266,-11.751871],[-76.968634,-11.752406],[-76.968838,-11.752657],[-76.968983,-11.752884],[-76.969019,-11.75299],[-76.969041,-11.753086],[-76.96904,-11.753182],[-76.969025,-11.753288],[-76.969001,-11.75351],[-76.96901,-11.753619],[-76.969033,-11.753716],[-76.969079,-11.753803],[-76.969142,-11.753892],[-76.969318,-11.754091],[-76.969386,-11.75417],[-76.96947,-11.754224],[-76.969563,-11.754248],[-76.969665,-11.754265],[-76.96991,-11.754286],[-76.970306,-11.754338],[-76.970607,-11.754468],[-76.970877,-11.75458],[-76.971088,-11.754648],[-76.971392,-11.754744],[-76.971627,-11.754836],[-76.971796,-11.754962],[-76.972521,-11.755529],[-76.972751,-11.755709],[-76.972861,-11.755825],[-76.972919,-11.755987],[-76.972941,-11.756233],[-76.972966,-11.756464],[-76.973121,-11.757073],[-76.973277,-11.757681],[-76.973302,-11.757955],[-76.973318,-11.758259],[-76.973377,-11.758579],[-76.973458,-11.758819],[-76.973534,-11.758972],[-76.973665,-11.759141],[-76.973808,-11.759282],[-76.974171,-11.759666],[-76.974223,-11.759745],[-76.974274,-11.759821],[-76.974429,-11.760086],[-76.974496,-11.760214],[-76.974564,-11.760403],[-76.974718,-11.760789],[-76.974828,-11.761095],[-76.974923,-11.761457],[-76.974942,-11.761569],[-76.974942,-11.761665],[-76.974924,-11.761767],[-76.974867,-11.761852],[-76.974818,-11.7619],[-76.974724,-11.761978],[-76.974587,-11.762064],[-76.974441,-11.762174],[-76.974367,-11.762283],[-76.974324,-11.762413],[-76.974321,-11.762555],[-76.974331,-11.762712],[-76.974367,-11.762872],[-76.974412,-11.763041],[-76.974453,-11.763165],[-76.974469,-11.763214],[-76.974523,-11.763319],[-76.974587,-11.763402],[-76.975112,-11.763617],[-76.975637,-11.763832],[-76.976143,-11.764065],[-76.976268,-11.76419],[-76.976351,-11.764277],[-76.976401,-11.764411],[-76.976631,-11.765074],[-76.976738,-11.765359],[-76.976835,-11.76561],[-76.976977,-11.765994],[-76.97712,-11.766448],[-76.977162,-11.766668],[-76.977169,-11.766769],[-76.977218,-11.767463],[-76.977257,-11.767761],[-76.977312,-11.768099],[-76.977405,-11.768675],[-76.977431,-11.768816],[-76.977475,-11.769042],[-76.977514,-11.769201],[-76.977546,-11.769332],[-76.977621,-11.769574],[-76.97763,-11.769602],[-76.977728,-11.769925],[-76.977737,-11.769954],[-76.977826,-11.770236],[-76.97786,-11.770346],[-76.978111,-11.770969],[-76.978155,-11.77108],[-76.978197,-11.771184],[-76.978277,-11.771309],[-76.978364,-11.77144],[-76.978624,-11.77183],[-76.978943,-11.772308],[-76.979085,-11.772504],[-76.979407,-11.772946],[-76.979749,-11.773414],[-76.980078,-11.773865],[-76.980174,-11.773997],[-76.980391,-11.774295],[-76.980798,-11.774856],[-76.981205,-11.775416],[-76.981546,-11.775834],[-76.981682,-11.775991],[-76.981813,-11.776142],[-76.98204,-11.776438],[-76.9822,-11.776669],[-76.982261,-11.776771],[-76.98236,-11.776934],[-76.982557,-11.777274],[-76.982655,-11.777444],[-76.982819,-11.777736],[-76.982963,-11.778],[-76.982985,-11.778043],[-76.98308,-11.778232],[-76.98316,-11.778431],[-76.983238,-11.778755],[-76.983274,-11.779045],[-76.983284,-11.779671],[-76.983304,-11.780449],[-76.983324,-11.781227],[-76.983308,-11.781929],[-76.983293,-11.782631],[-76.983234,-11.783687],[-76.983176,-11.784744],[-76.983118,-11.7858],[-76.983059,-11.786856],[-76.983054,-11.786957],[-76.983048,-11.78703],[-76.982993,-11.787809],[-76.982937,-11.788589],[-76.982904,-11.789068],[-76.982866,-11.789525],[-76.982861,-11.789801],[-76.982891,-11.790137],[-76.982936,-11.790395],[-76.983077,-11.790931],[-76.983127,-11.791201],[-76.983122,-11.791642],[-76.983092,-11.792248],[-76.983108,-11.792449],[-76.983154,-11.792645],[-76.983272,-11.793002],[-76.983335,-11.793167],[-76.983362,-11.79326],[-76.983375,-11.793372],[-76.983367,-11.793508],[-76.983323,-11.793621],[-76.98325,-11.793744],[-76.983119,-11.793873],[-76.982682,-11.794194],[-76.982365,-11.794451],[-76.982101,-11.794747],[-76.981883,-11.795077],[-76.981769,-11.795319],[-76.981696,-11.795609],[-76.981657,-11.79585],[-76.981673,-11.796076],[-76.981688,-11.796278],[-76.981715,-11.796429],[-76.981821,-11.796751],[-76.981871,-11.796841],[-76.982025,-11.79704],[-76.982371,-11.79744],[-76.982494,-11.797611],[-76.982588,-11.797781],[-76.982634,-11.79789],[-76.982943,-11.798726],[-76.983221,-11.799223],[-76.983424,-11.799503],[-76.983519,-11.799634],[-76.983636,-11.799806],[-76.983729,-11.799924],[-76.983872,-11.800105],[-76.983997,-11.800244],[-76.984142,-11.800384],[-76.984308,-11.800522],[-76.984483,-11.800633],[-76.984881,-11.800887],[-76.985197,-11.801116],[-76.985354,-11.801275],[-76.985449,-11.801407],[-76.985504,-11.801564],[-76.98553,-11.801743],[-76.985519,-11.801905],[-76.985504,-11.802191],[-76.985517,-11.802332],[-76.985531,-11.802395],[-76.985551,-11.802487],[-76.985657,-11.802626],[-76.98632,-11.80324],[-76.986392,-11.803306],[-76.986679,-11.803559],[-76.986804,-11.803674],[-76.987009,-11.803884],[-76.987164,-11.804135],[-76.987264,-11.804357],[-76.987349,-11.804616],[-76.987399,-11.804887],[-76.987567,-11.805745],[-76.987735,-11.806603],[-76.987832,-11.807116],[-76.987964,-11.807747],[-76.988096,-11.808377],[-76.988163,-11.808725],[-76.988301,-11.809435],[-76.988318,-11.809521],[-76.988341,-11.809639],[-76.988364,-11.809822],[-76.988376,-11.81007],[-76.988383,-11.810209],[-76.988403,-11.810422],[-76.988446,-11.810595],[-76.988525,-11.810753],[-76.98863,-11.810871],[-76.988747,-11.810976],[-76.988813,-11.811036],[-76.989053,-11.811262],[-76.989292,-11.811528],[-76.989458,-11.811757],[-76.989559,-11.811923],[-76.989623,-11.81203],[-76.989766,-11.812291],[-76.989862,-11.812482],[-76.990063,-11.812878],[-76.990295,-11.813281],[-76.990334,-11.813341],[-76.990612,-11.813769],[-76.990757,-11.813966],[-76.991042,-11.814352],[-76.991216,-11.814587],[-76.991454,-11.814939],[-76.99153,-11.81507],[-76.991593,-11.815217],[-76.991644,-11.815389],[-76.991651,-11.815454],[-76.99167,-11.815624],[-76.991699,-11.816102],[-76.991714,-11.816397],[-76.991746,-11.816611],[-76.991819,-11.816833],[-76.99186,-11.816895],[-76.992011,-11.817101],[-76.992153,-11.817222],[-76.992356,-11.817346],[-76.992594,-11.817472],[-76.992815,-11.817618],[-76.992972,-11.817754],[-76.993152,-11.817948],[-76.993303,-11.81816],[-76.993415,-11.818353],[-76.993507,-11.818565],[-76.993608,-11.818874],[-76.993767,-11.81949],[-76.993794,-11.819633],[-76.993801,-11.81986],[-76.993755,-11.820061],[-76.99368,-11.820205],[-76.993588,-11.820329],[-76.993468,-11.820423],[-76.993251,-11.820552],[-76.992933,-11.820679],[-76.992794,-11.820753],[-76.992688,-11.820837],[-76.992615,-11.820937],[-76.992575,-11.821046],[-76.992563,-11.821173],[-76.992717,-11.821969],[-76.992831,-11.822477],[-76.992904,-11.822701],[-76.993003,-11.822852],[-76.993105,-11.822945],[-76.993235,-11.823008],[-76.993385,-11.823041],[-76.993491,-11.823056],[-76.993798,-11.82309],[-76.993925,-11.823132],[-76.994033,-11.823195],[-76.994134,-11.823275],[-76.994219,-11.82339],[-76.994277,-11.823499],[-76.994323,-11.823622],[-76.994443,-11.82401],[-76.994522,-11.824247],[-76.994601,-11.824412],[-76.994624,-11.824454],[-76.994687,-11.824557],[-76.99471,-11.824597],[-76.994846,-11.824805],[-76.9951,-11.825171],[-76.995478,-11.825712],[-76.995837,-11.826227],[-76.996195,-11.826743],[-76.996309,-11.826941],[-76.996391,-11.827134],[-76.996444,-11.827318],[-76.996467,-11.827463],[-76.996472,-11.827605],[-76.996462,-11.827768],[-76.996444,-11.827929],[-76.996421,-11.828181],[-76.996431,-11.82833],[-76.99646,-11.828479],[-76.996525,-11.828651],[-76.996637,-11.828827],[-76.996745,-11.82896],[-76.996875,-11.829091],[-76.997562,-11.829793],[-76.997694,-11.829952],[-76.997816,-11.83014],[-76.997879,-11.830279],[-76.997931,-11.830427],[-76.99797,-11.830606],[-76.998005,-11.830908],[-76.998017,-11.831023],[-76.99807,-11.831528],[-76.998103,-11.831725],[-76.998159,-11.831959],[-76.99824,-11.832133],[-76.998343,-11.832296],[-76.99858,-11.832605],[-76.998718,-11.832787],[-76.998867,-11.832967],[-76.999071,-11.833182],[-76.999236,-11.83337],[-76.999398,-11.83357],[-76.999528,-11.833795],[-76.999631,-11.834049],[-76.999686,-11.834282],[-76.999708,-11.834424],[-76.999702,-11.834629],[-76.999686,-11.834755],[-76.999681,-11.834797],[-76.999633,-11.835004],[-76.999475,-11.835485],[-76.999271,-11.836074],[-76.999219,-11.836225],[-76.999206,-11.836263],[-76.999127,-11.83651],[-76.999079,-11.836696],[-76.999029,-11.836955],[-76.998945,-11.837462],[-76.998879,-11.837854],[-76.998862,-11.838026],[-76.998853,-11.838202],[-76.99886,-11.838351],[-76.998881,-11.838504],[-76.998915,-11.838653],[-76.998969,-11.838841],[-76.999111,-11.839278],[-76.999167,-11.839466],[-76.999206,-11.839621],[-76.999236,-11.839783],[-76.999249,-11.839948],[-76.999244,-11.840121],[-76.999219,-11.840276],[-76.999174,-11.840426],[-76.998978,-11.841009],[-76.99895,-11.841146],[-76.998935,-11.841284],[-76.998936,-11.841404],[-76.998944,-11.841507],[-76.998953,-11.841555],[-76.998981,-11.841672],[-76.999026,-11.841786],[-76.999158,-11.842166],[-76.999189,-11.842236],[-76.999259,-11.842398],[-76.999282,-11.842445],[-76.999687,-11.843248],[-76.999755,-11.843385],[-77.000002,-11.843896],[-77.00025,-11.844407],[-77.000592,-11.845109],[-77.000716,-11.845418],[-77.000739,-11.845476],[-77.000764,-11.845538],[-77.000784,-11.845591],[-77.000818,-11.845674],[-77.001017,-11.846172],[-77.001158,-11.846524],[-77.001197,-11.846623],[-77.001496,-11.847362],[-77.001618,-11.847666],[-77.0019,-11.848316],[-77.002075,-11.848771],[-77.002168,-11.849115],[-77.002211,-11.849299],[-77.002244,-11.849488],[-77.002262,-11.849644],[-77.002268,-11.849797],[-77.002267,-11.849946],[-77.002264,-11.850227],[-77.002255,-11.85047],[-77.002254,-11.850726],[-77.00228,-11.85095],[-77.002309,-11.851096],[-77.002355,-11.851252],[-77.002412,-11.851412],[-77.002814,-11.852401],[-77.002859,-11.852512],[-77.003026,-11.852935],[-77.003174,-11.853329],[-77.003227,-11.853507],[-77.003297,-11.853755],[-77.003361,-11.854022],[-77.00345,-11.854427],[-77.003518,-11.854762],[-77.003595,-11.855131],[-77.003746,-11.855863],[-77.003789,-11.85596],[-77.003861,-11.856068],[-77.003963,-11.856614],[-77.004051,-11.857055],[-77.004136,-11.857473],[-77.004151,-11.857547],[-77.0042,-11.857791],[-77.004236,-11.857939],[-77.00428,-11.858093],[-77.004337,-11.858233],[-77.004407,-11.858365],[-77.004481,-11.858485],[-77.004596,-11.858633],[-77.004703,-11.858751],[-77.004747,-11.858799],[-77.005161,-11.859217],[-77.005406,-11.859463],[-77.005555,-11.859616],[-77.005813,-11.859882],[-77.006061,-11.860137],[-77.006163,-11.860252],[-77.006246,-11.860345],[-77.006314,-11.860441],[-77.006346,-11.860496],[-77.006372,-11.860542],[-77.006431,-11.860659],[-77.006481,-11.860781],[-77.006608,-11.861109],[-77.00667,-11.861279],[-77.006875,-11.861841],[-77.00697,-11.86203],[-77.007093,-11.862247],[-77.007228,-11.862457],[-77.007312,-11.862588],[-77.007666,-11.863048],[-77.007706,-11.863099],[-77.007941,-11.863384],[-77.007953,-11.863396],[-77.008156,-11.863619],[-77.008539,-11.864018],[-77.00904,-11.864495],[-77.009165,-11.864603],[-77.009292,-11.864685],[-77.009419,-11.864762],[-77.009448,-11.864778],[-77.009555,-11.86482],[-77.010155,-11.865061],[-77.010341,-11.865161],[-77.010557,-11.865309],[-77.010593,-11.865335],[-77.01067,-11.865398],[-77.011003,-11.865682],[-77.011105,-11.865795],[-77.011145,-11.865856],[-77.011186,-11.865934],[-77.011225,-11.866032],[-77.011257,-11.866149],[-77.011289,-11.866319],[-77.011317,-11.866501],[-77.011337,-11.866618],[-77.011375,-11.866749],[-77.011421,-11.866862],[-77.01145,-11.866912],[-77.01148,-11.866963],[-77.011522,-11.867097],[-77.011574,-11.867221],[-77.012106,-11.868018],[-77.01244,-11.86849],[-77.012774,-11.868962],[-77.013265,-11.869691],[-77.013748,-11.870435],[-77.014034,-11.870925],[-77.014423,-11.871604],[-77.014811,-11.872284],[-77.0152,-11.872963],[-77.015539,-11.873531],[-77.01558,-11.873601],[-77.015638,-11.873706],[-77.016162,-11.874635],[-77.016429,-11.875143],[-77.016687,-11.875672],[-77.016935,-11.876228],[-77.017166,-11.876754],[-77.017426,-11.877315],[-77.017523,-11.877493],[-77.017605,-11.877633],[-77.017715,-11.877789],[-77.017916,-11.878023],[-77.018139,-11.878263],[-77.018528,-11.878679],[-77.018881,-11.879056],[-77.019221,-11.879421],[-77.019373,-11.879579],[-77.019409,-11.879616],[-77.019544,-11.879739],[-77.019663,-11.87984],[-77.019788,-11.879943],[-77.019828,-11.879972],[-77.019922,-11.88004],[-77.020055,-11.880131],[-77.020153,-11.880193],[-77.02019,-11.880216],[-77.020348,-11.880305],[-77.020585,-11.880427],[-77.020869,-11.880564],[-77.02096,-11.880603],[-77.02133,-11.880763],[-77.021457,-11.880814],[-77.021586,-11.880873],[-77.021616,-11.880887],[-77.022133,-11.881123],[-77.022318,-11.881206],[-77.022481,-11.881293],[-77.02259,-11.881354],[-77.022703,-11.88142],[-77.022867,-11.88154],[-77.022976,-11.881636],[-77.023072,-11.881733],[-77.023123,-11.881794],[-77.023179,-11.881861],[-77.023197,-11.881885],[-77.023288,-11.882003],[-77.023348,-11.882086],[-77.0234,-11.882169],[-77.023465,-11.88229],[-77.02351,-11.882392],[-77.023552,-11.882515],[-77.023596,-11.882655],[-77.023624,-11.882772],[-77.023651,-11.882912],[-77.023674,-11.883088],[-77.023679,-11.883222],[-77.023666,-11.883397],[-77.023647,-11.883544],[-77.023556,-11.884084],[-77.023419,-11.884796],[-77.023375,-11.885021],[-77.023358,-11.885107],[-77.023342,-11.885193],[-77.023339,-11.88521],[-77.023253,-11.885668],[-77.023235,-11.885816],[-77.023221,-11.885966],[-77.02322,-11.886137],[-77.023228,-11.886276],[-77.023243,-11.886413],[-77.023267,-11.886547],[-77.0233,-11.886684],[-77.023341,-11.886818],[-77.023386,-11.886949],[-77.023434,-11.887069],[-77.023492,-11.887187],[-77.023554,-11.88729],[-77.023573,-11.887321],[-77.023694,-11.887496],[-77.023846,-11.887662],[-77.02399,-11.887807],[-77.024363,-11.888113],[-77.024432,-11.88817],[-77.024858,-11.888527],[-77.025276,-11.888873],[-77.025506,-11.889064],[-77.025699,-11.889224],[-77.025912,-11.889422],[-77.026117,-11.889633],[-77.026482,-11.890032],[-77.026805,-11.890405],[-77.026851,-11.890459],[-77.026893,-11.890514],[-77.02696,-11.890612],[-77.026972,-11.890628],[-77.027509,-11.891417],[-77.02781,-11.891872],[-77.027958,-11.892101],[-77.028101,-11.892337],[-77.028375,-11.892829],[-77.02852,-11.89313],[-77.028631,-11.893377],[-77.028681,-11.893487],[-77.028756,-11.893679],[-77.028852,-11.893944],[-77.028948,-11.894237],[-77.028995,-11.8944],[-77.029201,-11.89512],[-77.02929,-11.895443],[-77.029295,-11.895462],[-77.029449,-11.89605],[-77.029604,-11.896637],[-77.029858,-11.897568],[-77.030111,-11.898498],[-77.030165,-11.898703],[-77.030189,-11.898798],[-77.03022,-11.898916],[-77.030236,-11.898983],[-77.030267,-11.899109],[-77.030332,-11.899428],[-77.030338,-11.899463],[-77.030379,-11.899748],[-77.03041,-11.899999],[-77.030435,-11.900238],[-77.03046,-11.900581],[-77.03047,-11.900795],[-77.030478,-11.900994],[-77.030479,-11.901436],[-77.030479,-11.901918],[-77.030479,-11.902055],[-77.030479,-11.902088],[-77.030476,-11.902755],[-77.030478,-11.90279],[-77.030482,-11.902892],[-77.030492,-11.903003],[-77.030501,-11.903105],[-77.030545,-11.903395],[-77.030588,-11.903632],[-77.030603,-11.903698],[-77.030616,-11.903757],[-77.030659,-11.903915],[-77.030713,-11.904076],[-77.030751,-11.904177],[-77.030801,-11.904299],[-77.030921,-11.904556],[-77.031259,-11.905276],[-77.031318,-11.905398],[-77.031398,-11.905562],[-77.031456,-11.905687],[-77.031738,-11.906298],[-77.032021,-11.90691],[-77.032081,-11.907014],[-77.032104,-11.907054],[-77.032207,-11.907211],[-77.032281,-11.907307],[-77.032374,-11.907411],[-77.03257,-11.907605],[-77.032687,-11.907712],[-77.032767,-11.907776],[-77.032813,-11.907812],[-77.032955,-11.907906],[-77.033066,-11.907974],[-77.033141,-11.908019],[-77.033301,-11.908095],[-77.033462,-11.908165],[-77.034127,-11.908454],[-77.034181,-11.908477],[-77.034317,-11.908537],[-77.034431,-11.908587],[-77.03446,-11.908599],[-77.035055,-11.908853],[-77.035567,-11.909028],[-77.035612,-11.909044],[-77.03577,-11.909099],[-77.036119,-11.909218],[-77.036428,-11.909322],[-77.036546,-11.909366],[-77.036657,-11.90941],[-77.036791,-11.909471],[-77.036906,-11.90954],[-77.037054,-11.909637],[-77.037205,-11.909751],[-77.037316,-11.909853],[-77.037425,-11.909961],[-77.037537,-11.910101],[-77.037692,-11.910336],[-77.037921,-11.910727],[-77.037976,-11.910826],[-77.038046,-11.910953],[-77.038337,-11.911479],[-77.038395,-11.911583],[-77.038494,-11.911762],[-77.038547,-11.911856],[-77.038744,-11.912204],[-77.038882,-11.912448],[-77.038995,-11.912657],[-77.039198,-11.913017],[-77.039637,-11.913821],[-77.039688,-11.913918],[-77.039791,-11.91411],[-77.039813,-11.914149],[-77.040279,-11.915005],[-77.040337,-11.915112],[-77.040483,-11.915367],[-77.040673,-11.915744],[-77.040794,-11.91603],[-77.040819,-11.916097],[-77.040833,-11.916132],[-77.04086,-11.916199],[-77.040902,-11.916305],[-77.040939,-11.916403],[-77.041035,-11.916672],[-77.041163,-11.917125],[-77.041183,-11.917185],[-77.041213,-11.917297],[-77.041234,-11.917381],[-77.041244,-11.917417],[-77.041284,-11.917572],[-77.041337,-11.917832],[-77.041465,-11.918535],[-77.041593,-11.919238],[-77.04172,-11.919944],[-77.041847,-11.92065],[-77.041864,-11.920748],[-77.041934,-11.921149],[-77.042022,-11.92166],[-77.042038,-11.921756],[-77.042129,-11.922301],[-77.042168,-11.922538],[-77.042195,-11.922739],[-77.042286,-11.923416],[-77.042307,-11.923574],[-77.042312,-11.923613],[-77.042445,-11.924623],[-77.042458,-11.92472],[-77.042464,-11.924764],[-77.042481,-11.924856],[-77.042502,-11.925028],[-77.042505,-11.92506],[-77.042593,-11.925877],[-77.042638,-11.926241],[-77.042669,-11.926475],[-77.042719,-11.92686],[-77.042753,-11.927079],[-77.042791,-11.927249],[-77.042892,-11.927653],[-77.043025,-11.928071],[-77.043119,-11.928339],[-77.043226,-11.928579],[-77.043356,-11.928843],[-77.043419,-11.928969],[-77.04377,-11.929675],[-77.043811,-11.929757],[-77.043852,-11.929839],[-77.043896,-11.929933],[-77.043911,-11.929964],[-77.044258,-11.930712],[-77.044393,-11.930967],[-77.044519,-11.931177],[-77.044665,-11.931363],[-77.04508,-11.931888],[-77.045231,-11.932067],[-77.045377,-11.932239],[-77.045579,-11.932471],[-77.045683,-11.932586],[-77.045808,-11.932736],[-77.046174,-11.933171],[-77.04654,-11.933606],[-77.046563,-11.933635],[-77.046604,-11.933688],[-77.046687,-11.933787],[-77.046758,-11.933872],[-77.046776,-11.933893],[-77.046864,-11.934],[-77.047376,-11.934744],[-77.047888,-11.935488],[-77.048353,-11.936161],[-77.048521,-11.936404],[-77.048819,-11.936839],[-77.048849,-11.936881],[-77.049267,-11.937478],[-77.049365,-11.93762],[-77.04946,-11.937763],[-77.049549,-11.937908],[-77.049634,-11.938055],[-77.049704,-11.938191],[-77.049763,-11.938307],[-77.049818,-11.938425],[-77.049873,-11.938554],[-77.049924,-11.938684],[-77.049984,-11.938853],[-77.050046,-11.939043],[-77.050101,-11.939235],[-77.05016,-11.939481],[-77.050202,-11.939786],[-77.050263,-11.940444],[-77.050269,-11.940592],[-77.050275,-11.940741],[-77.050279,-11.940854],[-77.050281,-11.940947],[-77.050284,-11.941034],[-77.050285,-11.941085],[-77.050285,-11.941119],[-77.050293,-11.942002],[-77.050355,-11.942477],[-77.050437,-11.942962],[-77.050482,-11.943332],[-77.050503,-11.943608],[-77.050502,-11.943922],[-77.050483,-11.944258],[-77.050431,-11.944625],[-77.050341,-11.945047],[-77.050258,-11.945363],[-77.050249,-11.945398],[-77.05007,-11.946082],[-77.04993,-11.946608],[-77.049871,-11.946827],[-77.049751,-11.947334],[-77.049624,-11.947839],[-77.049396,-11.948701],[-77.049374,-11.948784],[-77.049368,-11.948807],[-77.04933,-11.948951],[-77.049254,-11.949329],[-77.049253,-11.949657],[-77.049282,-11.949862],[-77.049346,-11.950035],[-77.049434,-11.95019],[-77.049545,-11.950345],[-77.049837,-11.950632],[-77.050583,-11.951273],[-77.050724,-11.951407],[-77.050836,-11.951539],[-77.050934,-11.951696],[-77.051002,-11.951824],[-77.051071,-11.951987],[-77.051136,-11.952178],[-77.051337,-11.952777],[-77.051357,-11.952839],[-77.051383,-11.952917],[-77.051435,-11.953075],[-77.05145,-11.953118],[-77.051759,-11.954025],[-77.052068,-11.954931],[-77.052378,-11.955837],[-77.052604,-11.956508],[-77.052831,-11.957179],[-77.053137,-11.958084],[-77.053443,-11.958989],[-77.053749,-11.959894],[-77.053768,-11.959946],[-77.054017,-11.960682],[-77.054343,-11.961644],[-77.054594,-11.962427],[-77.054614,-11.96249],[-77.054914,-11.963367],[-77.055214,-11.964245],[-77.055514,-11.965122],[-77.055612,-11.965423],[-77.055725,-11.96577],[-77.0558,-11.965955],[-77.055841,-11.966052],[-77.055923,-11.966191],[-77.055977,-11.966282],[-77.05599,-11.966304],[-77.056334,-11.96688],[-77.056679,-11.967456],[-77.056989,-11.967963],[-77.057299,-11.96847],[-77.057393,-11.968686],[-77.05746,-11.968908],[-77.057496,-11.969159],[-77.057491,-11.969379],[-77.057479,-11.969792],[-77.05746,-11.970417],[-77.057431,-11.970992],[-77.057422,-11.971397],[-77.05742,-11.971474],[-77.057418,-11.97162],[-77.057419,-11.971681],[-77.05742,-11.97175],[-77.057422,-11.9718],[-77.057424,-11.971833],[-77.05744,-11.972097],[-77.057475,-11.972396],[-77.057527,-11.972696],[-77.057605,-11.973025],[-77.057695,-11.973323],[-77.057821,-11.973663],[-77.057969,-11.973994],[-77.058072,-11.974179],[-77.058376,-11.974724],[-77.058573,-11.975051],[-77.058899,-11.975594],[-77.059114,-11.975929],[-77.059212,-11.976117],[-77.059313,-11.976355],[-77.059323,-11.976385],[-77.059351,-11.976465],[-77.059421,-11.976704],[-77.059451,-11.976793],[-77.059475,-11.976908],[-77.059489,-11.976973],[-77.059501,-11.977048],[-77.059515,-11.977205],[-77.059519,-11.977245],[-77.059527,-11.977317],[-77.059539,-11.977517],[-77.059542,-11.977689],[-77.05953,-11.977896],[-77.059494,-11.978237],[-77.05947,-11.978384],[-77.059356,-11.978869],[-77.059268,-11.979174],[-77.059202,-11.97934],[-77.059151,-11.979472],[-77.059119,-11.979573],[-77.059064,-11.979715],[-77.059029,-11.979822],[-77.058952,-11.980035],[-77.058925,-11.980149],[-77.058882,-11.98031],[-77.05886,-11.980394],[-77.058652,-11.981216],[-77.058443,-11.982038],[-77.058235,-11.98286],[-77.058222,-11.98291],[-77.058208,-11.982968],[-77.058176,-11.983088],[-77.058156,-11.983171],[-77.05814,-11.98324],[-77.057906,-11.984247],[-77.057801,-11.984711],[-77.057702,-11.985135],[-77.057687,-11.9852],[-77.057566,-11.98571],[-77.057456,-11.986144],[-77.057339,-11.986601],[-77.057244,-11.986972],[-77.057046,-11.987751],[-77.057008,-11.987912],[-77.056912,-11.988302],[-77.056868,-11.988509],[-77.056839,-11.988713],[-77.056825,-11.988811],[-77.056814,-11.988912],[-77.056799,-11.989115],[-77.0568,-11.98916],[-77.056836,-11.989619],[-77.056858,-11.989826],[-77.056946,-11.990318],[-77.057038,-11.991169],[-77.057104,-11.991769],[-77.057121,-11.992057],[-77.057118,-11.992261],[-77.057102,-11.992412],[-77.057087,-11.992542],[-77.057034,-11.992769],[-77.056978,-11.992956],[-77.056927,-11.993081],[-77.05685,-11.993256],[-77.056373,-11.994027],[-77.056244,-11.994231],[-77.056085,-11.994482],[-77.055879,-11.994794],[-77.055667,-11.995146],[-77.055466,-11.995479],[-77.055342,-11.995723],[-77.055302,-11.995843],[-77.055288,-11.995885],[-77.055241,-11.996067],[-77.055155,-11.996406],[-77.055134,-11.996571],[-77.055132,-11.996717],[-77.055126,-11.996877],[-77.055128,-11.996929],[-77.055139,-11.997147],[-77.055146,-11.9973],[-77.055149,-11.997409],[-77.05515,-11.997452],[-77.055154,-11.997602],[-77.055155,-11.997634],[-77.055159,-11.99773],[-77.055161,-11.997788],[-77.055159,-11.99784],[-77.055158,-11.997899],[-77.055157,-11.998069],[-77.055127,-11.998302],[-77.055097,-11.998542],[-77.054993,-11.999331],[-77.054889,-12.00012],[-77.054785,-12.000909],[-77.054737,-12.001307],[-77.054724,-12.001411],[-77.054711,-12.001526],[-77.054705,-12.00159],[-77.054699,-12.001637],[-77.054693,-12.001692],[-77.054682,-12.001786],[-77.054666,-12.00189],[-77.054644,-12.002032],[-77.054576,-12.002535],[-77.05443,-12.003355],[-77.054358,-12.003761],[-77.054346,-12.003818],[-77.054333,-12.003887],[-77.054323,-12.003938],[-77.05426,-12.004294],[-77.054172,-12.004731],[-77.054089,-12.005149],[-77.054001,-12.005578],[-77.053985,-12.005658],[-77.05398,-12.005685],[-77.053874,-12.006232],[-77.05379,-12.006668],[-77.05377,-12.006776],[-77.053711,-12.007108],[-77.053701,-12.00716],[-77.053692,-12.007201],[-77.053665,-12.007336],[-77.053637,-12.007471],[-77.05363,-12.00752],[-77.053524,-12.008063],[-77.053417,-12.008562],[-77.053282,-12.009155],[-77.053146,-12.009748],[-77.053011,-12.01035],[-77.052877,-12.010951],[-77.052863,-12.011015],[-77.052853,-12.01106],[-77.052731,-12.011602],[-77.052609,-12.012145],[-77.052397,-12.013093],[-77.052185,-12.01404],[-77.052011,-12.014816],[-77.051972,-12.015004],[-77.051957,-12.015075],[-77.051941,-12.015157],[-77.051848,-12.015602],[-77.051616,-12.016295],[-77.051572,-12.016502],[-77.051485,-12.016868],[-77.051416,-12.017197],[-77.051294,-12.017546],[-77.051142,-12.017763],[-77.051096,-12.01784],[-77.051082,-12.017867],[-77.051072,-12.017886],[-77.051057,-12.017919],[-77.051047,-12.017946],[-77.05104,-12.017965],[-77.051028,-12.018002],[-77.051021,-12.018047],[-77.051017,-12.018084],[-77.051017,-12.01811],[-77.051018,-12.018141],[-77.051019,-12.018187],[-77.051022,-12.018223],[-77.051029,-12.018313],[-77.05103,-12.018315],[-77.051035,-12.018343],[-77.051041,-12.018368],[-77.051081,-12.018477],[-77.051087,-12.018497],[-77.051093,-12.018524],[-77.051108,-12.018657],[-77.051112,-12.01881],[-77.05108,-12.019242],[-77.050956,-12.019932],[-77.050934,-12.020055],[-77.05087,-12.020413],[-77.050814,-12.020779],[-77.050793,-12.020914],[-77.050724,-12.021363],[-77.050596,-12.022129],[-77.050558,-12.022282],[-77.05052,-12.022387],[-77.050483,-12.022481],[-77.050429,-12.022592],[-77.050359,-12.022708],[-77.050263,-12.022852],[-77.050205,-12.022922],[-77.050128,-12.023016],[-77.050084,-12.023061],[-77.050022,-12.023119],[-77.050053,-12.023427],[-77.050011,-12.023462],[-77.049476,-12.023907],[-77.048942,-12.024351],[-77.048822,-12.024451],[-77.048713,-12.024544],[-77.048675,-12.024576],[-77.04821,-12.024968],[-77.048186,-12.024988],[-77.047516,-12.025581],[-77.046846,-12.026174],[-77.046193,-12.026784],[-77.04554,-12.027394],[-77.044888,-12.028004],[-77.044703,-12.028176],[-77.044603,-12.02827],[-77.044529,-12.028353],[-77.044399,-12.028472],[-77.044283,-12.028582],[-77.044186,-12.028683]]}},{"type":"Feature","properties":{"id":"gambetta","name":"Av. Néstor Gambetta","class":"arterial","maxspeed_kmh":60,"lanes":3,"osm_ways":50},"geometry":{"type":"LineString","coordinates":[[-77.128577,-11.865729],[-77.128538,-11.866058],[-77.128469,-11.866601],[-77.12828,-11.86765],[-77.128246,-11.86786],[-77.128226,-11.867967],[-77.128172,-11.868274],[-77.128075,-11.868814],[-77.128072,-11.868831],[-77.128057,-11.86892],[-77.127999,-11.869208],[-77.12786,-11.869947],[-77.127721,-11.870686],[-77.127582,-11.871425],[-77.127563,-11.871529],[-77.127541,-11.871648],[-77.127499,-11.871873],[-77.127438,-11.872228],[-77.127319,-11.872837],[-77.127273,-11.873099],[-77.127255,-11.8732],[-77.127139,-11.873861],[-77.126992,-11.874658],[-77.126987,-11.874685],[-77.12681,-11.875695],[-77.126796,-11.875844],[-77.126798,-11.875987],[-77.126818,-11.876193],[-77.126846,-11.876392],[-77.12685,-11.876423],[-77.126862,-11.876512],[-77.126886,-11.876748],[-77.126925,-11.877246],[-77.126917,-11.87772],[-77.126851,-11.878238],[-77.126814,-11.87844],[-77.126792,-11.878546],[-77.12677,-11.878652],[-77.126693,-11.878955],[-77.126632,-11.879116],[-77.12659,-11.879248],[-77.126548,-11.879398],[-77.126514,-11.879554],[-77.126483,-11.879729],[-77.126464,-11.879887],[-77.126426,-11.880765],[-77.126382,-11.881798],[-77.126378,-11.88189],[-77.126373,-11.882032],[-77.126372,-11.882089],[-77.126343,-11.882835],[-77.126314,-11.883581],[-77.126285,-11.884327],[-77.126259,-11.884839],[-77.126245,-11.88505],[-77.126221,-11.885238],[-77.126189,-11.885445],[-77.126047,-11.886082],[-77.12599,-11.886433],[-77.125988,-11.886523],[-77.125996,-11.886859],[-77.126015,-11.887073],[-77.126102,-11.887838],[-77.126118,-11.88836],[-77.126097,-11.888782],[-77.12607,-11.88969],[-77.126079,-11.890256],[-77.126137,-11.890857],[-77.126237,-11.891606],[-77.126322,-11.892325],[-77.126449,-11.893194],[-77.126576,-11.894063],[-77.126722,-11.895124],[-77.126868,-11.896185],[-77.126961,-11.896898],[-77.127054,-11.897612],[-77.127176,-11.89816],[-77.127399,-11.898739],[-77.127753,-11.899592],[-77.127884,-11.899908],[-77.128045,-11.90031],[-77.128086,-11.900457],[-77.128193,-11.900848],[-77.128253,-11.901155],[-77.128277,-11.901401],[-77.128312,-11.901839],[-77.128362,-11.902475],[-77.128413,-11.903111],[-77.12844,-11.903473],[-77.128513,-11.904409],[-77.128536,-11.904721],[-77.128592,-11.905473],[-77.128648,-11.906225],[-77.128704,-11.906977],[-77.128762,-11.90785],[-77.128784,-11.908182],[-77.128783,-11.908642],[-77.128783,-11.908762],[-77.12875,-11.909471],[-77.128681,-11.910503],[-77.128661,-11.910795],[-77.12863,-11.911355],[-77.128599,-11.911916],[-77.128609,-11.912448],[-77.128643,-11.913099],[-77.128717,-11.914018],[-77.128772,-11.914623],[-77.128827,-11.915229],[-77.12893,-11.916177],[-77.129033,-11.917124],[-77.129136,-11.918072],[-77.129241,-11.918928],[-77.129333,-11.919854],[-77.129355,-11.920086],[-77.129408,-11.920662],[-77.129413,-11.920726],[-77.129443,-11.921102],[-77.129478,-11.921546],[-77.129584,-11.922522],[-77.12969,-11.923497],[-77.129795,-11.924473],[-77.129892,-11.925328],[-77.129971,-11.926037],[-77.130049,-11.926746],[-77.130158,-11.92774],[-77.130277,-11.928704],[-77.130334,-11.929331],[-77.130393,-11.929978],[-77.13052,-11.931034],[-77.130617,-11.931895],[-77.130693,-11.932901],[-77.13077,-11.933907],[-77.130847,-11.934913],[-77.130849,-11.935012],[-77.13085,-11.935104],[-77.130899,-11.93581],[-77.130901,-11.935852],[-77.130904,-11.935892],[-77.130917,-11.936089],[-77.131033,-11.936683],[-77.131077,-11.937067],[-77.131117,-11.937572],[-77.131163,-11.93822],[-77.131208,-11.938868],[-77.131222,-11.939219],[-77.131223,-11.939245],[-77.131286,-11.940121],[-77.131349,-11.940998],[-77.131416,-11.941898],[-77.131484,-11.942797],[-77.131551,-11.943697],[-77.13159,-11.944332],[-77.131647,-11.945066],[-77.131727,-11.94612],[-77.131807,-11.947175],[-77.131867,-11.948151],[-77.13187,-11.948357],[-77.131864,-11.948596],[-77.131845,-11.948852],[-77.131816,-11.949098],[-77.131775,-11.94934],[-77.131721,-11.949584],[-77.131648,-11.949852],[-77.131532,-11.950208],[-77.131497,-11.950321],[-77.131214,-11.951191],[-77.130918,-11.952069],[-77.130623,-11.952946],[-77.130327,-11.953824],[-77.13001,-11.954773],[-77.129692,-11.955723],[-77.129432,-11.956501],[-77.129172,-11.957279],[-77.128912,-11.958057],[-77.128652,-11.958835],[-77.128563,-11.95911],[-77.128522,-11.959236],[-77.128459,-11.959426],[-77.128225,-11.960126],[-77.127991,-11.960825],[-77.12775,-11.961547],[-77.127508,-11.962269],[-77.127304,-11.962882],[-77.1271,-11.963495],[-77.126893,-11.96412],[-77.126816,-11.964352],[-77.126528,-11.965251],[-77.126377,-11.965779],[-77.126226,-11.966308],[-77.125986,-11.967198],[-77.125872,-11.96767],[-77.12577,-11.968185],[-77.125605,-11.969145],[-77.125552,-11.969425],[-77.125513,-11.969629],[-77.125385,-11.97037],[-77.125311,-11.970922],[-77.125236,-11.971474],[-77.125192,-11.971897],[-77.125146,-11.972411],[-77.125128,-11.972672],[-77.125096,-11.973191],[-77.125064,-11.974017],[-77.12505,-11.97473],[-77.125054,-11.975672],[-77.125063,-11.976007],[-77.12509,-11.976629],[-77.125125,-11.977452],[-77.125137,-11.977717],[-77.125169,-11.978294],[-77.125202,-11.97887],[-77.125228,-11.979487],[-77.125255,-11.980103],[-77.125266,-11.980375],[-77.125271,-11.980516],[-77.125295,-11.981102],[-77.125319,-11.981689],[-77.125342,-11.982341],[-77.125365,-11.982993],[-77.125406,-11.983977],[-77.125448,-11.984961],[-77.125472,-11.985546],[-77.125506,-11.986379],[-77.12554,-11.987213],[-77.125574,-11.988047],[-77.125608,-11.988881],[-77.125613,-11.989006],[-77.125652,-11.989853],[-77.125692,-11.9907],[-77.125732,-11.991547],[-77.125771,-11.992394],[-77.125891,-11.993408],[-77.125958,-11.994023],[-77.126055,-11.994804],[-77.126151,-11.995584],[-77.126248,-11.996365],[-77.126273,-11.996684],[-77.126289,-11.996842],[-77.126354,-11.997152],[-77.126433,-11.997739],[-77.12644,-11.997822],[-77.126479,-11.998238],[-77.126567,-11.999192],[-77.126628,-11.999698],[-77.126646,-11.999863],[-77.126698,-12.000337],[-77.126652,-12.000561],[-77.126671,-12.000867],[-77.126652,-12.001533],[-77.126665,-12.001847],[-77.126717,-12.002478],[-77.126751,-12.003452],[-77.12674,-12.004498],[-77.126739,-12.004571],[-77.126722,-12.005166],[-77.126699,-12.005669],[-77.12671,-12.006495],[-77.1268,-12.007264],[-77.126946,-12.008023],[-77.127092,-12.008782],[-77.127288,-12.009762],[-77.127483,-12.010741],[-77.127679,-12.011721],[-77.127875,-12.012701],[-77.128071,-12.01368],[-77.128267,-12.01466],[-77.128462,-12.015639],[-77.128658,-12.016619],[-77.128854,-12.017599],[-77.12905,-12.018578],[-77.129109,-12.018938],[-77.129138,-12.019257],[-77.129169,-12.019965],[-77.129176,-12.020977],[-77.129148,-12.021551],[-77.129088,-12.022081],[-77.128932,-12.023008],[-77.128882,-12.023372],[-77.128813,-12.023828],[-77.128606,-12.024775],[-77.128399,-12.025722],[-77.128192,-12.026669],[-77.127985,-12.027617],[-77.127853,-12.028342],[-77.127842,-12.028375],[-77.127789,-12.028533],[-77.127763,-12.028621],[-77.127633,-12.029288],[-77.127502,-12.029955],[-77.127426,-12.030281],[-77.127397,-12.030648],[-77.127373,-12.031175],[-77.127373,-12.031703],[-77.127315,-12.032498],[-77.127276,-12.032852],[-77.127261,-12.03302],[-77.127204,-12.0339],[-77.127146,-12.034781],[-77.127136,-12.034878],[-77.127097,-12.035255],[-77.127077,-12.035445],[-77.12704,-12.035726],[-77.126937,-12.036519],[-77.126933,-12.036549],[-77.126864,-12.03722],[-77.126854,-12.037568],[-77.12688,-12.037842],[-77.126908,-12.038039],[-77.126912,-12.038104],[-77.126922,-12.038195],[-77.126926,-12.038266],[-77.126933,-12.038369],[-77.126942,-12.038647],[-77.126931,-12.038774],[-77.126902,-12.039194],[-77.126873,-12.039622],[-77.126857,-12.039858],[-77.12682,-12.040254],[-77.12679,-12.040586],[-77.126761,-12.040908],[-77.12669,-12.041678],[-77.126673,-12.041934],[-77.12666,-12.042075],[-77.126573,-12.042926],[-77.126499,-12.043721],[-77.126468,-12.044052],[-77.12643,-12.044461],[-77.126424,-12.044524],[-77.126412,-12.044655],[-77.126406,-12.044721],[-77.126371,-12.045096],[-77.126355,-12.045264],[-77.126301,-12.045844],[-77.126278,-12.046096],[-77.126239,-12.046517],[-77.126202,-12.046912],[-77.126166,-12.047297],[-77.126149,-12.047484],[-77.126128,-12.047703],[-77.126069,-12.048379],[-77.125996,-12.04917],[-77.125921,-12.050102],[-77.125911,-12.050176],[-77.125893,-12.050242],[-77.125866,-12.050313],[-77.125832,-12.050378],[-77.12578,-12.050452],[-77.125705,-12.050533]]}},{"type":"Feature","properties":{"id":"pachacutec","name":"Av. Pachacútec","class":"arterial","maxspeed_kmh":60,"lanes":3,"osm_ways":21},"geometry":{"type":"LineString","coordinates":[[-76.95676,-12.16017],[-76.956635,-12.160342],[-76.956684,-12.160466],[-76.956588,-12.160571],[-76.956535,-12.160637],[-76.956447,-12.160739],[-76.956341,-12.160869],[-76.956101,-12.161169],[-76.956015,-12.161279],[-76.955725,-12.161652],[-76.955331,-12.162156],[-76.954937,-12.162661],[-76.954805,-12.16283],[-76.954656,-12.163023],[-76.954174,-12.163648],[-76.953879,-12.164035],[-76.95377,-12.164179],[-76.953541,-12.164479],[-76.953175,-12.164959],[-76.952939,-12.165268],[-76.952596,-12.165718],[-76.951954,-12.16656],[-76.951767,-12.166805],[-76.951646,-12.166964],[-76.951319,-12.167397],[-76.95129,-12.167439],[-76.951011,-12.167837],[-76.950748,-12.168251],[-76.950646,-12.168418],[-76.950547,-12.16858],[-76.950467,-12.168723],[-76.949947,-12.169631],[-76.949705,-12.170093],[-76.949447,-12.170565],[-76.949274,-12.170849],[-76.949074,-12.171183],[-76.948865,-12.171553],[-76.948722,-12.171805],[-76.948417,-12.172389],[-76.948404,-12.172413],[-76.948387,-12.172441],[-76.948306,-12.172572],[-76.948197,-12.172736],[-76.948016,-12.173008],[-76.947791,-12.173328],[-76.947759,-12.173371],[-76.947232,-12.1741],[-76.946824,-12.1747],[-76.946715,-12.174872],[-76.946579,-12.175068],[-76.946385,-12.175374],[-76.946137,-12.175754],[-76.945879,-12.176167],[-76.945798,-12.176311],[-76.945753,-12.176391],[-76.945666,-12.176547],[-76.945644,-12.176592],[-76.945488,-12.176912],[-76.944997,-12.177827],[-76.944836,-12.178124],[-76.944688,-12.178385],[-76.944486,-12.178845],[-76.944013,-12.17963],[-76.94354,-12.180415],[-76.943136,-12.181078],[-76.942731,-12.18174],[-76.942581,-12.181985],[-76.942375,-12.182318],[-76.942308,-12.182408],[-76.942256,-12.182452],[-76.942206,-12.182769],[-76.942162,-12.182799],[-76.942106,-12.18286],[-76.942058,-12.182927],[-76.941932,-12.183133],[-76.941639,-12.183599],[-76.941346,-12.184065],[-76.941317,-12.18411],[-76.940956,-12.184704],[-76.940594,-12.185297],[-76.940357,-12.185717],[-76.940146,-12.186051],[-76.940006,-12.18629],[-76.939696,-12.186806],[-76.939464,-12.187177],[-76.939087,-12.187809],[-76.938711,-12.188442],[-76.938567,-12.188685],[-76.938419,-12.188934],[-76.938256,-12.189232],[-76.938232,-12.189274],[-76.938148,-12.189444],[-76.937968,-12.189945],[-76.93787,-12.190155],[-76.937771,-12.190344],[-76.937387,-12.190988],[-76.937132,-12.191428],[-76.936841,-12.19191],[-76.93655,-12.192392],[-76.936126,-12.193094],[-76.936052,-12.193217],[-76.935717,-12.193765],[-76.935618,-12.193907],[-76.935447,-12.194218],[-76.935047,-12.194877],[-76.934986,-12.194976],[-76.934755,-12.195359],[-76.934695,-12.195456],[-76.934184,-12.196305],[-76.933771,-12.196994],[-76.933358,-12.197683],[-76.933074,-12.198152],[-76.932821,-12.198586],[-76.932611,-12.198925],[-76.932456,-12.199186],[-76.932312,-12.19942],[-76.932301,-12.199438],[-76.931871,-12.200167],[-76.931423,-12.200899],[-76.930975,-12.201631],[-76.930467,-12.202469],[-76.930406,-12.202569],[-76.930242,-12.202851],[-76.930206,-12.202913],[-76.930149,-12.203006],[-76.929678,-12.20378],[-76.929429,-12.204196],[-76.928941,-12.204981],[-76.928503,-12.205727],[-76.928065,-12.206472],[-76.927496,-12.2074],[-76.927116,-12.207916],[-76.926742,-12.208424],[-76.926465,-12.208782],[-76.926224,-12.209093],[-76.925706,-12.209768],[-76.925189,-12.210443],[-76.924839,-12.210902],[-76.924361,-12.21153],[-76.923883,-12.212157],[-76.923566,-12.212577],[-76.923212,-12.213053],[-76.923105,-12.213219],[-76.923022,-12.213363],[-76.922894,-12.213573],[-76.922845,-12.213658],[-76.922808,-12.213725],[-76.922609,-12.21406],[-76.922503,-12.214324],[-76.922392,-12.21455],[-76.922355,-12.214625],[-76.922342,-12.214652],[-76.922329,-12.214681],[-76.922243,-12.214885],[-76.922137,-12.215148],[-76.922105,-12.215237],[-76.92208,-12.215327],[-76.92206,-12.215419],[-76.922047,-12.215507],[-76.922039,-12.215594],[-76.922036,-12.215683],[-76.922034,-12.216032],[-76.922022,-12.216274],[-76.921969,-12.216562],[-76.921919,-12.216747],[-76.921788,-12.217143],[-76.921686,-12.217493],[-76.921572,-12.217902],[-76.921494,-12.21816],[-76.921249,-12.219053],[-76.921097,-12.219563],[-76.921048,-12.219728],[-76.920807,-12.220576],[-76.920566,-12.221424],[-76.920313,-12.22232],[-76.92006,-12.223215],[-76.919887,-12.223843],[-76.919871,-12.223898],[-76.919821,-12.224054],[-76.919792,-12.224129],[-76.919763,-12.224198],[-76.919736,-12.224261],[-76.91969,-12.224362],[-76.919633,-12.224456],[-76.919558,-12.224571],[-76.919438,-12.224745],[-76.919261,-12.224975],[-76.919125,-12.225169],[-76.918975,-12.225353],[-76.918817,-12.22552],[-76.918655,-12.22567],[-76.918438,-12.225841],[-76.91826,-12.225963],[-76.91807,-12.226074],[-76.917839,-12.226188],[-76.917571,-12.226305],[-76.916771,-12.226645],[-76.915972,-12.226985],[-76.915418,-12.227243],[-76.914865,-12.227501],[-76.91435,-12.227727],[-76.913835,-12.227953],[-76.913104,-12.228273],[-76.912374,-12.228593],[-76.91157,-12.228945],[-76.910682,-12.229335],[-76.910427,-12.229449],[-76.910281,-12.229514],[-76.910189,-12.229571],[-76.910078,-12.229663],[-76.909984,-12.229748],[-76.909965,-12.229766],[-76.909884,-12.229839]]}}]}