{"type":"FeatureCollection","features":[{"type":"Feature","properties":{"id":"alameda_pardo","name":"Alameda Pardo","type":"segregada","km":0.317,"osm_ways":1},"geometry":{"type":"LineString","coordinates":[[-77.039776,-12.11901],[-77.039681,-12.11901],[-77.039371,-12.119011],[-77.039061,-12.119012],[-77.03901,-12.119013],[-77.038967,-12.119013],[-77.038579,-12.119016],[-77.038191,-12.11902],[-77.03811,-12.11902],[-77.037999,-12.119022],[-77.037577,-12.119027],[-77.037154,-12.119032],[-77.037059,-12.119033],[-77.036895,-12.119034],[-77.036856,-12.119031]]}},{"type":"Feature","properties":{"id":"12_de_octubre","name":"Avenida 12 de Octubre","type":"segregada","km":0.099,"osm_ways":3},"geometry":{"type":"LineString","coordinates":[[-77.091287,-12.037505],[-77.091285,-12.037549],[-77.091269,-12.037623],[-77.091263,-12.037653],[-77.091205,-12.037981],[-77.091147,-12.038309],[-77.091144,-12.038324],[-77.091134,-12.038379]]}},{"type":"Feature","properties":{"id":"12_de_octubre_2","name":"Avenida 12 de Octubre","type":"segregada","km":0.099,"osm_ways":3},"geometry":{"type":"LineString","coordinates":[[-77.091047,-12.038364],[-77.091058,-12.038305],[-77.09106,-12.038293],[-77.091122,-12.037964],[-77.091183,-12.037634],[-77.091183,-12.037606],[-77.091184,-12.037531],[-77.091173,-12.037487]]}},{"type":"Feature","properties":{"id":"28_de_julio","name":"Avenida 28 de Julio","type":"carril","km":1.069,"osm_ways":4},"geometry":{"type":"LineString","coordinates":[[-77.024021,-12.129074],[-77.024111,-12.129044],[-77.024371,-12.128929],[-77.024551,-12.128857],[-77.024828,-12.128746],[-77.025,-12.128678],[-77.02512,-12.12863],[-77.025436,-12.128503],[-77.025704,-12.128395],[-77.025972,-12.128288],[-77.026046,-12.128258],[-77.026147,-12.128218],[-77.026504,-12.128075],[-77.02686,-12.127932],[-77.026985,-12.127882],[-77.027097,-12.127837],[-77.027373,-12.127727],[-77.027732,-12.127583],[-77.028091,-12.127439],[-77.028506,-12.127273],[-77.028813,-12.127147],[-77.029061,-12.127054],[-77.029132,-12.127026],[-77.029165,-12.127013],[-77.029419,-12.126914],[-77.02953,-12.126871],[-77.029574,-12.126853],[-77.029655,-12.126823],[-77.029763,-12.126778],[-77.030267,-12.126575],[-77.030772,-12.126373],[-77.031268,-12.126177],[-77.031764,-12.125982],[-77.032054,-12.125861],[-77.032344,-12.125741],[-77.032768,-12.125569],[-77.033029,-12.125464],[-77.033113,-12.125428]]}},{"type":"Feature","properties":{"id":"afranio_de_mello_franco","name":"Avenida Afranio de Mello Franco","type":"segregada","km":1.361,"osm_ways":8},"geometry":{"type":"LineString","coordinates":[[-77.045558,-12.082326],[-77.045591,-12.082263],[-77.045774,-12.082256],[-77.045815,-12.08225],[-77.04584,-12.08224],[-77.045855,-12.082221],[-77.045857,-12.082198],[-77.045794,-12.081692],[-77.045731,-12.081187],[-77.045766,-12.081184],[-77.045973,-12.081172],[-77.046391,-12.081146],[-77.046808,-12.081121],[-77.046788,-12.080584],[-77.046768,-12.080047],[-77.046747,-12.07951],[-77.046772,-12.079463],[-77.046768,-12.079294],[-77.046775,-12.079213],[-77.046791,-12.07914],[-77.04681,-12.079084],[-77.046834,-12.079037],[-77.046859,-12.079006],[-77.046885,-12.078973],[-77.047227,-12.0787],[-77.047357,-12.078597],[-77.047576,-12.078419],[-77.047661,-12.07835],[-77.047999,-12.078076],[-77.048325,-12.077819],[-77.048651,-12.077563],[-77.048724,-12.077508],[-77.04878,-12.077467],[-77.048883,-12.077379],[-77.0492,-12.077121],[-77.049517,-12.076863],[-77.049565,-12.076824],[-77.049831,-12.076609],[-77.050096,-12.076395],[-77.050353,-12.076186],[-77.050671,-12.075935],[-77.05079,-12.075841],[-77.050905,-12.075749],[-77.051125,-12.075575],[-77.051474,-12.075297],[-77.051823,-12.075019],[-77.051922,-12.074938],[-77.051983,-12.074886],[-77.052267,-12.074662],[-77.052437,-12.074526],[-77.052494,-12.07448],[-77.052574,-12.074417],[-77.052846,-12.074196],[-77.052912,-12.074147]]}},{"type":"Feature","properties":{"id":"alameda_sur","name":"Avenida Alameda Sur","type":"carril","km":2.691,"osm_ways":5},"geometry":{"type":"LineString","coordinates":[[-77.006287,-12.190141],[-77.006373,-12.190244],[-77.006428,-12.190311],[-77.006694,-12.190684],[-77.006961,-12.191058],[-77.007228,-12.191431],[-77.007494,-12.191804],[-77.007761,-12.192177],[-77.00794,-12.192426],[-77.008119,-12.192675],[-77.008161,-12.192734],[-77.008202,-12.192792],[-77.008467,-12.193162],[-77.008732,-12.193531],[-77.008998,-12.193901],[-77.009041,-12.193961],[-77.009081,-12.194018],[-77.009388,-12.194445],[-77.009695,-12.194873],[-77.010002,-12.195319],[-77.010309,-12.195765],[-77.010434,-12.195962],[-77.01063,-12.19623],[-77.010826,-12.196497],[-77.010855,-12.196538],[-77.011033,-12.196784],[-77.011055,-12.196815],[-77.011339,-12.197204],[-77.011498,-12.197422],[-77.011761,-12.19779],[-77.012024,-12.198157],[-77.012284,-12.198519],[-77.012544,-12.19888],[-77.01257,-12.198916],[-77.01261,-12.198971],[-77.012674,-12.199058],[-77.012714,-12.199113],[-77.012955,-12.199448],[-77.013197,-12.199783],[-77.013468,-12.200138],[-77.013739,-12.200494],[-77.01394,-12.200773],[-77.014141,-12.201051],[-77.014285,-12.201251],[-77.014569,-12.201645],[-77.014853,-12.202039],[-77.015037,-12.202295],[-77.015221,-12.20255],[-77.015296,-12.202654],[-77.015437,-12.202851],[-77.015518,-12.202963],[-77.015609,-12.203094],[-77.015875,-12.203462],[-77.016141,-12.20383],[-77.016408,-12.204198],[-77.016464,-12.204275],[-77.016491,-12.204314],[-77.016709,-12.204627],[-77.016741,-12.20466],[-77.017015,-12.205041],[-77.017188,-12.205281],[-77.017361,-12.205521],[-77.017632,-12.205897],[-77.017672,-12.205953],[-77.017714,-12.206011],[-77.017769,-12.206088],[-77.017822,-12.206162],[-77.017894,-12.206261],[-77.018084,-12.206525],[-77.018331,-12.206868],[-77.018613,-12.207259],[-77.018895,-12.20765],[-77.019143,-12.207993],[-77.01939,-12.208337],[-77.019638,-12.208681],[-77.019886,-12.209025],[-77.020086,-12.209306],[-77.020308,-12.209619],[-77.020529,-12.209932]]}},{"type":"Feature","properties":{"id":"alfredo_franco","name":"Avenida Alfredo Franco","type":"carril","km":0.263,"osm_ways":1},"geometry":{"type":"LineString","coordinates":[[-76.997002,-12.130409],[-76.997129,-12.130497],[-76.997532,-12.130773],[-76.997935,-12.131049],[-76.998338,-12.131325],[-76.998392,-12.131363],[-76.998442,-12.131397],[-76.998763,-12.131622],[-76.998782,-12.131635],[-76.998917,-12.13173],[-76.998938,-12.131745],[-76.998978,-12.131774]]}},{"type":"Feature","properties":{"id":"almirante_miguel_grau","name":"Avenida Almirante Miguel Grau","type":"segregada","km":0.604,"osm_ways":6},"geometry":{"type":"LineString","coordinates":[[-77.021643,-12.146557],[-77.02167,-12.146454],[-77.021727,-12.146178],[-77.021758,-12.145876],[-77.021764,-12.145813],[-77.021792,-12.145366],[-77.02182,-12.144919],[-77.02184,-12.144606],[-77.021844,-12.144535],[-77.021893,-12.144074],[-77.021941,-12.143612],[-77.021967,-12.14336],[-77.021972,-12.143293],[-77.021991,-12.143081],[-77.021996,-12.143008],[-77.022004,-12.142896],[-77.02203,-12.142571],[-77.022056,-12.142245],[-77.022063,-12.142181],[-77.022075,-12.142055],[-77.022112,-12.141699],[-77.022149,-12.141343],[-77.022154,-12.141268],[-77.022158,-12.141151]]}},{"type":"Feature","properties":{"id":"angelica_gamarra","name":"Avenida Angélica Gamarra","type":"carril","km":0.385,"osm_ways":2},"geometry":{"type":"LineString","coordinates":[[-77.082716,-12.006456],[-77.082743,-12.006491],[-77.082989,-12.006524],[-77.083192,-12.006554],[-77.083467,-12.006619],[-77.083847,-12.006741],[-77.084226,-12.006884],[-77.084439,-12.006971],[-77.084482,-12.006989],[-77.084753,-12.007128],[-77.085075,-12.007318],[-77.085288,-12.007447],[-77.085394,-12.007511],[-77.085594,-12.007648],[-77.08587,-12.007896]]}},{"type":"Feature","properties":{"id":"antonio_jose_de_sucre","name":"Avenida Antonio José de Sucre","type":"segregada","km":0.602,"osm_ways":2},"geometry":{"type":"LineString","coordinates":[[-77.072464,-12.097072],[-77.072478,-12.097125],[-77.07249,-12.097165],[-77.072501,-12.097199],[-77.072512,-12.097242],[-77.072509,-12.097281],[-77.072493,-12.097329],[-77.072467,-12.097377],[-77.072387,-12.097483],[-77.072315,-12.097549],[-77.072222,-12.097635],[-77.072032,-12.097797],[-77.071954,-12.09786],[-77.071897,-12.097919],[-77.071838,-12.098003],[-77.071767,-12.098126],[-77.071632,-12.09835],[-77.07158,-12.098416],[-77.071412,-12.098597],[-77.071172,-12.098781],[-77.070931,-12.098964],[-77.070838,-12.099017],[-77.070401,-12.099196],[-77.070307,-12.099241],[-77.070215,-12.0993],[-77.070132,-12.099359],[-77.069966,-12.099549],[-77.069993,-12.099597],[-77.06985,-12.099791],[-77.069692,-12.099926],[-77.069586,-12.099993],[-77.069294,-12.100132],[-77.06926,-12.10015],[-77.06925,-12.100163],[-77.069249,-12.100177],[-77.069253,-12.10019],[-77.069262,-12.100198],[-77.069275,-12.1002],[-77.069291,-12.100198],[-77.069323,-12.100181],[-77.069485,-12.100108],[-77.069736,-12.100035],[-77.069936,-12.099919]]}},{"type":"Feature","properties":{"id":"arnaldo_marquez","name":"Avenida Arnaldo Márquez","type":"segregada","km":0.701,"osm_ways":3},"geometry":{"type":"LineString","coordinates":[[-77.047057,-12.070684],[-77.047241,-12.070902],[-77.047425,-12.071119],[-77.047542,-12.071257],[-77.047883,-12.07166],[-77.048177,-12.072021],[-77.048324,-12.072203],[-77.048503,-12.072415],[-77.048682,-12.072627],[-77.048896,-12.072877],[-77.049062,-12.073072],[-77.049158,-12.073184],[-77.049508,-12.073593],[-77.049846,-12.074015],[-77.049874,-12.074048],[-77.050097,-12.074314],[-77.050319,-12.074579],[-77.050494,-12.074795],[-77.050795,-12.075167],[-77.051125,-12.075575]]}},{"type":"Feature","properties":{"id":"boulevard_de_surco","name":"Avenida Boulevard de Surco","type":"carril","km":1.869,"osm_ways":5},"geometry":{"type":"LineString","coordinates":[[-76.986641,-12.091135],[-76.986689,-12.091199],[-76.986887,-12.091471],[-76.987085,-12.091743],[-76.987396,-12.092169],[-76.987708,-12.092596],[-76.987884,-12.092873],[-76.988059,-12.09315],[-76.988154,-12.093394],[-76.988205,-12.09357],[-76.988291,-12.093897],[-76.988326,-12.094074],[-76.98838,-12.094357],[-76.98839,-12.094394],[-76.988486,-12.094626],[-76.988576,-12.094785],[-76.988837,-12.095165],[-76.989097,-12.095545],[-76.989135,-12.095613],[-76.989198,-12.095766],[-76.989211,-12.095811],[-76.989223,-12.095861],[-76.989223,-12.096113],[-76.989223,-12.096165],[-76.989233,-12.09646],[-76.989243,-12.096754],[-76.989239,-12.097046],[-76.989235,-12.097338],[-76.989236,-12.097808],[-76.989237,-12.098277],[-76.989215,-12.098563],[-76.989192,-12.098849],[-76.989141,-12.099218],[-76.989089,-12.099588],[-76.989102,-12.09973],[-76.98911,-12.099797],[-76.989129,-12.099914],[-76.989267,-12.100346],[-76.989289,-12.100415],[-76.98933,-12.100545],[-76.989374,-12.100666],[-76.989468,-12.100922],[-76.989563,-12.101179],[-76.989753,-12.101598],[-76.989942,-12.102018],[-76.990092,-12.102355],[-76.990129,-12.102433],[-76.990243,-12.102681],[-76.990243,-12.102683],[-76.990264,-12.102726],[-76.99033,-12.102861],[-76.990356,-12.102914],[-76.990478,-12.103169],[-76.9906,-12.103424],[-76.990759,-12.103751],[-76.990918,-12.104078],[-76.991077,-12.104405],[-76.991298,-12.104894],[-76.991519,-12.105383],[-76.991663,-12.105703],[-76.991676,-12.105732],[-76.991837,-12.106082],[-76.991997,-12.106433],[-76.992035,-12.106479],[-76.99209,-12.106515],[-76.992157,-12.106538],[-76.992185,-12.106545]]}},{"type":"Feature","properties":{"id":"camino_real","name":"Avenida Camino Real","type":"segregada","km":0.602,"osm_ways":3},"geometry":{"type":"LineString","coordinates":[[-77.034905,-12.094036],[-77.03499,-12.094316],[-77.035075,-12.094596],[-77.035222,-12.095034],[-77.035369,-12.095472],[-77.035489,-12.095809],[-77.03561,-12.096145],[-77.035679,-12.096324],[-77.035704,-12.096356],[-77.035745,-12.096408],[-77.035797,-12.096461],[-77.035828,-12.096498],[-77.035846,-12.096532],[-77.036037,-12.096897],[-77.036227,-12.097262],[-77.036417,-12.097627],[-77.036608,-12.097992],[-77.03678,-12.09832],[-77.036952,-12.098648],[-77.037067,-12.09884],[-77.037152,-12.098949]]}},{"type":"Feature","properties":{"id":"colombia","name":"Avenida Colombia","type":"carril","km":1.115,"osm_ways":5},"geometry":{"type":"LineString","coordinates":[[-77.059449,-12.069104],[-77.059205,-12.068936],[-77.058961,-12.068769],[-77.058663,-12.06856],[-77.058368,-12.068353],[-77.058248,-12.068288],[-77.058149,-12.068241],[-77.058048,-12.068206],[-77.05795,-12.068181],[-77.057837,-12.068159],[-77.057737,-12.068148],[-77.057627,-12.068133],[-77.057498,-12.068127],[-77.057344,-12.068127],[-77.05721,-12.068127],[-77.056899,-12.068135],[-77.056756,-12.06814],[-77.056214,-12.068144],[-77.056083,-12.06815],[-77.056009,-12.068157],[-77.055871,-12.068179],[-77.055533,-12.068245],[-77.055093,-12.068328],[-77.054843,-12.068378],[-77.054809,-12.068382],[-77.05472,-12.068399],[-77.054667,-12.068407],[-77.05431,-12.068473],[-77.053952,-12.06854],[-77.053861,-12.068555],[-77.053788,-12.068571],[-77.053732,-12.068602],[-77.053637,-12.068674],[-77.05328,-12.068963],[-77.052924,-12.069252],[-77.052883,-12.069285],[-77.052759,-12.06939],[-77.052466,-12.069623],[-77.05206,-12.069946],[-77.051655,-12.070269],[-77.051632,-12.070287],[-77.051333,-12.070525],[-77.051289,-12.070561],[-77.050963,-12.070821],[-77.050637,-12.071081],[-77.050578,-12.071126],[-77.050532,-12.071158],[-77.050475,-12.071201]]}},{"type":"Feature","properties":{"id":"daniel_hernandez","name":"Avenida Daniel Hernández","type":"segregada","km":0.313,"osm_ways":3},"geometry":{"type":"LineString","coordinates":[[-77.033948,-12.096982],[-77.033946,-12.096961],[-77.033921,-12.096747],[-77.033884,-12.096433],[-77.033866,-12.096282],[-77.033819,-12.095903],[-77.033773,-12.095525],[-77.033727,-12.095138],[-77.033682,-12.094752],[-77.033637,-12.094365],[-77.033614,-12.094185]]}},{"type":"Feature","properties":{"id":"de_la_arqueologia","name":"Avenida De la Arqueología","type":"carril","km":0.461,"osm_ways":2},"geometry":{"type":"LineString","coordinates":[[-77.000687,-12.083496],[-77.00075,-12.083536],[-77.000795,-12.083566],[-77.000839,-12.0836],[-77.00086,-12.083628],[-77.000867,-12.083641],[-77.000883,-12.083662],[-77.0009,-12.083721],[-77.000891,-12.083805],[-77.000859,-12.084123],[-77.00082,-12.084271],[-77.000758,-12.084412],[-77.000679,-12.084569],[-77.000635,-12.084658],[-77.000562,-12.084789],[-77.00052,-12.084862],[-77.000453,-12.084997],[-77.000433,-12.085088],[-77.000408,-12.085199],[-77.000387,-12.085328],[-77.000364,-12.085453],[-77.000348,-12.085544],[-77.000324,-12.08565],[-77.000319,-12.085684],[-77.000273,-12.085942],[-77.000206,-12.086405],[-77.000157,-12.08685],[-77.000133,-12.087024],[-77.000095,-12.087363],[-77.000087,-12.087431]]}},{"type":"Feature","properties":{"id":"de_la_arqueologia_2","name":"Avenida De la Arqueología","type":"carril","km":0.455,"osm_ways":2},"geometry":{"type":"LineString","coordinates":[[-76.999934,-12.08741],[-76.999945,-12.087339],[-76.999998,-12.087003],[-77.000023,-12.086831],[-77.00003,-12.086786],[-77.000091,-12.086389],[-77.000104,-12.086305],[-77.000152,-12.085986],[-77.0002,-12.085667],[-77.000203,-12.085627],[-77.000244,-12.085396],[-77.000269,-12.08525],[-77.000298,-12.085078],[-77.000304,-12.085054],[-77.000314,-12.084997],[-77.000327,-12.084947],[-77.00042,-12.084761],[-77.000485,-12.084623],[-77.000543,-12.084498],[-77.000701,-12.084163],[-77.000741,-12.084022],[-77.000759,-12.083879],[-77.000769,-12.083792],[-77.000779,-12.083705],[-77.000802,-12.083642],[-77.000808,-12.083634],[-77.000839,-12.0836],[-77.00088,-12.083569],[-77.000972,-12.083536]]}},{"type":"Feature","properties":{"id":"del_ejercito","name":"Avenida Del Ejército","type":"carril","km":2.587,"osm_ways":8},"geometry":{"type":"LineString","coordinates":[[-77.060557,-12.101038],[-77.060609,-12.101018],[-77.060741,-12.100967],[-77.060832,-12.100932],[-77.060934,-12.100895],[-77.061278,-12.100771],[-77.061623,-12.100647],[-77.061736,-12.100605],[-77.061776,-12.100591],[-77.062212,-12.100429],[-77.062356,-12.100376],[-77.062483,-12.100328],[-77.062532,-12.100311],[-77.062857,-12.100197],[-77.063182,-12.100082],[-77.06329,-12.100048],[-77.063645,-12.099927],[-77.063999,-12.099806],[-77.064497,-12.099632],[-77.064996,-12.099457],[-77.065487,-12.099284],[-77.065979,-12.099112],[-77.066151,-12.099051],[-77.066228,-12.099025],[-77.066312,-12.098996],[-77.066816,-12.098823],[-77.067319,-12.09865],[-77.067823,-12.098476],[-77.068327,-12.098303],[-77.068348,-12.098296],[-77.068738,-12.098162],[-77.069129,-12.098028],[-77.069382,-12.097941],[-77.069881,-12.097767],[-77.07038,-12.097594],[-77.070714,-12.097476],[-77.071048,-12.097358],[-77.07136,-12.097251],[-77.071488,-12.097207],[-77.071618,-12.097159],[-77.071762,-12.097154],[-77.071748,-12.097165],[-77.071715,-12.097193],[-77.071677,-12.097221],[-77.071422,-12.097318],[-77.07139,-12.097329],[-77.0709,-12.097501],[-77.070409,-12.097674],[-77.070085,-12.097791],[-77.069761,-12.097909],[-77.069418,-12.098034],[-77.068995,-12.098181],[-77.068573,-12.098329],[-77.068381,-12.098396],[-77.06802,-12.09852],[-77.067659,-12.098644],[-77.067221,-12.098794],[-77.066783,-12.098944],[-77.066345,-12.099094],[-77.066266,-12.099121],[-77.066188,-12.099148],[-77.066012,-12.099208],[-77.065713,-12.099314],[-77.065371,-12.09943],[-77.065028,-12.099545],[-77.064529,-12.099717],[-77.06403,-12.099888],[-77.063972,-12.099908],[-77.063673,-12.10001],[-77.063374,-12.100113],[-77.063323,-12.10013],[-77.063207,-12.10017],[-77.063001,-12.100256],[-77.062616,-12.100394],[-77.062577,-12.100411],[-77.062416,-12.100481],[-77.062162,-12.100581],[-77.061674,-12.100754],[-77.061324,-12.100876],[-77.060973,-12.100998],[-77.060909,-12.101023],[-77.06078,-12.101074],[-77.060717,-12.101099],[-77.060652,-12.101121],[-77.060597,-12.101145]]}},{"type":"Feature","properties":{"id":"del_pinar","name":"Avenida Del Pinar","type":"carril","km":0.382,"osm_ways":4},"geometry":{"type":"LineString","coordinates":[[-76.989391,-12.110821],[-76.9894,-12.110777],[-76.989433,-12.110332],[-76.989466,-12.109888],[-76.989471,-12.109831],[-76.989505,-12.109399],[-76.98954,-12.108967],[-76.989575,-12.108535],[-76.98961,-12.108103],[-76.989663,-12.107569],[-76.989685,-12.10754],[-76.989725,-12.107511],[-76.989698,-12.107486],[-76.989671,-12.107445]]}},{"type":"Feature","properties":{"id":"del_pinar_2","name":"Avenida Del Pinar","type":"carril","km":0.388,"osm_ways":2},"geometry":{"type":"LineString","coordinates":[[-76.989725,-12.107511],[-76.989737,-12.107513],[-76.989894,-12.107527],[-76.98988,-12.107824],[-76.989865,-12.108121],[-76.989833,-12.108508],[-76.989802,-12.108895],[-76.989761,-12.109371],[-76.98972,-12.109846],[-76.989715,-12.109905],[-76.989679,-12.110333],[-76.989644,-12.11076],[-76.989644,-12.110766],[-76.989637,-12.110837]]}},{"type":"Feature","properties":{"id":"del_pinar_3","name":"Avenida Del Pinar","type":"carril","km":0.126,"osm_ways":2},"geometry":{"type":"LineString","coordinates":[[-76.989663,-12.107569],[-76.989671,-12.107445],[-76.9897,-12.107029],[-76.989732,-12.10652],[-76.989739,-12.106436]]}},{"type":"Feature","properties":{"id":"domingo_orue","name":"Avenida Domingo Orué","type":"segregada","km":0.131,"osm_ways":1},"geometry":{"type":"LineString","coordinates":[[-77.025496,-12.108255],[-77.02519,-12.108151],[-77.025188,-12.108139],[-77.025182,-12.108127],[-77.025173,-12.108118],[-77.025161,-12.108112],[-77.025149,-12.108111],[-77.025137,-12.108116],[-77.025125,-12.108119],[-77.025113,-12.108115],[-77.025103,-12.108107],[-77.025096,-12.108097],[-77.025093,-12.108085],[-77.025012,-12.108059],[-77.024938,-12.108037],[-77.024888,-12.108021],[-77.02483,-12.108004],[-77.024822,-12.107995],[-77.02481,-12.10799],[-77.024798,-12.107988],[-77.024785,-12.107991],[-77.024773,-12.107995],[-77.02476,-12.107995],[-77.024748,-12.107991],[-77.024738,-12.107983],[-77.024732,-12.107972],[-77.024723,-12.107963],[-77.024711,-12.107957],[-77.024699,-12.107955],[-77.024686,-12.107958],[-77.024678,-12.107962],[-77.024666,-12.107966],[-77.024653,-12.107966],[-77.024641,-12.107962],[-77.024631,-12.107954],[-77.024623,-12.107944],[-77.024414,-12.107871]]}},{"type":"Feature","properties":{"id":"dos_de_mayo","name":"Avenida Dos de Mayo","type":"segregada","km":1.913,"osm_ways":5},"geometry":{"type":"LineString","coordinates":[[-77.050936,-12.093056],[-77.050399,-12.092982],[-77.049861,-12.092908],[-77.049805,-12.092901],[-77.049749,-12.092893],[-77.049235,-12.092822],[-77.048721,-12.092751],[-77.048658,-12.092743],[-77.048601,-12.092735],[-77.048109,-12.092667],[-77.047617,-12.092599],[-77.047528,-12.092587],[-77.047426,-12.092573],[-77.047149,-12.092534],[-77.046872,-12.092496],[-77.046392,-12.092429],[-77.045948,-12.092367],[-77.045679,-12.092329],[-77.045323,-12.09228],[-77.045266,-12.092272],[-77.045198,-12.092262],[-77.045159,-12.092257],[-77.044832,-12.092211],[-77.044488,-12.092163],[-77.044144,-12.092115],[-77.043611,-12.092041],[-77.043078,-12.091966],[-77.043004,-12.091956],[-77.04296,-12.09195],[-77.042529,-12.09189],[-77.042325,-12.091861],[-77.04225,-12.091851],[-77.042189,-12.091842],[-77.042059,-12.091824],[-77.041824,-12.091791],[-77.041437,-12.091737],[-77.041376,-12.091729],[-77.040968,-12.091672],[-77.040559,-12.091615],[-77.040352,-12.091586],[-77.04019,-12.091563],[-77.040102,-12.091551],[-77.039748,-12.091502],[-77.039532,-12.091472],[-77.039197,-12.091425],[-77.038863,-12.091378],[-77.038802,-12.09137],[-77.038424,-12.091317],[-77.037986,-12.091256],[-77.037944,-12.09125],[-77.037662,-12.091211],[-77.03738,-12.091171],[-77.037176,-12.091143],[-77.03713,-12.091136],[-77.036747,-12.091083],[-77.036364,-12.091029],[-77.035955,-12.090972],[-77.035537,-12.090914],[-77.035123,-12.090856],[-77.034708,-12.090799],[-77.03422,-12.090724],[-77.033731,-12.09065],[-77.033717,-12.090648],[-77.033653,-12.090639],[-77.033519,-12.090622]]}},{"type":"Feature","properties":{"id":"eduardo_de_habich","name":"Avenida Eduardo de Habich","type":"carril","km":0.311,"osm_ways":1},"geometry":{"type":"LineString","coordinates":[[-77.054721,-12.026408],[-77.054825,-12.026479],[-77.055143,-12.026693],[-77.05546,-12.026906],[-77.055777,-12.02712],[-77.056021,-12.027286],[-77.056265,-12.027452],[-77.05658,-12.027685],[-77.056895,-12.027918],[-77.057047,-12.028031]]}},{"type":"Feature","properties":{"id":"faustino_sanchez_carrion","name":"Avenida Faustino Sanchez Carrión","type":"segregada","km":0.567,"osm_ways":4},"geometry":{"type":"LineString","coordinates":[[-77.053304,-12.092894],[-77.053366,-12.092852],[-77.053374,-12.092847],[-77.053734,-12.092607],[-77.054108,-12.092359],[-77.054182,-12.092309],[-77.054346,-12.0922],[-77.054569,-12.092052],[-77.054794,-12.091902],[-77.054827,-12.09188],[-77.055018,-12.091753],[-77.05505,-12.091731],[-77.055355,-12.091528],[-77.05572,-12.091285],[-77.055831,-12.091211],[-77.055947,-12.091135],[-77.056095,-12.091036],[-77.056268,-12.09092],[-77.05654,-12.09076],[-77.056679,-12.090667],[-77.056731,-12.090632],[-77.057012,-12.090444],[-77.057294,-12.090256],[-77.05753,-12.090098],[-77.057564,-12.090075],[-77.057624,-12.090036]]}},{"type":"Feature","properties":{"id":"felipe_pardo_y_aliaga","name":"Avenida Felipe Pardo y Aliaga","type":"segregada","km":0.246,"osm_ways":4},"geometry":{"type":"LineString","coordinates":[[-77.037124,-12.107208],[-77.037263,-12.107207],[-77.037445,-12.107191],[-77.037458,-12.10719],[-77.037546,-12.107174],[-77.037658,-12.107155],[-77.037731,-12.107138],[-77.037811,-12.107116],[-77.037959,-12.107054],[-77.038087,-12.106993],[-77.038151,-12.106959],[-77.038167,-12.107055],[-77.038115,-12.107079],[-77.037986,-12.107142],[-77.037838,-12.107201],[-77.03776,-12.107223],[-77.037682,-12.107242],[-77.037568,-12.107262],[-77.037474,-12.107279],[-77.037357,-12.107291],[-77.037243,-12.107298],[-77.03712,-12.107299]]}},{"type":"Feature","properties":{"id":"francisco_lazo","name":"Avenida Francisco Lazo","type":"carril","km":0.118,"osm_ways":1},"geometry":{"type":"LineString","coordinates":[[-77.03045,-12.082925],[-77.030456,-12.082886],[-77.030529,-12.082438],[-77.03053,-12.082431],[-77.030608,-12.081951],[-77.030619,-12.081878]]}},{"type":"Feature","properties":{"id":"francisco_lazo_2","name":"Avenida Francisco Lazo","type":"segregada","km":0.308,"osm_ways":1},"geometry":{"type":"LineString","coordinates":[[-77.030037,-12.085741],[-77.030048,-12.085663],[-77.03009,-12.085378],[-77.030131,-12.085092],[-77.030176,-12.084786],[-77.030196,-12.08465],[-77.030207,-12.084575],[-77.030232,-12.084399],[-77.030287,-12.084023],[-77.030334,-12.083697],[-77.030337,-12.083683],[-77.030356,-12.08355],[-77.030362,-12.083506],[-77.030385,-12.083348],[-77.030432,-12.083059],[-77.030436,-12.083002]]}},{"type":"Feature","properties":{"id":"francisco_lazo_3","name":"Avenida Francisco Lazo","type":"segregada","km":0.122,"osm_ways":1},"geometry":{"type":"LineString","coordinates":[[-77.030619,-12.081878],[-77.030631,-12.081795],[-77.030668,-12.081536],[-77.030693,-12.081362],[-77.030717,-12.081188],[-77.030758,-12.080895],[-77.030773,-12.080794]]}},{"type":"Feature","properties":{"id":"general_eugenio_garzon","name":"Avenida General Eugenio Garzón","type":"carril","km":0.843,"osm_ways":7},"geometry":{"type":"LineString","coordinates":[[-77.05273,-12.07592],[-77.05248,-12.075617],[-77.05223,-12.075313],[-77.05198,-12.075009],[-77.051922,-12.074938],[-77.051867,-12.074876],[-77.051664,-12.074627],[-77.051461,-12.074378],[-77.051174,-12.074029],[-77.051109,-12.073951],[-77.051053,-12.073883],[-77.050812,-12.073597],[-77.050571,-12.073312],[-77.05033,-12.073026],[-77.050284,-12.072973],[-77.050229,-12.072907],[-77.049996,-12.072626],[-77.049763,-12.072344],[-77.049529,-12.072063],[-77.049475,-12.071997],[-77.049402,-12.071909],[-77.049117,-12.071565],[-77.048935,-12.071345],[-77.048823,-12.07121],[-77.048744,-12.071116],[-77.048676,-12.071034],[-77.048605,-12.070948],[-77.048356,-12.070648],[-77.048108,-12.070349],[-77.047847,-12.070033]]}},{"type":"Feature","properties":{"id":"general_salaverry","name":"Avenida General Salaverry","type":"carril","km":1.214,"osm_ways":5},"geometry":{"type":"LineString","coordinates":[[-77.04198,-12.075077],[-77.041976,-12.075019],[-77.041919,-12.074641],[-77.041862,-12.074263],[-77.041836,-12.074038],[-77.04182,-12.073924],[-77.041798,-12.073826],[-77.041787,-12.073777],[-77.041754,-12.073627],[-77.041681,-12.073408],[-77.041484,-12.072963],[-77.041288,-12.072518],[-77.041148,-12.072232],[-77.04111,-12.072156],[-77.041072,-12.072077],[-77.040883,-12.071685],[-77.040695,-12.071293],[-77.040485,-12.070857],[-77.04043,-12.070738],[-77.040255,-12.070344],[-77.040081,-12.069951],[-77.039907,-12.069558],[-77.039732,-12.069164],[-77.039664,-12.069018],[-77.03961,-12.068902],[-77.039533,-12.068688],[-77.039484,-12.068546],[-77.039427,-12.068351],[-77.039402,-12.068262],[-77.039312,-12.067741],[-77.039221,-12.067219],[-77.039131,-12.066697],[-77.039041,-12.066175],[-77.038967,-12.065698],[-77.038894,-12.065221],[-77.038879,-12.065048],[-77.038877,-12.065015],[-77.038871,-12.064925],[-77.038871,-12.064908],[-77.038871,-12.064896],[-77.038873,-12.064871],[-77.038877,-12.064852],[-77.038883,-12.064832],[-77.03889,-12.064814],[-77.038956,-12.064715]]}},{"type":"Feature","properties":{"id":"general_trinidad_moran","name":"Avenida General Trinidad Morán","type":"segregada","km":1.283,"osm_ways":1},"geometry":{"type":"LineString","coordinates":[[-77.034926,-12.089262],[-77.035343,-12.08932],[-77.03576,-12.089378],[-77.036174,-12.089436],[-77.036589,-12.089494],[-77.037063,-12.08956],[-77.037084,-12.089562],[-77.037419,-12.089609],[-77.037656,-12.089642],[-77.03774,-12.089654],[-77.03815,-12.089711],[-77.038214,-12.08972],[-77.03829,-12.08973],[-77.038708,-12.089788],[-77.038927,-12.089819],[-77.038983,-12.089827],[-77.039095,-12.089842],[-77.039535,-12.089903],[-77.039974,-12.089965],[-77.040034,-12.089973],[-77.040381,-12.090021],[-77.040728,-12.090069],[-77.040786,-12.090077],[-77.041192,-12.090135],[-77.041599,-12.090193],[-77.042006,-12.090248],[-77.042413,-12.090304],[-77.042822,-12.090361],[-77.04323,-12.090417],[-77.043633,-12.090473],[-77.043998,-12.090524],[-77.044364,-12.090575],[-77.044735,-12.090627],[-77.045107,-12.090679],[-77.045478,-12.09073],[-77.045992,-12.090802],[-77.046301,-12.090845],[-77.04661,-12.090888]]}},{"type":"Feature","properties":{"id":"guardia_chalaca","name":"Avenida Guardia Chalaca","type":"segregada","km":2.499,"osm_ways":22},"geometry":{"type":"LineString","coordinates":[[-77.139011,-12.052864],[-77.138697,-12.052872],[-77.138627,-12.052874],[-77.138361,-12.052885],[-77.138237,-12.052897],[-77.138164,-12.052913],[-77.1381,-12.052933],[-77.138024,-12.052967],[-77.137909,-12.053023],[-77.137721,-12.053139],[-77.137446,-12.053321],[-77.137081,-12.053543],[-77.136715,-12.053765],[-77.136336,-12.05399],[-77.135951,-12.054219],[-77.135675,-12.05439],[-77.135399,-12.054562],[-77.135165,-12.054705],[-77.134877,-12.054871],[-77.134589,-12.055037],[-77.134315,-12.055204],[-77.13404,-12.055371],[-77.133714,-12.055572],[-77.133425,-12.05575],[-77.133298,-12.055828],[-77.133218,-12.055883],[-77.133105,-12.055947],[-77.133007,-12.056008],[-77.132728,-12.056179],[-77.13245,-12.056351],[-77.132041,-12.056603],[-77.131976,-12.056643],[-77.131956,-12.056656],[-77.13171,-12.056807],[-77.131681,-12.056825],[-77.131507,-12.056927],[-77.131464,-12.056956],[-77.131006,-12.05722],[-77.130597,-12.057519],[-77.130156,-12.057787],[-77.129714,-12.058055],[-77.129287,-12.058325],[-77.128861,-12.058596],[-77.128774,-12.05865],[-77.128728,-12.058677],[-77.128408,-12.058881],[-77.128382,-12.058893],[-77.12827,-12.058969],[-77.128177,-12.059022],[-77.128053,-12.059095],[-77.127897,-12.059197],[-77.127822,-12.059248],[-77.127593,-12.059412],[-77.127364,-12.059575],[-77.127286,-12.05963],[-77.127165,-12.059714],[-77.127103,-12.059757],[-77.127011,-12.059826],[-77.126635,-12.060094],[-77.126258,-12.060362],[-77.125882,-12.06063],[-77.125611,-12.060821],[-77.125341,-12.061011],[-77.125219,-12.06106],[-77.124789,-12.061383],[-77.124429,-12.061653],[-77.12407,-12.061922],[-77.123746,-12.062162],[-77.123421,-12.062402],[-77.123178,-12.062586],[-77.122934,-12.062771],[-77.122845,-12.062836],[-77.122634,-12.062992],[-77.122527,-12.063071],[-77.122453,-12.063126],[-77.122246,-12.063282],[-77.121825,-12.063592],[-77.121591,-12.063804],[-77.121405,-12.063948],[-77.120989,-12.064252],[-77.120573,-12.064556],[-77.120157,-12.06486],[-77.120053,-12.064933],[-77.119991,-12.065],[-77.119958,-12.065056],[-77.119943,-12.065106]]}},{"type":"Feature","properties":{"id":"guardia_chalaca_2","name":"Avenida Guardia Chalaca","type":"segregada","km":2.484,"osm_ways":21},"geometry":{"type":"LineString","coordinates":[[-77.11966,-12.064789],[-77.119745,-12.064789],[-77.11982,-12.064782],[-77.119882,-12.064769],[-77.119943,-12.064736],[-77.120253,-12.06451],[-77.120564,-12.064284],[-77.120874,-12.064058],[-77.121148,-12.063856],[-77.121421,-12.063653],[-77.121717,-12.063481],[-77.121913,-12.063335],[-77.122132,-12.063172],[-77.122352,-12.063008],[-77.122434,-12.062949],[-77.122535,-12.062873],[-77.122839,-12.062648],[-77.123236,-12.062356],[-77.123633,-12.062064],[-77.124011,-12.061785],[-77.124389,-12.061507],[-77.124767,-12.061228],[-77.125145,-12.060949],[-77.125215,-12.060873],[-77.125324,-12.060765],[-77.125462,-12.060653],[-77.125814,-12.060399],[-77.126167,-12.060146],[-77.126251,-12.060085],[-77.126518,-12.059894],[-77.126784,-12.059702],[-77.126858,-12.059652],[-77.127026,-12.059516],[-77.127146,-12.059425],[-77.127342,-12.059283],[-77.127506,-12.059165],[-77.127564,-12.059122],[-77.127659,-12.059053],[-77.12779,-12.058967],[-77.127914,-12.058886],[-77.127975,-12.058848],[-77.128393,-12.05859],[-77.128584,-12.058471],[-77.128637,-12.05844],[-77.128949,-12.058249],[-77.129261,-12.058057],[-77.129574,-12.057865],[-77.130019,-12.057594],[-77.130464,-12.057323],[-77.130767,-12.057173],[-77.131046,-12.05704],[-77.13121,-12.056945],[-77.131276,-12.056907],[-77.131395,-12.056838],[-77.13144,-12.05681],[-77.131607,-12.056709],[-77.131853,-12.056554],[-77.131902,-12.056526],[-77.131962,-12.056487],[-77.132383,-12.056236],[-77.132711,-12.056042],[-77.133039,-12.055847],[-77.13314,-12.055772],[-77.133265,-12.055673],[-77.133346,-12.055658],[-77.13347,-12.055596],[-77.133587,-12.055523],[-77.133598,-12.055516],[-77.133951,-12.055307],[-77.133982,-12.055289],[-77.13431,-12.055088],[-77.134638,-12.054887],[-77.13504,-12.054633],[-77.13532,-12.054455],[-77.135674,-12.05424],[-77.136027,-12.054024],[-77.13627,-12.053881],[-77.136624,-12.053664],[-77.136992,-12.053442],[-77.13736,-12.05322],[-77.137686,-12.053023],[-77.138,-12.052833],[-77.138218,-12.0527],[-77.138278,-12.052656],[-77.138333,-12.052579],[-77.138362,-12.052518],[-77.13837,-12.052498],[-77.138382,-12.052442],[-77.138413,-12.05229]]}},{"type":"Feature","properties":{"id":"guardia_civil","name":"Avenida Guardia Civil","type":"carril","km":1.188,"osm_ways":3},"geometry":{"type":"LineString","coordinates":[[-76.992129,-12.171538],[-76.992091,-12.17189],[-76.992087,-12.172024],[-76.992086,-12.172093],[-76.992079,-12.172396],[-76.992074,-12.172761],[-76.992075,-12.172832],[-76.992087,-12.172912],[-76.992098,-12.17297],[-76.992107,-12.172995],[-76.992122,-12.173036],[-76.992154,-12.173102],[-76.992197,-12.173173],[-76.992272,-12.173275],[-76.992306,-12.173316],[-76.992408,-12.173442],[-76.99258,-12.173655],[-76.992861,-12.173992],[-76.99294,-12.174089],[-76.993011,-12.174175],[-76.993063,-12.174239],[-76.99328,-12.174502],[-76.993496,-12.174765],[-76.9937,-12.175011],[-76.993905,-12.175256],[-76.994148,-12.175549],[-76.99439,-12.175842],[-76.994633,-12.176135],[-76.994756,-12.176276],[-76.9949,-12.176441],[-76.995167,-12.176761],[-76.995462,-12.177121],[-76.99551,-12.17718],[-76.995565,-12.177245],[-76.99583,-12.177557],[-76.996095,-12.177868],[-76.996225,-12.17802],[-76.996292,-12.1781],[-76.996339,-12.178155],[-76.996396,-12.178223],[-76.996443,-12.178279],[-76.996451,-12.178288],[-76.996471,-12.178314],[-76.996779,-12.17868],[-76.997087,-12.179045],[-76.997395,-12.179411],[-76.997703,-12.179776],[-76.997824,-12.17992],[-76.997981,-12.180107],[-76.998027,-12.180161]]}},{"type":"Feature","properties":{"id":"guardia_civil_2","name":"Avenida Guardia Civil","type":"carril","km":1.209,"osm_ways":1},"geometry":{"type":"LineString","coordinates":[[-76.998055,-12.180195],[-76.998104,-12.180253],[-76.998333,-12.180525],[-76.998562,-12.180798],[-76.998908,-12.181208],[-76.998934,-12.181247],[-76.999026,-12.181385],[-76.999051,-12.181434],[-76.999056,-12.181443],[-76.999173,-12.181718],[-76.999278,-12.182008],[-76.99934,-12.18215],[-76.999409,-12.182294],[-76.999491,-12.182436],[-76.9996,-12.182615],[-76.99966,-12.182698],[-77.000006,-12.183032],[-77.000197,-12.183198],[-77.000443,-12.18335],[-77.000796,-12.183505],[-77.000888,-12.183542],[-77.000994,-12.183571],[-77.001376,-12.183646],[-77.001474,-12.183666],[-77.001755,-12.183721],[-77.002034,-12.183776],[-77.002435,-12.183853],[-77.002836,-12.183931],[-77.003007,-12.183967],[-77.003087,-12.183983],[-77.003321,-12.184022],[-77.003422,-12.184042],[-77.00381,-12.184121],[-77.004197,-12.184199],[-77.004585,-12.184278],[-77.004691,-12.184299],[-77.004799,-12.184321],[-77.005252,-12.18441],[-77.005736,-12.1845],[-77.00622,-12.184591],[-77.006383,-12.184621],[-77.00645,-12.184634],[-77.006724,-12.184693],[-77.006998,-12.184752],[-77.007117,-12.184772],[-77.007194,-12.184771],[-77.007212,-12.184765],[-77.007247,-12.184754],[-77.007301,-12.184717]]}},{"type":"Feature","properties":{"id":"guardia_civil_3","name":"Avenida Guardia Civil","type":"segregada","km":0.718,"osm_ways":3},"geometry":{"type":"LineString","coordinates":[[-77.000269,-12.183382],[-77.000075,-12.183245],[-77.000053,-12.183229],[-76.999844,-12.183055],[-76.999709,-12.182917],[-76.999566,-12.182757],[-76.999512,-12.182678],[-76.99939,-12.182505],[-76.999292,-12.182335],[-76.999225,-12.182179],[-76.999176,-12.182056],[-76.999069,-12.181767],[-76.998957,-12.181502],[-76.998923,-12.181441],[-76.998817,-12.181277],[-76.998494,-12.180903],[-76.998171,-12.180528],[-76.998001,-12.180331],[-76.99792,-12.180235],[-76.997669,-12.179929],[-76.997418,-12.179624],[-76.997167,-12.179318],[-76.99701,-12.179126],[-76.996755,-12.178815],[-76.9965,-12.178503],[-76.996397,-12.178384],[-76.996367,-12.178341],[-76.996319,-12.178283]]}},{"type":"Feature","properties":{"id":"guardia_civil_4","name":"Avenida Guardia Civil","type":"segregada","km":0.211,"osm_ways":1},"geometry":{"type":"LineString","coordinates":[[-76.991961,-12.171516],[-76.99201,-12.171141],[-76.992043,-12.170891],[-76.992082,-12.170592],[-76.992121,-12.170293],[-76.992123,-12.170276],[-76.992154,-12.169957],[-76.992154,-12.169904],[-76.992151,-12.16989],[-76.992142,-12.169849],[-76.992125,-12.169794],[-76.992053,-12.16965]]}},{"type":"Feature","properties":{"id":"hermes","name":"Avenida Hermes","type":"segregada","km":0.107,"osm_ways":1},"geometry":{"type":"LineString","coordinates":[[-76.975532,-12.069703],[-76.975469,-12.069589],[-76.975206,-12.069223],[-76.974978,-12.068906]]}},{"type":"Feature","properties":{"id":"jacaranda","name":"Avenida Jacarandá","type":"carril","km":0.493,"osm_ways":1},"geometry":{"type":"LineString","coordinates":[[-76.974904,-12.12917],[-76.974908,-12.129039],[-76.974915,-12.128661],[-76.974921,-12.128282],[-76.974929,-12.127894],[-76.974937,-12.127505],[-76.974952,-12.127084],[-76.974959,-12.126889],[-76.974967,-12.12666],[-76.974968,-12.126624],[-76.974981,-12.126263],[-76.974994,-12.125892],[-76.975008,-12.125521],[-76.975017,-12.12513],[-76.975027,-12.12474]]}},{"type":"Feature","properties":{"id":"javier_prado_este","name":"Avenida Javier Prado Este","type":"carril","km":0.325,"osm_ways":1},"geometry":{"type":"LineString","coordinates":[[-76.987237,-12.086079],[-76.987108,-12.08607],[-76.986775,-12.086044],[-76.986531,-12.086034],[-76.986371,-12.086036],[-76.986327,-12.086036],[-76.986228,-12.086036],[-76.985866,-12.086043],[-76.985841,-12.086043],[-76.985805,-12.086043],[-76.985498,-12.08605],[-76.985192,-12.086057],[-76.984945,-12.086095],[-76.984896,-12.086106],[-76.98474,-12.086155],[-76.984621,-12.086217],[-76.984345,-12.08641]]}},{"type":"Feature","properties":{"id":"jorge_basadre","name":"Avenida Jorge Basadre","type":"segregada","km":0.157,"osm_ways":1},"geometry":{"type":"LineString","coordinates":[[-77.033626,-12.090946],[-77.033665,-12.091036],[-77.033832,-12.091425],[-77.033998,-12.091814],[-77.034165,-12.092203],[-77.034186,-12.092251]]}},{"type":"Feature","properties":{"id":"jorge_basadre_2","name":"Avenida Jorge Basadre","type":"segregada","km":0.183,"osm_ways":2},"geometry":{"type":"LineString","coordinates":[[-77.034464,-12.092492],[-77.034444,-12.092607],[-77.034428,-12.092704],[-77.034406,-12.092826],[-77.034545,-12.093164],[-77.034684,-12.093502],[-77.034704,-12.093546],[-77.03487,-12.093942],[-77.034905,-12.094036]]}},{"type":"Feature","properties":{"id":"jose_granda","name":"Avenida José Granda","type":"carril","km":0.625,"osm_ways":3},"geometry":{"type":"LineString","coordinates":[[-77.058603,-12.026867],[-77.058611,-12.027021],[-77.058567,-12.027283],[-77.058536,-12.027508],[-77.05853,-12.027689],[-77.058523,-12.027901],[-77.058535,-12.028035],[-77.058545,-12.028146],[-77.058603,-12.028415],[-77.058657,-12.028572],[-77.0587,-12.028678],[-77.058818,-12.028882],[-77.058863,-12.028966],[-77.058895,-12.029044],[-77.058957,-12.029164],[-77.058988,-12.029207],[-77.059044,-12.02926],[-77.059186,-12.029375],[-77.059298,-12.029458],[-77.059397,-12.029529],[-77.059508,-12.029602],[-77.059562,-12.029632],[-77.059625,-12.029666],[-77.059687,-12.029697],[-77.059757,-12.029727],[-77.059786,-12.029738],[-77.059851,-12.029763],[-77.059936,-12.029788],[-77.060007,-12.029807],[-77.060089,-12.029826],[-77.060258,-12.029855],[-77.060337,-12.029868],[-77.060367,-12.029872],[-77.060455,-12.029886],[-77.060529,-12.029888],[-77.060766,-12.0299],[-77.060999,-12.02989],[-77.061218,-12.029854],[-77.061594,-12.029817],[-77.061969,-12.029781],[-77.062044,-12.029771]]}},{"type":"Feature","properties":{"id":"jose_granda_2","name":"Avenida José Granda","type":"carril","km":0.149,"osm_ways":2},"geometry":{"type":"LineString","coordinates":[[-77.062061,-12.029843],[-77.061982,-12.02985],[-77.061642,-12.029883],[-77.061301,-12.029915],[-77.061123,-12.029948],[-77.061024,-12.029975],[-77.060959,-12.029998],[-77.060767,-12.030167]]}},{"type":"Feature","properties":{"id":"jose_granda_3","name":"Avenida José Granda","type":"carril","km":0.158,"osm_ways":1},"geometry":{"type":"LineString","coordinates":[[-77.060318,-12.030018],[-77.06022,-12.03],[-77.060107,-12.029978],[-77.060021,-12.029959],[-77.059958,-12.029942],[-77.059875,-12.029916],[-77.059755,-12.029874],[-77.059621,-12.029814],[-77.059526,-12.029767],[-77.059449,-12.029723],[-77.059374,-12.029676],[-77.059254,-12.029604],[-77.05913,-12.029525],[-77.059005,-12.029444]]}},{"type":"Feature","properties":{"id":"juan_bertolotto_negro","name":"Avenida Juan Bertolotto Negro","type":"carril","km":0.923,"osm_ways":1},"geometry":{"type":"LineString","coordinates":[[-77.084854,-12.090701],[-77.084787,-12.090706],[-77.084738,-12.090712],[-77.084697,-12.090718],[-77.084654,-12.090732],[-77.084275,-12.090915],[-77.08421,-12.090946],[-77.083788,-12.091172],[-77.083366,-12.091398],[-77.082929,-12.091623],[-77.082492,-12.091849],[-77.082116,-12.092038],[-77.081741,-12.092227],[-77.081645,-12.092276],[-77.081255,-12.092472],[-77.080866,-12.092668],[-77.080793,-12.092704],[-77.080513,-12.092847],[-77.080477,-12.092865],[-77.080113,-12.093056],[-77.08005,-12.093088],[-77.079649,-12.093295],[-77.079248,-12.093503],[-77.078977,-12.093641],[-77.078729,-12.093766],[-77.078481,-12.093892],[-77.078392,-12.093937],[-77.078352,-12.093958],[-77.078286,-12.093993],[-77.078154,-12.094062],[-77.077866,-12.094212],[-77.077578,-12.094363],[-77.077541,-12.094383],[-77.077358,-12.094477],[-77.077321,-12.094495]]}},{"type":"Feature","properties":{"id":"la_paz","name":"Avenida La Paz","type":"segregada","km":0.832,"osm_ways":6},"geometry":{"type":"LineString","coordinates":[[-77.026985,-12.127882],[-77.02696,-12.127973],[-77.026824,-12.128462],[-77.026798,-12.128551],[-77.026739,-12.128757],[-77.026678,-12.12897],[-77.026675,-12.128981],[-77.026646,-12.129086],[-77.026559,-12.129403],[-77.026472,-12.129721],[-77.026411,-12.129939],[-77.026302,-12.13033],[-77.026193,-12.130722],[-77.026136,-12.130923],[-77.026076,-12.131129],[-77.026064,-12.13117],[-77.02603,-12.131286],[-77.02598,-12.131456],[-77.02593,-12.131619],[-77.025823,-12.132004],[-77.025717,-12.132388],[-77.025647,-12.132633],[-77.025535,-12.133043],[-77.025423,-12.133453],[-77.025308,-12.133866],[-77.025183,-12.134273],[-77.025093,-12.13457],[-77.025003,-12.134867],[-77.025,-12.134914],[-77.025003,-12.134961],[-77.025007,-12.13499],[-77.025014,-12.135018],[-77.025026,-12.135055],[-77.025042,-12.13509]]}},{"type":"Feature","properties":{"id":"las_nazarenas","name":"Avenida Las Nazarenas","type":"segregada","km":1.062,"osm_ways":4},"geometry":{"type":"LineString","coordinates":[[-76.979787,-12.134328],[-76.979826,-12.134313],[-76.980253,-12.134152],[-76.98068,-12.13399],[-76.981107,-12.133829],[-76.981535,-12.133668],[-76.981593,-12.133646],[-76.98164,-12.133628],[-76.982086,-12.133459],[-76.982533,-12.133291],[-76.982979,-12.133122],[-76.983045,-12.133098],[-76.983155,-12.133055],[-76.983214,-12.133034],[-76.983477,-12.132935],[-76.98374,-12.132835],[-76.984016,-12.132731],[-76.984292,-12.132627],[-76.984377,-12.132594],[-76.984767,-12.132442],[-76.985081,-12.132326],[-76.985395,-12.13221],[-76.985717,-12.132089],[-76.986039,-12.131967],[-76.986114,-12.131939],[-76.98623,-12.131895],[-76.986291,-12.131872],[-76.986741,-12.131702],[-76.987204,-12.131527],[-76.987666,-12.131353],[-76.988018,-12.131219],[-76.988371,-12.131085],[-76.988723,-12.130952],[-76.988775,-12.130932],[-76.988822,-12.130915],[-76.988864,-12.1309],[-76.988898,-12.130888]]}},{"type":"Feature","properties":{"id":"las_palmeras","name":"Avenida Las Palmeras","type":"carril","km":0.727,"osm_ways":3},"geometry":{"type":"LineString","coordinates":[[-77.07165,-11.990808],[-77.071698,-11.9905],[-77.071762,-11.9901],[-77.071827,-11.9897],[-77.071891,-11.9893],[-77.071898,-11.989256],[-77.071902,-11.989229],[-77.071912,-11.989163],[-77.071919,-11.989114],[-77.07197,-11.988724],[-77.072025,-11.988328],[-77.07208,-11.987931],[-77.072135,-11.987535],[-77.072196,-11.987143],[-77.07221,-11.987055],[-77.072221,-11.986979],[-77.072231,-11.98692],[-77.072236,-11.986889],[-77.072239,-11.986863],[-77.072244,-11.986833],[-77.072271,-11.986488],[-77.07227,-11.986364],[-77.072249,-11.986151],[-77.072191,-11.985797],[-77.072134,-11.985444],[-77.072063,-11.984981],[-77.071996,-11.984568],[-77.072022,-11.984331]]}},{"type":"Feature","properties":{"id":"las_palmeras_2","name":"Avenida Las Palmeras","type":"carril","km":0.491,"osm_ways":3},"geometry":{"type":"LineString","coordinates":[[-77.072415,-11.978663],[-77.072415,-11.978753],[-77.072416,-11.978763],[-77.072416,-11.979042],[-77.072419,-11.979365],[-77.072421,-11.979688],[-77.072422,-11.979827],[-77.072423,-11.979966],[-77.072423,-11.980037],[-77.072421,-11.98013],[-77.072419,-11.980272],[-77.072415,-11.980519],[-77.072403,-11.980844],[-77.072391,-11.981289],[-77.07239,-11.981329],[-77.072386,-11.981415],[-77.072384,-11.981486],[-77.072366,-11.981878],[-77.072365,-11.981902],[-77.072358,-11.98207],[-77.072356,-11.982191],[-77.072353,-11.98242],[-77.072347,-11.982729],[-77.072342,-11.982918],[-77.072338,-11.983076]]}},{"type":"Feature","properties":{"id":"las_palmeras_3","name":"Avenida Las Palmeras","type":"carril","km":0.798,"osm_ways":3},"geometry":{"type":"LineString","coordinates":[[-77.072267,-11.984018],[-77.07223,-11.984113],[-77.072183,-11.984234],[-77.072134,-11.984542],[-77.072184,-11.984821],[-77.072234,-11.985101],[-77.0723,-11.985482],[-77.072318,-11.985582],[-77.07236,-11.98581],[-77.072398,-11.986023],[-77.072406,-11.986079],[-77.072435,-11.986219],[-77.07247,-11.986445],[-77.072465,-11.986536],[-77.072442,-11.986714],[-77.072419,-11.986859],[-77.072415,-11.986892],[-77.072412,-11.986913],[-77.072349,-11.987336],[-77.072287,-11.98776],[-77.072225,-11.988184],[-77.072154,-11.988649],[-77.072082,-11.989114],[-77.072079,-11.989139],[-77.072069,-11.989207],[-77.072062,-11.989252],[-77.071996,-11.989637],[-77.071935,-11.990032],[-77.071874,-11.990427],[-77.071812,-11.990822],[-77.0718,-11.990899],[-77.071795,-11.990929],[-77.071785,-11.990995],[-77.071769,-11.991096]]}},{"type":"Feature","properties":{"id":"las_palmeras_4","name":"Avenida Las Palmeras","type":"carril","km":0.568,"osm_ways":7},"geometry":{"type":"LineString","coordinates":[[-77.072193,-11.983524],[-77.072195,-11.983243],[-77.072198,-11.983081],[-77.072212,-11.98256],[-77.072214,-11.982492],[-77.072215,-11.982423],[-77.072221,-11.98221],[-77.072228,-11.981935],[-77.072228,-11.981915],[-77.072227,-11.981811],[-77.072227,-11.981784],[-77.072225,-11.981606],[-77.072223,-11.981502],[-77.072221,-11.981424],[-77.072218,-11.981295],[-77.072214,-11.981192],[-77.072209,-11.980854],[-77.072206,-11.980703],[-77.072214,-11.98036],[-77.072224,-11.980129],[-77.072226,-11.980066],[-77.072227,-11.979974],[-77.072229,-11.979688],[-77.072233,-11.979248],[-77.072237,-11.978809],[-77.072237,-11.978737],[-77.072238,-11.978643],[-77.07224,-11.978542],[-77.072242,-11.978467],[-77.072242,-11.978419]]}},{"type":"Feature","properties":{"id":"los_conquistadores","name":"Avenida Los Conquistadores","type":"segregada","km":0.283,"osm_ways":2},"geometry":{"type":"LineString","coordinates":[[-77.036982,-12.109753],[-77.037001,-12.109342],[-77.037021,-12.108931],[-77.037041,-12.10852],[-77.037044,-12.108442],[-77.037047,-12.10839],[-77.037081,-12.107886],[-77.037116,-12.107383],[-77.03712,-12.107299],[-77.037124,-12.107208]]}},{"type":"Feature","properties":{"id":"los_patriotas","name":"Avenida Los Patriotas","type":"carril","km":1.402,"osm_ways":3},"geometry":{"type":"LineString","coordinates":[[-77.094066,-12.078881],[-77.094146,-12.078843],[-77.094515,-12.078664],[-77.094883,-12.078485],[-77.095252,-12.078307],[-77.09559,-12.078142],[-77.095928,-12.077978],[-77.096267,-12.077814],[-77.09659,-12.077659],[-77.096913,-12.077505],[-77.097269,-12.07733],[-77.097624,-12.077156],[-77.097874,-12.077034],[-77.098125,-12.076913],[-77.098185,-12.076883],[-77.098442,-12.076758],[-77.0987,-12.076633],[-77.098737,-12.076615],[-77.098813,-12.076579],[-77.099093,-12.076444],[-77.099373,-12.076309],[-77.099842,-12.076076],[-77.099927,-12.076035],[-77.099963,-12.076018],[-77.100038,-12.075981],[-77.100412,-12.0758],[-77.100786,-12.075618],[-77.101159,-12.075437],[-77.1012,-12.075417],[-77.101448,-12.075297],[-77.101695,-12.075177],[-77.101809,-12.075122],[-77.102196,-12.074934],[-77.102251,-12.074907],[-77.102589,-12.074743],[-77.102927,-12.074579],[-77.103265,-12.074415],[-77.103328,-12.074385],[-77.10374,-12.074188],[-77.103787,-12.074165],[-77.10385,-12.074134],[-77.104194,-12.073963],[-77.104237,-12.073941],[-77.104305,-12.073908],[-77.104427,-12.073847],[-77.104715,-12.073708],[-77.105152,-12.073509],[-77.105207,-12.073484],[-77.105584,-12.073338],[-77.105639,-12.073316]]}},{"type":"Feature","properties":{"id":"los_patriotas_2","name":"Avenida Los Patriotas","type":"carril","km":1.402,"osm_ways":1},"geometry":{"type":"LineString","coordinates":[[-77.105683,-12.073426],[-77.105624,-12.07345],[-77.105292,-12.073579],[-77.10522,-12.073608],[-77.104774,-12.073814],[-77.104357,-12.074017],[-77.104253,-12.074066],[-77.103901,-12.074234],[-77.103796,-12.074285],[-77.103377,-12.074485],[-77.103313,-12.074516],[-77.102976,-12.07468],[-77.102639,-12.074845],[-77.102302,-12.075009],[-77.102247,-12.075035],[-77.10186,-12.075223],[-77.101746,-12.075279],[-77.101255,-12.075515],[-77.100865,-12.075702],[-77.100475,-12.07589],[-77.100085,-12.076077],[-77.100011,-12.076113],[-77.09989,-12.076171],[-77.099415,-12.076397],[-77.099134,-12.076535],[-77.098852,-12.076673],[-77.098741,-12.076727],[-77.098487,-12.07685],[-77.098233,-12.076973],[-77.09817,-12.077004],[-77.09792,-12.077125],[-77.09767,-12.077247],[-77.097314,-12.077419],[-77.096958,-12.077592],[-77.096636,-12.077748],[-77.096315,-12.077905],[-77.095903,-12.078105],[-77.095492,-12.078304],[-77.0953,-12.078398],[-77.094903,-12.078591],[-77.094506,-12.078783],[-77.094109,-12.078976]]}},{"type":"Feature","properties":{"id":"los_precursores","name":"Avenida Los Precursores","type":"carril","km":0.745,"osm_ways":3},"geometry":{"type":"LineString","coordinates":[[-76.979525,-12.11051],[-76.97951,-12.11056],[-76.979501,-12.110709],[-76.979492,-12.110876],[-76.979458,-12.111331],[-76.979424,-12.111785],[-76.979408,-12.111928],[-76.979361,-12.112256],[-76.979314,-12.112584],[-76.979274,-12.112866],[-76.979234,-12.113147],[-76.979158,-12.113679],[-76.979118,-12.113964],[-76.979077,-12.114249],[-76.979067,-12.114355],[-76.979074,-12.114473],[-76.979119,-12.114707],[-76.979187,-12.114881],[-76.979268,-12.115019],[-76.979423,-12.115215],[-76.979449,-12.115244],[-76.979552,-12.115354],[-76.979876,-12.115687],[-76.9802,-12.11602],[-76.980454,-12.116275],[-76.980707,-12.116531],[-76.980752,-12.116572]]}},{"type":"Feature","properties":{"id":"los_vicus","name":"Avenida Los Vicus","type":"carril","km":1.176,"osm_ways":2},"geometry":{"type":"LineString","coordinates":[[-76.999512,-12.131387],[-76.999575,-12.131429],[-76.999645,-12.131488],[-76.999741,-12.131643],[-76.999825,-12.131868],[-76.99992,-12.132353],[-77.000014,-12.132839],[-77.000108,-12.133175],[-77.000234,-12.133636],[-77.00034,-12.133972],[-77.000513,-12.134228],[-77.000672,-12.134418],[-77.000941,-12.134727],[-77.001007,-12.134792],[-77.001316,-12.135103],[-77.001626,-12.135413],[-77.001936,-12.135724],[-77.002246,-12.136034],[-77.002586,-12.136396],[-77.002659,-12.136515],[-77.002803,-12.136762],[-77.002948,-12.13701],[-77.003146,-12.13735],[-77.003181,-12.137405],[-77.003242,-12.137504],[-77.003277,-12.137565],[-77.003528,-12.137998],[-77.00378,-12.138434],[-77.003935,-12.13872],[-77.004148,-12.139005],[-77.004383,-12.139267],[-77.004626,-12.139455],[-77.004786,-12.139577],[-77.004966,-12.139787],[-77.005226,-12.140099]]}},{"type":"Feature","properties":{"id":"los_vicus_2","name":"Avenida Los Vicus","type":"carril","km":0.104,"osm_ways":1},"geometry":{"type":"LineString","coordinates":[[-77.005547,-12.140461],[-77.00561,-12.140536],[-77.005682,-12.140679],[-77.005752,-12.140828],[-77.00594,-12.141214],[-77.005976,-12.141294]]}},{"type":"Feature","properties":{"id":"miguel_seminario","name":"Avenida Miguel Seminario","type":"segregada","km":0.298,"osm_ways":5},"geometry":{"type":"LineString","coordinates":[[-77.024324,-12.094532],[-77.024286,-12.09455],[-77.023841,-12.094746],[-77.023775,-12.094775],[-77.023731,-12.094791],[-77.023703,-12.094801],[-77.02361,-12.094812],[-77.023235,-12.094826],[-77.023044,-12.094836],[-77.022714,-12.094849],[-77.022384,-12.094863],[-77.021902,-12.094871],[-77.021793,-12.094871],[-77.021722,-12.094859],[-77.021654,-12.094819]]}},{"type":"Feature","properties":{"id":"militar","name":"Avenida Militar","type":"segregada","km":0.625,"osm_ways":3},"geometry":{"type":"LineString","coordinates":[[-77.031131,-12.085895],[-77.031179,-12.08557],[-77.031227,-12.085245],[-77.031304,-12.084726],[-77.031313,-12.084665],[-77.031329,-12.084552],[-77.031342,-12.084468],[-77.031382,-12.084195],[-77.031452,-12.083713],[-77.031484,-12.083488],[-77.031524,-12.083214],[-77.031531,-12.08316],[-77.031543,-12.083078],[-77.03155,-12.083028],[-77.031615,-12.082575],[-77.031679,-12.082123],[-77.031693,-12.082028],[-77.031706,-12.081935],[-77.031769,-12.081487],[-77.031835,-12.081042],[-77.031848,-12.080935],[-77.031853,-12.080901],[-77.031856,-12.080874],[-77.031924,-12.080422],[-77.031934,-12.080333]]}},{"type":"Feature","properties":{"id":"monsenor_jorge_dintilhac","name":"Avenida Monseñor Jorge Dintilhac","type":"segregada","km":1.248,"osm_ways":5},"geometry":{"type":"LineString","coordinates":[[-77.084879,-12.074464],[-77.084938,-12.074742],[-77.084998,-12.075021],[-77.085006,-12.075062],[-77.085012,-12.075087],[-77.085118,-12.07556],[-77.085155,-12.076025],[-77.085169,-12.076379],[-77.085178,-12.076601],[-77.085176,-12.077074],[-77.085184,-12.077412],[-77.085189,-12.07764],[-77.085189,-12.077684],[-77.085193,-12.077748],[-77.085194,-12.077915],[-77.085194,-12.077953],[-77.085195,-12.078026],[-77.085198,-12.078192],[-77.085199,-12.078253],[-77.085199,-12.078287],[-77.085207,-12.078563],[-77.085216,-12.078875],[-77.085218,-12.078957],[-77.085223,-12.079136],[-77.085247,-12.07945],[-77.085263,-12.079686],[-77.085319,-12.08003],[-77.085375,-12.080374],[-77.085416,-12.080549],[-77.085478,-12.08081],[-77.085612,-12.081247],[-77.085751,-12.081631],[-77.085921,-12.08205],[-77.085943,-12.082106],[-77.08615,-12.082548],[-77.086184,-12.082619],[-77.086212,-12.082682],[-77.086359,-12.083012],[-77.086542,-12.083395],[-77.086678,-12.083677],[-77.086832,-12.084007],[-77.086987,-12.084338],[-77.086999,-12.084363],[-77.087204,-12.084807],[-77.087221,-12.084845],[-77.087411,-12.085247]]}},{"type":"Feature","properties":{"id":"pablo_carriquirry_maurer","name":"Avenida Pablo Carriquirry Maurer","type":"carril","km":0.19,"osm_ways":1},"geometry":{"type":"LineString","coordinates":[[-77.01842,-12.094926],[-77.018426,-12.094886],[-77.018474,-12.094556],[-77.018522,-12.094227],[-77.018567,-12.093932],[-77.018619,-12.093582],[-77.018671,-12.093231]]}},{"type":"Feature","properties":{"id":"parque_gonzales_prada","name":"Avenida Parque Gonzales Prada","type":"segregada","km":0.856,"osm_ways":1},"geometry":{"type":"LineString","coordinates":[[-77.067167,-12.095219],[-77.067125,-12.095174],[-77.066816,-12.094806],[-77.066506,-12.094438],[-77.066188,-12.094053],[-77.065869,-12.093668],[-77.065565,-12.093299],[-77.065261,-12.09293],[-77.065232,-12.092894],[-77.065194,-12.092848],[-77.064848,-12.092429],[-77.064503,-12.09201],[-77.064157,-12.091592],[-77.064116,-12.091542],[-77.064078,-12.091496],[-77.063949,-12.091335],[-77.063917,-12.091299],[-77.063867,-12.09124],[-77.063601,-12.090917],[-77.063334,-12.090594],[-77.063068,-12.090271],[-77.062783,-12.089925],[-77.062498,-12.089579],[-77.062213,-12.089233]]}},{"type":"Feature","properties":{"id":"parque_gonzales_prada_2","name":"Avenida Parque Gonzales Prada","type":"segregada","km":0.857,"osm_ways":1},"geometry":{"type":"LineString","coordinates":[[-77.062425,-12.089058],[-77.062712,-12.089404],[-77.062999,-12.08975],[-77.063286,-12.090096],[-77.063557,-12.090422],[-77.063828,-12.090749],[-77.064099,-12.091076],[-77.064138,-12.091122],[-77.06417,-12.09116],[-77.064303,-12.091322],[-77.064339,-12.091365],[-77.064377,-12.09141],[-77.064711,-12.091813],[-77.065045,-12.092216],[-77.06523,-12.092439],[-77.065415,-12.092662],[-77.065459,-12.092714],[-77.065485,-12.092746],[-77.065791,-12.093115],[-77.066097,-12.093483],[-77.066416,-12.093869],[-77.066734,-12.094254],[-77.066946,-12.094508],[-77.067158,-12.094762],[-77.067389,-12.09504]]}},{"type":"Feature","properties":{"id":"paso_de_los_andes","name":"Avenida Paso de los Andes","type":"carril","km":0.189,"osm_ways":1},"geometry":{"type":"LineString","coordinates":[[-77.059449,-12.069104],[-77.059531,-12.068958],[-77.059579,-12.068873],[-77.059612,-12.06882],[-77.059684,-12.068705],[-77.059745,-12.068624],[-77.059773,-12.068589],[-77.059824,-12.068525],[-77.059873,-12.068474],[-77.059968,-12.068377],[-77.060004,-12.068342],[-77.060104,-12.068245],[-77.060157,-12.068196],[-77.060301,-12.068068],[-77.060357,-12.068023],[-77.06044,-12.067953],[-77.060573,-12.067834]]}},{"type":"Feature","properties":{"id":"paso_de_los_andes_2","name":"Avenida Paso de los Andes","type":"carril","km":0.182,"osm_ways":1},"geometry":{"type":"LineString","coordinates":[[-77.060664,-12.067964],[-77.060598,-12.068001],[-77.060524,-12.06805],[-77.060456,-12.068111],[-77.060346,-12.068203],[-77.060225,-12.068313],[-77.06015,-12.068382],[-77.060072,-12.068459],[-77.060014,-12.068516],[-77.059912,-12.068625],[-77.059872,-12.068674],[-77.059839,-12.068716],[-77.05976,-12.068834],[-77.059749,-12.068851],[-77.059702,-12.068925],[-77.059658,-12.068996],[-77.059636,-12.06903],[-77.059565,-12.069171]]}},{"type":"Feature","properties":{"id":"pedro_de_osma","name":"Avenida Pedro de Osma","type":"segregada","km":0.505,"osm_ways":2},"geometry":{"type":"LineString","coordinates":[[-77.022566,-12.151875],[-77.022558,-12.151923],[-77.022561,-12.151965],[-77.022571,-12.152015],[-77.022698,-12.152377],[-77.022826,-12.152738],[-77.022948,-12.153079],[-77.023069,-12.153419],[-77.02324,-12.153878],[-77.02326,-12.15395],[-77.023275,-12.154021],[-77.023283,-12.154077],[-77.023288,-12.154143],[-77.023285,-12.154189],[-77.02327,-12.154248],[-77.023164,-12.154598],[-77.023058,-12.154949],[-77.022952,-12.155299],[-77.022938,-12.15536],[-77.022931,-12.15541],[-77.022929,-12.15543],[-77.0229,-12.155639],[-77.022941,-12.155924],[-77.022958,-12.156043],[-77.022986,-12.15624]]}},{"type":"Feature","properties":{"id":"pio_xii","name":"Avenida Pio XII","type":"carril","km":0.778,"osm_ways":1},"geometry":{"type":"LineString","coordinates":[[-77.104426,-12.064743],[-77.104297,-12.064719],[-77.104238,-12.064707],[-77.104087,-12.064676],[-77.103826,-12.064627],[-77.103777,-12.06462],[-77.103338,-12.064581],[-77.102898,-12.064541],[-77.102532,-12.064508],[-77.102218,-12.064479],[-77.101904,-12.06445],[-77.101703,-12.064432],[-77.101247,-12.064383],[-77.100784,-12.064339],[-77.100609,-12.06433],[-77.100275,-12.06433],[-77.099745,-12.064336],[-77.099215,-12.064342],[-77.098735,-12.064346],[-77.09838,-12.064344],[-77.098025,-12.064343],[-77.097728,-12.064345],[-77.097432,-12.064347],[-77.097368,-12.064347],[-77.097298,-12.064348]]}},{"type":"Feature","properties":{"id":"prolongacion_general_jose_de_san_martin","name":"Avenida Prolongación General José de San Martín","type":"segregada","km":0.973,"osm_ways":5},"geometry":{"type":"LineString","coordinates":[[-77.023693,-12.139371],[-77.023667,-12.139445],[-77.023577,-12.139692],[-77.023499,-12.139909],[-77.023459,-12.140054],[-77.023426,-12.140231],[-77.023395,-12.140484],[-77.023358,-12.140871],[-77.023321,-12.141259],[-77.023271,-12.141776],[-77.023221,-12.142293],[-77.023196,-12.142615],[-77.023172,-12.142937],[-77.02316,-12.143092],[-77.023155,-12.143167],[-77.023096,-12.143227],[-77.023084,-12.14333],[-77.023127,-12.143407],[-77.023093,-12.143794],[-77.023059,-12.144182],[-77.023025,-12.14457],[-77.023018,-12.144652],[-77.022992,-12.14494],[-77.022965,-12.145229],[-77.022936,-12.145649],[-77.022906,-12.146069],[-77.022892,-12.146142],[-77.022863,-12.146233],[-77.022713,-12.146563],[-77.022564,-12.146892],[-77.022533,-12.146961],[-77.022505,-12.147025],[-77.022315,-12.147431],[-77.022216,-12.147666],[-77.022209,-12.147685],[-77.022136,-12.147869]]}},{"type":"Feature","properties":{"id":"republica_de_argentina","name":"Avenida República de Argentina","type":"segregada","km":5.114,"osm_ways":11},"geometry":{"type":"LineString","coordinates":[[-77.098361,-12.048464],[-77.098216,-12.048451],[-77.09789,-12.048425],[-77.097564,-12.048398],[-77.097091,-12.048359],[-77.097041,-12.048354],[-77.096799,-12.048333],[-77.096773,-12.048329],[-77.096419,-12.048294],[-77.096065,-12.048258],[-77.095938,-12.048245],[-77.095721,-12.048224],[-77.095633,-12.048216],[-77.095587,-12.048215],[-77.095298,-12.048186],[-77.095151,-12.048173],[-77.095062,-12.048165],[-77.094708,-12.048133],[-77.094662,-12.048129],[-77.094184,-12.048086],[-77.093706,-12.048044],[-77.093187,-12.047997],[-77.092758,-12.047962],[-77.092328,-12.047926],[-77.091899,-12.04789],[-77.091486,-12.047854],[-77.091336,-12.047838],[-77.091258,-12.047831],[-77.091147,-12.047822],[-77.090904,-12.047801],[-77.090802,-12.047792],[-77.090425,-12.047759],[-77.090049,-12.047727],[-77.089672,-12.047695],[-77.089273,-12.04766],[-77.088874,-12.047626],[-77.088474,-12.047591],[-77.088296,-12.047576],[-77.088195,-12.047567],[-77.088037,-12.047554],[-77.087818,-12.047535],[-77.087514,-12.047509],[-77.087377,-12.047497],[-77.087057,-12.04747],[-77.086905,-12.047457],[-77.086597,-12.04743],[-77.086419,-12.047415],[-77.086261,-12.047401],[-77.086173,-12.047392],[-77.086141,-12.047391],[-77.086079,-12.047386],[-77.086009,-12.047379],[-77.085876,-12.047368],[-77.085708,-12.047354],[-77.085638,-12.047348],[-77.085375,-12.047325],[-77.085283,-12.047317],[-77.085079,-12.047299],[-77.084813,-12.047277],[-77.084279,-12.047231],[-77.084162,-12.047221],[-77.083943,-12.047202],[-77.083793,-12.047187],[-77.083265,-12.047144],[-77.082985,-12.047119],[-77.082705,-12.047095],[-77.082338,-12.047064],[-77.081811,-12.047019],[-77.081579,-12.046999],[-77.081195,-12.046964],[-77.08069,-12.046918],[-77.080185,-12.046872],[-77.079881,-12.046845],[-77.079745,-12.046834],[-77.079632,-12.046824],[-77.079501,-12.046812],[-77.07907,-12.046773],[-77.07864,-12.046734],[-77.078277,-12.046703],[-77.077914,-12.046671],[-77.077622,-12.046645],[-77.07733,-12.046618],[-77.076973,-12.046585],[-77.076927,-12.046581],[-77.076893,-12.046578],[-77.076787,-12.046568],[-77.076678,-12.046557],[-77.076617,-12.046552],[-77.076566,-12.046547],[-77.076521,-12.046543],[-77.075994,-12.046498],[-77.075682,-12.046471],[-77.07537,-12.046445],[-77.074924,-12.046407],[-77.074478,-12.046369],[-77.074404,-12.046362],[-77.074363,-12.046359],[-77.07403,-12.046328],[-77.073646,-12.046292],[-77.073261,-12.046257],[-77.073013,-12.046234],[-77.072803,-12.046214],[-77.072584,-12.046194],[-77.072507,-12.046186],[-77.072367,-12.046174],[-77.072272,-12.046166],[-77.071778,-12.046124],[-77.071283,-12.046081],[-77.070789,-12.046038],[-77.070295,-12.045996],[-77.06984,-12.045957],[-77.069386,-12.045918],[-77.069004,-12.045885],[-77.068622,-12.045852],[-77.068563,-12.045847],[-77.06846,-12.045838],[-77.068146,-12.045811],[-77.067836,-12.045784],[-77.067498,-12.045755],[-77.06716,-12.045726],[-77.066968,-12.045709],[-77.066922,-12.045706],[-77.066474,-12.045667],[-77.066027,-12.045628],[-77.065893,-12.045617],[-77.065869,-12.045615],[-77.065734,-12.045612],[-77.06565,-12.045619],[-77.065575,-12.045632],[-77.065493,-12.045654],[-77.065442,-12.045671],[-77.065375,-12.045699],[-77.065337,-12.045718],[-77.065288,-12.045736],[-77.065236,-12.045746],[-77.065179,-12.045749],[-77.065133,-12.045744],[-77.065087,-12.045733],[-77.065027,-12.045708],[-77.064947,-12.045648],[-77.064793,-12.045569],[-77.064761,-12.045556],[-77.06468,-12.04553],[-77.064575,-12.045505],[-77.064439,-12.045488],[-77.063992,-12.045444],[-77.063635,-12.045409],[-77.063232,-12.045372],[-77.06283,-12.045336],[-77.062714,-12.045325],[-77.062251,-12.045282],[-77.061779,-12.045238],[-77.061307,-12.045195],[-77.061213,-12.045185],[-77.061119,-12.045175],[-77.060746,-12.045138],[-77.060372,-12.045102],[-77.059998,-12.045065],[-77.059602,-12.045028],[-77.059311,-12.045001],[-77.058998,-12.044972],[-77.058839,-12.044958],[-77.058701,-12.044945],[-77.058589,-12.044934],[-77.058336,-12.044909],[-77.057874,-12.044863],[-77.057412,-12.044817],[-77.057067,-12.044784],[-77.056723,-12.04475],[-77.056623,-12.044741],[-77.056273,-12.044707],[-77.056157,-12.044697],[-77.055785,-12.044665],[-77.055673,-12.044656],[-77.055268,-12.044615],[-77.054863,-12.044575],[-77.054497,-12.044542],[-77.054131,-12.044509],[-77.053594,-12.044456],[-77.053186,-12.044415],[-77.052778,-12.044375],[-77.052295,-12.044327],[-77.051752,-12.044286],[-77.051605,-12.044275]]}},{"type":"Feature","properties":{"id":"republica_de_argentina_2","name":"Avenida República de Argentina","type":"segregada","km":2.199,"osm_ways":2},"geometry":{"type":"LineString","coordinates":[[-77.051553,-12.044165],[-77.051835,-12.044197],[-77.052117,-12.044229],[-77.052301,-12.04425],[-77.052635,-12.044281],[-77.052969,-12.044313],[-77.053496,-12.044363],[-77.053605,-12.044373],[-77.054012,-12.044412],[-77.054419,-12.04445],[-77.054826,-12.044489],[-77.055272,-12.04453],[-77.055719,-12.044571],[-77.056165,-12.044612],[-77.056584,-12.04465],[-77.057003,-12.044688],[-77.057422,-12.044725],[-77.057851,-12.044769],[-77.058279,-12.044812],[-77.058708,-12.044855],[-77.059087,-12.044892],[-77.059531,-12.044934],[-77.059974,-12.044977],[-77.060283,-12.045008],[-77.060592,-12.045039],[-77.061129,-12.045092],[-77.06122,-12.045102],[-77.061314,-12.045111],[-77.061719,-12.045148],[-77.062058,-12.045179],[-77.062398,-12.04521],[-77.062744,-12.04524],[-77.06297,-12.045262],[-77.06328,-12.045291],[-77.063642,-12.045324],[-77.063948,-12.045351],[-77.06441,-12.045392],[-77.064705,-12.045419],[-77.064763,-12.045424],[-77.064906,-12.045436],[-77.06526,-12.045468],[-77.065363,-12.045477],[-77.065781,-12.045512],[-77.06612,-12.045545],[-77.066331,-12.045564],[-77.066617,-12.04559],[-77.06691,-12.045615],[-77.067151,-12.045636],[-77.067245,-12.045644],[-77.067732,-12.045686],[-77.068152,-12.045722],[-77.068572,-12.045759],[-77.069107,-12.045805],[-77.069642,-12.045851],[-77.070004,-12.045882],[-77.070366,-12.045914],[-77.07055,-12.045929],[-77.070717,-12.045944],[-77.071199,-12.045987],[-77.07168,-12.04603]]}},{"type":"Feature","properties":{"id":"republica_de_argentina_3","name":"Avenida República de Argentina","type":"segregada","km":0.814,"osm_ways":5},"geometry":{"type":"LineString","coordinates":[[-77.050974,-12.044453],[-77.050909,-12.044445],[-77.050852,-12.04444],[-77.050745,-12.04443],[-77.050649,-12.04442],[-77.050321,-12.044389],[-77.049994,-12.044358],[-77.049931,-12.044352],[-77.049635,-12.044324],[-77.049483,-12.044309],[-77.049286,-12.04429],[-77.048819,-12.044245],[-77.048353,-12.044199],[-77.047979,-12.044164],[-77.047605,-12.044129],[-77.047329,-12.044103],[-77.047053,-12.044078],[-77.04662,-12.044039],[-77.046186,-12.044],[-77.045753,-12.043961],[-77.045318,-12.043921],[-77.044883,-12.043881],[-77.044465,-12.043834],[-77.044038,-12.043788],[-77.04365,-12.043747],[-77.043537,-12.043705]]}},{"type":"Feature","properties":{"id":"republica_de_colombia","name":"Avenida República de Colombia","type":"segregada","km":0.304,"osm_ways":3},"geometry":{"type":"LineString","coordinates":[[-77.028919,-12.098351],[-77.02849,-12.098279],[-77.028069,-12.098209],[-77.028012,-12.098199],[-77.027856,-12.098173],[-77.027636,-12.098163],[-77.027369,-12.098189],[-77.027176,-12.098255],[-77.026764,-12.098444],[-77.026327,-12.098644],[-77.02625,-12.098679]]}},{"type":"Feature","properties":{"id":"republica_de_panama","name":"Avenida República de Panamá","type":"carril","km":0.853,"osm_ways":4},"geometry":{"type":"LineString","coordinates":[[-77.134118,-12.051989],[-77.134081,-12.052054],[-77.134056,-12.052105],[-77.134034,-12.052158],[-77.13396,-12.052467],[-77.133903,-12.052702],[-77.133824,-12.053071],[-77.133782,-12.053266],[-77.133699,-12.053653],[-77.133636,-12.053936],[-77.133573,-12.054219],[-77.133466,-12.054711],[-77.133428,-12.054889],[-77.133396,-12.055039],[-77.133385,-12.055089],[-77.133327,-12.055347],[-77.133286,-12.05555],[-77.133265,-12.055673],[-77.133218,-12.055883],[-77.133185,-12.056014],[-77.133124,-12.056324],[-77.133062,-12.056634],[-77.132962,-12.057083],[-77.132862,-12.057532],[-77.132762,-12.057981],[-77.132655,-12.058503],[-77.13264,-12.05858],[-77.132576,-12.058888],[-77.132482,-12.059317],[-77.132465,-12.059397],[-77.132453,-12.059474]]}},{"type":"Feature","properties":{"id":"republica_de_panama_2","name":"Avenida República de Panamá","type":"carril","km":0.399,"osm_ways":1},"geometry":{"type":"LineString","coordinates":[[-77.132341,-12.05946],[-77.132355,-12.05938],[-77.132448,-12.05897],[-77.132541,-12.058559],[-77.132557,-12.058482],[-77.132662,-12.057998],[-77.132767,-12.057513],[-77.132856,-12.057112],[-77.132946,-12.056711],[-77.132964,-12.056634],[-77.13302,-12.056359],[-77.133077,-12.056084],[-77.133105,-12.055947]]}},{"type":"Feature","properties":{"id":"republica_de_panama_3","name":"Avenida República de Panamá","type":"segregada","km":1.039,"osm_ways":8},"geometry":{"type":"LineString","coordinates":[[-77.018591,-12.101777],[-77.018624,-12.101712],[-77.018648,-12.101633],[-77.018682,-12.10147],[-77.01879,-12.101059],[-77.018899,-12.100648],[-77.018909,-12.10061],[-77.019064,-12.10017],[-77.01922,-12.099777],[-77.019377,-12.099385],[-77.019533,-12.098992],[-77.019689,-12.098599],[-77.019726,-12.098501],[-77.019745,-12.098454],[-77.01991,-12.098049],[-77.020076,-12.097644],[-77.020087,-12.097625],[-77.020118,-12.09753],[-77.020185,-12.097365],[-77.020225,-12.097274],[-77.02037,-12.096898],[-77.020515,-12.096521],[-77.020718,-12.096041],[-77.020921,-12.095561],[-77.021039,-12.095281],[-77.021082,-12.095178],[-77.021101,-12.095136],[-77.021294,-12.09466],[-77.021329,-12.094572],[-77.021352,-12.094514],[-77.021515,-12.094112],[-77.021589,-12.093929],[-77.021753,-12.093523],[-77.021918,-12.093116],[-77.021952,-12.09304]]}},{"type":"Feature","properties":{"id":"san_martin","name":"Avenida San Martín","type":"segregada","km":0.352,"osm_ways":1},"geometry":{"type":"LineString","coordinates":[[-77.024325,-12.136354],[-77.024379,-12.136418],[-77.024422,-12.136489],[-77.024453,-12.136565],[-77.024466,-12.136614],[-77.024474,-12.136663],[-77.024467,-12.136724],[-77.024454,-12.136806],[-77.024351,-12.137169],[-77.024216,-12.137647],[-77.024079,-12.138101],[-77.023958,-12.138503],[-77.023838,-12.138904],[-77.023717,-12.139306],[-77.023693,-12.139371]]}},{"type":"Feature","properties":{"id":"santiago_antunez_de_mayolo","name":"Avenida Santiago Antúnez de Mayolo","type":"carril","km":1.662,"osm_ways":6},"geometry":{"type":"LineString","coordinates":[[-77.071723,-11.991395],[-77.071711,-11.991468],[-77.07165,-11.991884],[-77.07159,-11.992299],[-77.07157,-11.992539],[-77.071569,-11.992786],[-77.071592,-11.992987],[-77.071645,-11.993196],[-77.071729,-11.993419],[-77.071821,-11.993569],[-77.071909,-11.993696],[-77.072031,-11.993855],[-77.072098,-11.993921],[-77.072147,-11.993968],[-77.072223,-11.994024],[-77.072353,-11.994121],[-77.072532,-11.994222],[-77.07271,-11.994297],[-77.072801,-11.994326],[-77.0729,-11.994352],[-77.073016,-11.994378],[-77.073123,-11.994398],[-77.073283,-11.994421],[-77.073818,-11.994497],[-77.074209,-11.994556],[-77.074297,-11.994569],[-77.074625,-11.994613],[-77.074713,-11.994624],[-77.075068,-11.994676],[-77.07549,-11.994738],[-77.075913,-11.9948],[-77.076335,-11.994862],[-77.076562,-11.994895],[-77.076887,-11.994943],[-77.07696,-11.994954],[-77.077019,-11.994962],[-77.077512,-11.995034],[-77.077723,-11.995067],[-77.077838,-11.995085],[-77.078377,-11.995161],[-77.078915,-11.995238],[-77.078956,-11.995244],[-77.079466,-11.995317],[-77.079976,-11.995389],[-77.080019,-11.995396],[-77.080369,-11.995447],[-77.080718,-11.995499],[-77.080811,-11.995511],[-77.080888,-11.995522],[-77.08137,-11.995589],[-77.081853,-11.995656],[-77.082334,-11.995726],[-77.082763,-11.995792],[-77.083192,-11.995858],[-77.083338,-11.995877],[-77.08342,-11.995887],[-77.083554,-11.995907],[-77.083647,-11.99592],[-77.083889,-11.995956],[-77.084306,-11.99601],[-77.084336,-11.996015],[-77.084387,-11.996021]]}},{"type":"Feature","properties":{"id":"santiago_antunez_de_mayolo_2","name":"Avenida Santiago Antúnez de Mayolo","type":"carril","km":1.035,"osm_ways":4},"geometry":{"type":"LineString","coordinates":[[-77.084428,-11.996189],[-77.084388,-11.996183],[-77.083943,-11.99614],[-77.083866,-11.996134],[-77.083535,-11.99606],[-77.083402,-11.996044],[-77.08332,-11.996032],[-77.082903,-11.995972],[-77.082486,-11.995912],[-77.082068,-11.995852],[-77.081667,-11.995793],[-77.081265,-11.995733],[-77.080864,-11.995673],[-77.080788,-11.995662],[-77.080697,-11.995649],[-77.080346,-11.995597],[-77.079994,-11.995546],[-77.079628,-11.995493],[-77.079261,-11.995439],[-77.078895,-11.995386],[-77.078355,-11.995308],[-77.077815,-11.995229],[-77.077699,-11.995212],[-77.077492,-11.99518],[-77.077423,-11.99517],[-77.076996,-11.99512],[-77.076928,-11.995112],[-77.076859,-11.995102],[-77.076584,-11.995063],[-77.076309,-11.995024],[-77.076241,-11.995013],[-77.075731,-11.994931],[-77.07522,-11.99485],[-77.075045,-11.994822],[-77.075019,-11.994818]]}},{"type":"Feature","properties":{"id":"separadora_industrial","name":"Avenida Separadora Industrial","type":"segregada","km":1.549,"osm_ways":2},"geometry":{"type":"LineString","coordinates":[[-76.974978,-12.068906],[-76.975348,-12.069054],[-76.975717,-12.069202],[-76.976108,-12.069359],[-76.9765,-12.069516],[-76.976891,-12.069673],[-76.977273,-12.069826],[-76.977656,-12.069978],[-76.978038,-12.070131],[-76.978404,-12.070284],[-76.97877,-12.070437],[-76.979167,-12.070602],[-76.979563,-12.070767],[-76.97996,-12.070933],[-76.980236,-12.071041],[-76.980369,-12.071092],[-76.980682,-12.071215],[-76.980996,-12.071337],[-76.98119,-12.071413],[-76.981251,-12.071437],[-76.981392,-12.071467],[-76.981592,-12.071508],[-76.981831,-12.071554],[-76.98232,-12.071599],[-76.98261,-12.071602],[-76.982856,-12.071607],[-76.983037,-12.071605],[-76.983199,-12.071604],[-76.983595,-12.071605],[-76.984146,-12.0716],[-76.984523,-12.071585],[-76.9847,-12.071584],[-76.985224,-12.071576],[-76.985749,-12.071567],[-76.986199,-12.071552],[-76.98648,-12.071556],[-76.986762,-12.071559],[-76.987273,-12.071646],[-76.987651,-12.071739],[-76.988053,-12.071877],[-76.988456,-12.072015],[-76.988614,-12.072072]]}},{"type":"Feature","properties":{"id":"separadora_industrial_2","name":"Avenida Separadora Industrial","type":"segregada","km":1.452,"osm_ways":2},"geometry":{"type":"LineString","coordinates":[[-76.988379,-12.072602],[-76.98831,-12.072574],[-76.988097,-12.072477],[-76.987919,-12.0724],[-76.987616,-12.072309],[-76.987324,-12.072226],[-76.987024,-12.072158],[-76.986749,-12.072133],[-76.986312,-12.072124],[-76.985875,-12.072116],[-76.985377,-12.072124],[-76.98524,-12.072124],[-76.984943,-12.072124],[-76.984643,-12.072127],[-76.98416,-12.072137],[-76.983678,-12.072147],[-76.983195,-12.072157],[-76.982702,-12.072153],[-76.982209,-12.07215],[-76.981698,-12.072118],[-76.981657,-12.072121],[-76.981507,-12.072076],[-76.981476,-12.072068],[-76.981434,-12.072055],[-76.981302,-12.072014],[-76.981163,-12.071959],[-76.981069,-12.071923],[-76.980681,-12.071774],[-76.980631,-12.071754],[-76.980224,-12.07159],[-76.98019,-12.071579],[-76.980045,-12.071525],[-76.980032,-12.07152],[-76.97953,-12.071326],[-76.979028,-12.071131],[-76.978527,-12.070937],[-76.978033,-12.070738],[-76.97754,-12.070539],[-76.977046,-12.070341],[-76.97658,-12.070146],[-76.976114,-12.069951],[-76.975649,-12.069756],[-76.975581,-12.069726]]}},{"type":"Feature","properties":{"id":"saenz_pena","name":"Avenida Sáenz Peña","type":"segregada","km":2.067,"osm_ways":6},"geometry":{"type":"LineString","coordinates":[[-77.128177,-12.059022],[-77.128255,-12.05903],[-77.128423,-12.059049],[-77.128516,-12.059058],[-77.128913,-12.0591],[-77.129204,-12.05913],[-77.129495,-12.059161],[-77.12959,-12.059171],[-77.129654,-12.059178],[-77.129961,-12.05921],[-77.130311,-12.059247],[-77.130759,-12.059294],[-77.131038,-12.059323],[-77.131363,-12.059358],[-77.131675,-12.05939],[-77.131986,-12.059423],[-77.132137,-12.059439],[-77.132209,-12.059446],[-77.132341,-12.05946],[-77.132453,-12.059474],[-77.132535,-12.059485],[-77.132644,-12.059499],[-77.132894,-12.059526],[-77.133281,-12.059573],[-77.133503,-12.059602],[-77.133832,-12.05964],[-77.134161,-12.059679],[-77.134265,-12.059693],[-77.134327,-12.0597],[-77.134414,-12.059712],[-77.134443,-12.059715],[-77.134594,-12.059733],[-77.135012,-12.059795],[-77.135429,-12.059858],[-77.135494,-12.059866],[-77.135598,-12.059879],[-77.135673,-12.059889],[-77.135723,-12.059896],[-77.136092,-12.059943],[-77.136253,-12.059964],[-77.136343,-12.059976],[-77.136409,-12.059984],[-77.136483,-12.059993],[-77.136582,-12.060006],[-77.13684,-12.06004],[-77.136928,-12.060051],[-77.137,-12.06006],[-77.137081,-12.060073],[-77.137151,-12.060083],[-77.137587,-12.06015],[-77.137708,-12.060169],[-77.137879,-12.060195],[-77.138249,-12.060252],[-77.138323,-12.060263],[-77.138399,-12.060275],[-77.138506,-12.060291],[-77.138569,-12.060301],[-77.138714,-12.060323],[-77.1391,-12.060382],[-77.13945,-12.060436],[-77.139548,-12.060451],[-77.139618,-12.060462],[-77.13969,-12.060473],[-77.139758,-12.060484],[-77.139844,-12.060497],[-77.139866,-12.0605],[-77.140397,-12.060582],[-77.140416,-12.060584],[-77.140681,-12.060631],[-77.141077,-12.060696],[-77.141191,-12.060713],[-77.141291,-12.060729],[-77.141366,-12.06074],[-77.141458,-12.060754],[-77.141587,-12.060774],[-77.141714,-12.060794],[-77.142167,-12.060864],[-77.142621,-12.060934],[-77.14285,-12.060965],[-77.142944,-12.060977],[-77.143075,-12.060995],[-77.143146,-12.061006],[-77.143293,-12.061028],[-77.1434,-12.061044],[-77.143475,-12.061056],[-77.143625,-12.061079],[-77.144016,-12.061137],[-77.144301,-12.061181],[-77.144441,-12.061202],[-77.144557,-12.061219],[-77.145085,-12.061299],[-77.145362,-12.061341],[-77.145639,-12.061383],[-77.145698,-12.061392],[-77.14576,-12.061401],[-77.146144,-12.061459],[-77.146528,-12.061517],[-77.146912,-12.061575],[-77.147002,-12.061589]]}},{"type":"Feature","properties":{"id":"vasco_nunez_de_balboa","name":"Avenida Vasco Núñez de Balboa","type":"carril","km":0.574,"osm_ways":3},"geometry":{"type":"LineString","coordinates":[[-77.027635,-12.133169],[-77.027593,-12.133126],[-77.027329,-12.132852],[-77.027064,-12.132578],[-77.026799,-12.132304],[-77.026762,-12.132266],[-77.026562,-12.132064],[-77.026321,-12.131812],[-77.02608,-12.131559],[-77.02598,-12.131456],[-77.025869,-12.131343],[-77.025525,-12.130994],[-77.02518,-12.130645],[-77.024823,-12.130283],[-77.024628,-12.130085],[-77.024454,-12.129909],[-77.024288,-12.129741],[-77.024044,-12.129493],[-77.024022,-12.129471],[-77.023988,-12.129437]]}},{"type":"Feature","properties":{"id":"velasco_astete_oeste","name":"Avenida Velasco Astete Oeste","type":"carril","km":0.568,"osm_ways":3},"geometry":{"type":"LineString","coordinates":[[-76.985455,-12.096515],[-76.985452,-12.096477],[-76.985449,-12.096439],[-76.98545,-12.0964],[-76.985455,-12.096362],[-76.985465,-12.096322],[-76.985468,-12.096283],[-76.98547,-12.09625],[-76.985481,-12.096088],[-76.985503,-12.095781],[-76.985525,-12.095473],[-76.98556,-12.094956],[-76.985596,-12.09444],[-76.985631,-12.093938],[-76.985666,-12.093437],[-76.9857,-12.092936],[-76.985705,-12.092873],[-76.985726,-12.092592],[-76.985748,-12.092311],[-76.985768,-12.092026],[-76.985788,-12.09174],[-76.985793,-12.091679],[-76.985815,-12.091422]]}},{"type":"Feature","properties":{"id":"velasco_astete_oeste_2","name":"Avenida Velasco Astete Oeste","type":"carril","km":0.556,"osm_ways":2},"geometry":{"type":"LineString","coordinates":[[-76.986021,-12.091544],[-76.985972,-12.091654],[-76.98595,-12.091713],[-76.985943,-12.091746],[-76.985938,-12.091778],[-76.985912,-12.092146],[-76.985885,-12.092515],[-76.985859,-12.092883],[-76.985855,-12.092943],[-76.985846,-12.093108],[-76.985814,-12.093554],[-76.985782,-12.094001],[-76.985751,-12.094447],[-76.985714,-12.094965],[-76.985677,-12.095482],[-76.985657,-12.095755],[-76.985638,-12.096027],[-76.985623,-12.096234],[-76.985621,-12.096258],[-76.985617,-12.096328],[-76.985621,-12.096366],[-76.985622,-12.096405],[-76.985618,-12.096444],[-76.985609,-12.096481],[-76.985603,-12.096518]]}},{"type":"Feature","properties":{"id":"de_la_marina","name":"Avenida de La Marina","type":"segregada","km":0.238,"osm_ways":3},"geometry":{"type":"LineString","coordinates":[[-77.064459,-12.084627],[-77.064472,-12.084567],[-77.064484,-12.084512],[-77.064523,-12.08442],[-77.06453,-12.084408],[-77.064581,-12.084317],[-77.064654,-12.084208],[-77.064701,-12.084147],[-77.064748,-12.084087],[-77.064844,-12.084001],[-77.064954,-12.083909],[-77.065063,-12.083834],[-77.065213,-12.083749],[-77.065423,-12.08365],[-77.065579,-12.083578],[-77.066054,-12.083402],[-77.066112,-12.083376]]}},{"type":"Feature","properties":{"id":"de_la_marina_2","name":"Avenida de La Marina","type":"segregada","km":0.344,"osm_ways":3},"geometry":{"type":"LineString","coordinates":[[-77.067331,-12.08296],[-77.067515,-12.082894],[-77.067628,-12.082853],[-77.068082,-12.082687],[-77.068486,-12.082539],[-77.068577,-12.082506],[-77.068773,-12.082434],[-77.069172,-12.082288],[-77.069571,-12.082141],[-77.069718,-12.082088],[-77.069807,-12.082055],[-77.070001,-12.081984],[-77.070123,-12.081939],[-77.070217,-12.081904],[-77.070292,-12.081876]]}},{"type":"Feature","properties":{"id":"de_la_marina_3","name":"Avenida de La Marina","type":"segregada","km":0.096,"osm_ways":3},"geometry":{"type":"LineString","coordinates":[[-77.066323,-12.083307],[-77.066405,-12.083278],[-77.066905,-12.083108],[-77.067,-12.083076],[-77.067097,-12.08304],[-77.067128,-12.083028],[-77.067156,-12.083018]]}},{"type":"Feature","properties":{"id":"de_la_peruanidad","name":"Avenida de la Peruanidad","type":"carril","km":0.132,"osm_ways":1},"geometry":{"type":"LineString","coordinates":[[-77.043018,-12.067552],[-77.043248,-12.067722],[-77.043477,-12.067891],[-77.043732,-12.068077],[-77.043986,-12.068264]]}},{"type":"Feature","properties":{"id":"de_la_poesia","name":"Avenida de la Poesía","type":"carril","km":0.419,"osm_ways":1},"geometry":{"type":"LineString","coordinates":[[-77.00608,-12.08444],[-77.00607,-12.084513],[-77.00601,-12.084928],[-77.005951,-12.085342],[-77.005891,-12.085756],[-77.005844,-12.086081],[-77.005779,-12.086534],[-77.005714,-12.086986],[-77.005702,-12.087072],[-77.005691,-12.087149],[-77.005689,-12.087161],[-77.005645,-12.087467],[-77.005636,-12.087531],[-77.005595,-12.087816],[-77.005554,-12.088102],[-77.005544,-12.088169]]}},{"type":"Feature","properties":{"id":"de_la_poesia_2","name":"Avenida de la Poesía","type":"carril","km":0.417,"osm_ways":1},"geometry":{"type":"LineString","coordinates":[[-77.005438,-12.088143],[-77.005448,-12.088076],[-77.005523,-12.087555],[-77.005528,-12.087521],[-77.005546,-12.087396],[-77.005573,-12.087206],[-77.005582,-12.087147],[-77.005583,-12.087136],[-77.005595,-12.087057],[-77.005607,-12.086973],[-77.005639,-12.086752],[-77.005713,-12.086235],[-77.005726,-12.086145],[-77.005769,-12.085844],[-77.005784,-12.08574],[-77.005799,-12.085639],[-77.005839,-12.085357],[-77.00588,-12.085075],[-77.005921,-12.084788],[-77.005963,-12.0845],[-77.005974,-12.084425]]}},{"type":"Feature","properties":{"id":"del_parque_norte","name":"Avenida del Parque Norte","type":"carril","km":0.238,"osm_ways":2},"geometry":{"type":"LineString","coordinates":[[-77.009,-12.095426],[-77.008958,-12.095391],[-77.008946,-12.095382],[-77.0089,-12.09533],[-77.008863,-12.095272],[-77.008837,-12.095209],[-77.008821,-12.095142],[-77.008818,-12.095103],[-77.008816,-12.095073],[-77.008819,-12.095048],[-77.008823,-12.095005],[-77.008841,-12.094939],[-77.008869,-12.094876],[-77.008908,-12.094819],[-77.008957,-12.094767],[-77.009015,-12.094724],[-77.009079,-12.094691],[-77.009141,-12.094661],[-77.009277,-12.094593],[-77.009353,-12.094547],[-77.00939,-12.0945],[-77.009425,-12.09441],[-77.009556,-12.093947],[-77.009625,-12.093781],[-77.009666,-12.093662]]}},{"type":"Feature","properties":{"id":"del_parque_norte_2","name":"Avenida del Parque Norte","type":"carril","km":0.514,"osm_ways":4},"geometry":{"type":"LineString","coordinates":[[-77.013704,-12.091952],[-77.013651,-12.091943],[-77.013524,-12.09192],[-77.013361,-12.091892],[-77.013252,-12.09188],[-77.013125,-12.091875],[-77.013019,-12.091877],[-77.012989,-12.091883],[-77.012892,-12.091902],[-77.012837,-12.091914],[-77.012596,-12.091964],[-77.012301,-12.092067],[-77.012014,-12.092177],[-77.011722,-12.092328],[-77.011323,-12.092595],[-77.0113,-12.092616],[-77.010941,-12.092948],[-77.010577,-12.093313],[-77.010502,-12.093411],[-77.01022,-12.09378],[-77.010137,-12.093931],[-77.010113,-12.093976],[-77.010058,-12.094076],[-77.009979,-12.094235]]}},{"type":"Feature","properties":{"id":"del_parque_norte_3","name":"Avenida del Parque Norte","type":"carril","km":0.618,"osm_ways":4},"geometry":{"type":"LineString","coordinates":[[-77.009766,-12.093475],[-77.009836,-12.093379],[-77.00986,-12.093346],[-77.009924,-12.093254],[-77.010135,-12.092952],[-77.010278,-12.092795],[-77.010663,-12.092434],[-77.010809,-12.092318],[-77.01091,-12.092257],[-77.011247,-12.092047],[-77.011548,-12.09193],[-77.011849,-12.091812],[-77.012337,-12.09172],[-77.012634,-12.091684],[-77.012888,-12.091665],[-77.01295,-12.09166],[-77.013251,-12.091697],[-77.013553,-12.091734],[-77.013593,-12.091736],[-77.01369,-12.091748],[-77.013747,-12.091758],[-77.01392,-12.091787],[-77.013997,-12.091798],[-77.014085,-12.091811],[-77.014592,-12.091882],[-77.014753,-12.091904]]}},{"type":"Feature","properties":{"id":"del_rio","name":"Avenida del Río","type":"carril","km":0.301,"osm_ways":3},"geometry":{"type":"LineString","coordinates":[[-77.05577,-12.073666],[-77.055749,-12.073785],[-77.055786,-12.073981],[-77.055826,-12.074191],[-77.055926,-12.074688],[-77.055958,-12.074842],[-77.055995,-12.074986],[-77.056087,-12.075367],[-77.056179,-12.075747],[-77.05631,-12.07624],[-77.056312,-12.076311]]}},{"type":"Feature","properties":{"id":"oscar_raimundo_benavides","name":"Avenida Óscar Raimundo Benavides","type":"carril","km":1.678,"osm_ways":6},"geometry":{"type":"LineString","coordinates":[[-77.080882,-12.050355],[-77.081224,-12.050413],[-77.081565,-12.050472],[-77.081781,-12.050508],[-77.081899,-12.050528],[-77.082265,-12.050593],[-77.082566,-12.050643],[-77.082868,-12.050693],[-77.082999,-12.050716],[-77.083512,-12.050803],[-77.084025,-12.050891],[-77.084447,-12.050963],[-77.0845,-12.050972],[-77.084789,-12.051022],[-77.085079,-12.051072],[-77.085156,-12.051086],[-77.085552,-12.051157],[-77.085947,-12.051228],[-77.086074,-12.051251],[-77.086305,-12.05129],[-77.086394,-12.051305],[-77.086512,-12.051326],[-77.086623,-12.051345],[-77.086994,-12.05141],[-77.087282,-12.051459],[-77.08757,-12.051509],[-77.088022,-12.051588],[-77.088474,-12.051666],[-77.088994,-12.051757],[-77.089515,-12.051847],[-77.0899,-12.051914],[-77.090286,-12.051981],[-77.090574,-12.052031],[-77.091031,-12.052111],[-77.091488,-12.052191],[-77.09178,-12.052241],[-77.092071,-12.052291],[-77.092109,-12.052298],[-77.092443,-12.052356],[-77.092777,-12.052414],[-77.092844,-12.052425],[-77.092955,-12.052445],[-77.093059,-12.052463],[-77.09353,-12.052548],[-77.094,-12.052633],[-77.094508,-12.052723],[-77.09503,-12.052818],[-77.095345,-12.052876],[-77.09566,-12.052933],[-77.09575,-12.052949],[-77.095852,-12.052967],[-77.09607,-12.053005]]}},{"type":"Feature","properties":{"id":"oscar_raimundo_benavides_2","name":"Avenida Óscar Raimundo Benavides","type":"carril","km":0.284,"osm_ways":2},"geometry":{"type":"LineString","coordinates":[[-77.080803,-12.050609],[-77.080568,-12.0506],[-77.080285,-12.050565],[-77.079876,-12.050496],[-77.079466,-12.050426],[-77.079057,-12.050357],[-77.078647,-12.050287],[-77.078593,-12.050296],[-77.078556,-12.050304],[-77.078522,-12.050312],[-77.078487,-12.050323],[-77.078454,-12.050337],[-77.078417,-12.050357],[-77.078397,-12.05037],[-77.078376,-12.050388],[-77.078352,-12.050409],[-77.078324,-12.050437],[-77.07828,-12.050485]]}},{"type":"Feature","properties":{"id":"oscar_raimundo_benavides_3","name":"Avenida Óscar Raimundo Benavides","type":"carril","km":0.179,"osm_ways":1},"geometry":{"type":"LineString","coordinates":[[-77.078724,-12.049985],[-77.078907,-12.050016],[-77.079022,-12.050035],[-77.079064,-12.050042],[-77.079363,-12.050092],[-77.079709,-12.050151],[-77.080055,-12.05021],[-77.080185,-12.050234],[-77.080325,-12.05026],[-77.080347,-12.050263]]}},{"type":"Feature","properties":{"id":"oscar_raimundo_benavides_4","name":"Avenida Óscar Raimundo Benavides","type":"segregada","km":0.881,"osm_ways":9},"geometry":{"type":"LineString","coordinates":[[-77.101301,-12.054222],[-77.100835,-12.054137],[-77.100771,-12.054124],[-77.100455,-12.05406],[-77.10014,-12.053997],[-77.10013,-12.053995],[-77.100038,-12.053978],[-77.099755,-12.053925],[-77.099471,-12.053872],[-77.099418,-12.053874],[-77.099309,-12.053893],[-77.099141,-12.053975],[-77.098979,-12.054051],[-77.098688,-12.05419],[-77.098397,-12.054329],[-77.098229,-12.054414],[-77.098183,-12.054414],[-77.098137,-12.054391],[-77.098094,-12.054358],[-77.098087,-12.054305],[-77.098139,-12.054229],[-77.098215,-12.054142],[-77.098295,-12.054065],[-77.098456,-12.053911],[-77.098483,-12.05386],[-77.09847,-12.053804],[-77.098448,-12.053766],[-77.098385,-12.053736],[-77.098043,-12.053688],[-77.097701,-12.05364],[-77.097648,-12.053664],[-77.097612,-12.053697],[-77.097578,-12.05378],[-77.097579,-12.053798],[-77.097617,-12.053984],[-77.097641,-12.0541],[-77.097654,-12.054161],[-77.097658,-12.054195],[-77.097652,-12.054236],[-77.097632,-12.054253],[-77.097598,-12.054262],[-77.097557,-12.054253],[-77.09734,-12.054056],[-77.097123,-12.053858],[-77.097061,-12.0538],[-77.097037,-12.053768],[-77.09702,-12.053728],[-77.096981,-12.053526],[-77.09696,-12.053495],[-77.096928,-12.053479],[-77.096548,-12.053391],[-77.096124,-12.053314],[-77.095797,-12.053256],[-77.095695,-12.053238],[-77.095621,-12.053159]]}},{"type":"Feature","properties":{"id":"oscar_raimundo_benavides_5","name":"Avenida Óscar Raimundo Benavides","type":"segregada","km":2.437,"osm_ways":24},"geometry":{"type":"LineString","coordinates":[[-77.105767,-12.055002],[-77.10595,-12.055041],[-77.106198,-12.055093],[-77.106627,-12.055185],[-77.107056,-12.055276],[-77.107485,-12.055367],[-77.107667,-12.055405],[-77.107787,-12.055431],[-77.108223,-12.055522],[-77.10866,-12.055613],[-77.109096,-12.055704],[-77.109328,-12.055753],[-77.109424,-12.055773],[-77.10982,-12.055855],[-77.110217,-12.055937],[-77.110613,-12.05602],[-77.110786,-12.056055],[-77.111229,-12.056145],[-77.111672,-12.056234],[-77.112116,-12.056323],[-77.112559,-12.056412],[-77.112911,-12.056484],[-77.113088,-12.056521],[-77.113487,-12.0566],[-77.113803,-12.056664],[-77.114119,-12.056728],[-77.114177,-12.05674],[-77.11443,-12.056797],[-77.114643,-12.056844],[-77.114724,-12.056862],[-77.114867,-12.056891],[-77.114882,-12.056893],[-77.115408,-12.057004],[-77.115933,-12.057114],[-77.116458,-12.057224],[-77.116759,-12.057287],[-77.117154,-12.057375],[-77.117549,-12.057462],[-77.117586,-12.057472],[-77.117693,-12.057496],[-77.117781,-12.057513],[-77.118252,-12.057615],[-77.118723,-12.057717],[-77.119194,-12.057818],[-77.119667,-12.057915],[-77.12014,-12.058012],[-77.120314,-12.058048],[-77.120426,-12.058067],[-77.120528,-12.058083],[-77.120829,-12.058121],[-77.121129,-12.058159],[-77.121456,-12.058201],[-77.12156,-12.05821],[-77.121673,-12.058223],[-77.121769,-12.058234],[-77.122161,-12.058278],[-77.122224,-12.058285],[-77.1227,-12.058342],[-77.122951,-12.058369],[-77.12323,-12.0584],[-77.123509,-12.058431],[-77.123549,-12.058436],[-77.123923,-12.058478],[-77.123988,-12.058486],[-77.124179,-12.058545],[-77.124509,-12.058583],[-77.12484,-12.058622],[-77.125229,-12.05867],[-77.125292,-12.058677],[-77.125667,-12.058721],[-77.12615,-12.058776],[-77.126634,-12.058831],[-77.127117,-12.058886],[-77.127601,-12.058941],[-77.127656,-12.058948],[-77.12779,-12.058967]]}},{"type":"Feature","properties":{"id":"oscar_raimundo_benavides_6","name":"Avenida Óscar Raimundo Benavides","type":"segregada","km":2.468,"osm_ways":25},"geometry":{"type":"LineString","coordinates":[[-77.128053,-12.059095],[-77.127776,-12.059066],[-77.127659,-12.059053],[-77.127528,-12.059039],[-77.127354,-12.059029],[-77.127178,-12.059002],[-77.126825,-12.058965],[-77.126447,-12.058919],[-77.12607,-12.058873],[-77.125826,-12.058844],[-77.125279,-12.058777],[-77.124787,-12.058716],[-77.124378,-12.058666],[-77.124172,-12.058641],[-77.123727,-12.05859],[-77.123494,-12.058562],[-77.123209,-12.058528],[-77.122925,-12.058495],[-77.122621,-12.058458],[-77.12234,-12.058423],[-77.122059,-12.058389],[-77.121752,-12.058351],[-77.12159,-12.05833],[-77.121533,-12.058323],[-77.121414,-12.058306],[-77.121154,-12.058277],[-77.120861,-12.058243],[-77.120568,-12.05821],[-77.120237,-12.058155],[-77.119905,-12.058081],[-77.119404,-12.057974],[-77.118902,-12.057866],[-77.118401,-12.057758],[-77.117899,-12.05765],[-77.117785,-12.057625],[-77.117691,-12.057605],[-77.117587,-12.057584],[-77.117197,-12.057507],[-77.116807,-12.057429],[-77.11637,-12.057342],[-77.115933,-12.057256],[-77.115441,-12.057158],[-77.115153,-12.057101],[-77.114865,-12.057045],[-77.114851,-12.057043],[-77.114707,-12.057012],[-77.114619,-12.056996],[-77.114407,-12.056949],[-77.114261,-12.056916],[-77.114135,-12.056889],[-77.113797,-12.056816],[-77.113459,-12.056743],[-77.113059,-12.056654],[-77.112899,-12.056625],[-77.112414,-12.05652],[-77.11193,-12.056415],[-77.111841,-12.056397],[-77.111479,-12.056319],[-77.111117,-12.056242],[-77.110755,-12.056165],[-77.110382,-12.056081],[-77.110009,-12.055998],[-77.109636,-12.055915],[-77.109394,-12.055861],[-77.109283,-12.055838],[-77.109077,-12.055796],[-77.108896,-12.055759],[-77.108358,-12.055649],[-77.107917,-12.055552],[-77.107771,-12.05552],[-77.107651,-12.055494],[-77.107467,-12.055455],[-77.107126,-12.055383],[-77.106962,-12.055348],[-77.106571,-12.055266],[-77.106181,-12.055184],[-77.106115,-12.055169],[-77.106005,-12.055146],[-77.105967,-12.055138],[-77.105802,-12.055103],[-77.105755,-12.055093]]}},{"type":"Feature","properties":{"id":"oscar_raimundo_benavides_7","name":"Avenida Óscar Raimundo Benavides","type":"segregada","km":0.394,"osm_ways":4},"geometry":{"type":"LineString","coordinates":[[-77.096474,-12.053315],[-77.096333,-12.053294],[-77.096166,-12.053261],[-77.096137,-12.053255],[-77.096014,-12.053233],[-77.095809,-12.053194],[-77.095707,-12.053175],[-77.095621,-12.053159],[-77.095232,-12.05309],[-77.094843,-12.053021],[-77.094454,-12.052951],[-77.093932,-12.052861],[-77.093615,-12.052805],[-77.093138,-12.052731],[-77.093015,-12.052709],[-77.092911,-12.052691]]}},{"type":"Feature","properties":{"id":"oscar_raimundo_benavides_8","name":"Avenida Óscar Raimundo Benavides","type":"segregada","km":0.091,"osm_ways":1},"geometry":{"type":"LineString","coordinates":[[-77.127104,-12.059552],[-77.127212,-12.059473],[-77.127654,-12.059153],[-77.127776,-12.059066]]}},{"type":"Feature","properties":{"id":"oscar_raimundo_benavides_9","name":"Avenida Óscar Raimundo Benavides","type":"segregada","km":0.178,"osm_ways":1},"geometry":{"type":"LineString","coordinates":[[-77.114873,-12.056832],[-77.114999,-12.056856],[-77.115174,-12.056913],[-77.115316,-12.056957],[-77.115679,-12.057035],[-77.116043,-12.057114],[-77.116406,-12.057192],[-77.116458,-12.057224]]}},{"type":"Feature","properties":{"id":"oscar_raimundo_benavides_10","name":"Avenida Óscar Raimundo Benavides","type":"segregada","km":0.587,"osm_ways":5},"geometry":{"type":"LineString","coordinates":[[-77.096036,-12.053145],[-77.096156,-12.053168],[-77.096565,-12.053262],[-77.096924,-12.053328],[-77.097231,-12.05338],[-77.097538,-12.053433],[-77.097913,-12.053482],[-77.098289,-12.053531],[-77.098664,-12.053581],[-77.099159,-12.053673],[-77.099653,-12.053766],[-77.100148,-12.053858],[-77.100185,-12.053846],[-77.100205,-12.053846],[-77.100238,-12.053854],[-77.100504,-12.053905],[-77.100546,-12.053914],[-77.100998,-12.054001],[-77.101345,-12.054069]]}},{"type":"Feature","properties":{"id":"oscar_raimundo_benavides_11","name":"Avenida Óscar Raimundo Benavides","type":"segregada","km":1.044,"osm_ways":3},"geometry":{"type":"LineString","coordinates":[[-77.086259,-12.051592],[-77.08639,-12.051616],[-77.086915,-12.051721],[-77.087266,-12.051782],[-77.087619,-12.051845],[-77.08795,-12.051927],[-77.08847,-12.052018],[-77.088989,-12.052109],[-77.089318,-12.052166],[-77.089648,-12.052222],[-77.089743,-12.05224],[-77.089844,-12.05226],[-77.089924,-12.052276],[-77.090416,-12.05236],[-77.090907,-12.052444],[-77.090963,-12.052454],[-77.09105,-12.052467],[-77.091465,-12.052544],[-77.091881,-12.052621],[-77.092296,-12.052698],[-77.09278,-12.052784],[-77.092888,-12.052801],[-77.092992,-12.052817],[-77.093084,-12.052831],[-77.093147,-12.052841],[-77.093606,-12.052916],[-77.09391,-12.052966],[-77.094437,-12.053057],[-77.094925,-12.053144],[-77.095414,-12.05323],[-77.095598,-12.053264],[-77.095695,-12.053238]]}},{"type":"Feature","properties":{"id":"oscar_raimundo_benavides_12","name":"Avenida Óscar Raimundo Benavides","type":"segregada","km":0.679,"osm_ways":1},"geometry":{"type":"LineString","coordinates":[[-77.105743,-12.05518],[-77.106027,-12.05524],[-77.106172,-12.055265],[-77.106279,-12.055264],[-77.106639,-12.055339],[-77.106998,-12.055414],[-77.107115,-12.055437],[-77.107219,-12.055461],[-77.107404,-12.055557],[-77.107445,-12.055569],[-77.107625,-12.055606],[-77.10775,-12.055633],[-77.107901,-12.05566],[-77.107941,-12.055663],[-77.108082,-12.05566],[-77.108145,-12.055666],[-77.108203,-12.055675],[-77.108546,-12.055739],[-77.108888,-12.055803],[-77.109309,-12.055893],[-77.109731,-12.055982],[-77.110152,-12.056071],[-77.110677,-12.056182],[-77.111201,-12.056294],[-77.111542,-12.056366],[-77.111754,-12.056411],[-77.111841,-12.056397]]}},{"type":"Feature","properties":{"id":"oscar_raimundo_benavides_13","name":"Avenida Óscar Raimundo Benavides","type":"segregada","km":0.102,"osm_ways":2},"geometry":{"type":"LineString","coordinates":[[-77.101166,-12.054138],[-77.100972,-12.054107],[-77.100779,-12.054071],[-77.100475,-12.054014],[-77.100245,-12.053973]]}},{"type":"Feature","properties":{"id":"batallon_tarma","name":"Batallón Tarma","type":"carril","km":0.68,"osm_ways":2},"geometry":{"type":"LineString","coordinates":[[-76.980054,-12.117206],[-76.97998,-12.117274],[-76.979773,-12.11747],[-76.979566,-12.117666],[-76.979536,-12.117713],[-76.979525,-12.117776],[-76.979522,-12.117857],[-76.97951,-12.118269],[-76.979496,-12.118694],[-76.97949,-12.11888],[-76.97949,-12.11916],[-76.979473,-12.11956],[-76.979457,-12.11996],[-76.979444,-12.120282],[-76.979435,-12.120494],[-76.979425,-12.120795],[-76.979415,-12.121097],[-76.97941,-12.121304],[-76.979398,-12.121726],[-76.979388,-12.122106],[-76.979378,-12.122486],[-76.979368,-12.122867],[-76.979379,-12.122931],[-76.979402,-12.122994],[-76.979472,-12.123078]]}},{"type":"Feature","properties":{"id":"2_de_mayo","name":"Calle 2 de Mayo","type":"segregada","km":0.469,"osm_ways":2},"geometry":{"type":"LineString","coordinates":[[-77.033517,-12.117964],[-77.033242,-12.117963],[-77.032877,-12.117967],[-77.032512,-12.11797],[-77.032448,-12.117972],[-77.032362,-12.117974],[-77.032077,-12.11798],[-77.031947,-12.117982],[-77.031465,-12.117981],[-77.031386,-12.11798],[-77.031309,-12.117984],[-77.030863,-12.117991],[-77.030417,-12.117997],[-77.030385,-12.117998],[-77.030317,-12.117999],[-77.030248,-12.117997],[-77.030215,-12.117999],[-77.030088,-12.118003],[-77.029691,-12.117998],[-77.029294,-12.117994],[-77.029206,-12.117996]]}},{"type":"Feature","properties":{"id":"amador_merino_reyna","name":"Calle Amador Merino Reyna","type":"segregada","km":0.672,"osm_ways":5},"geometry":{"type":"LineString","coordinates":[[-77.024297,-12.092115],[-77.024399,-12.092127],[-77.024548,-12.092146],[-77.025095,-12.092216],[-77.025385,-12.092253],[-77.025676,-12.09229],[-77.025747,-12.092295],[-77.025822,-12.092307],[-77.026141,-12.092355],[-77.026456,-12.092403],[-77.026771,-12.092451],[-77.026863,-12.092465],[-77.026886,-12.092468],[-77.026975,-12.09248],[-77.02744,-12.092542],[-77.027906,-12.092603],[-77.028012,-12.092617],[-77.028086,-12.092628],[-77.028486,-12.092685],[-77.028886,-12.092742],[-77.029285,-12.092798],[-77.02941,-12.092816],[-77.02995,-12.092886],[-77.030369,-12.092941],[-77.030416,-12.092947]]}},{"type":"Feature","properties":{"id":"augusto_tamayo","name":"Calle Augusto Tamayo","type":"segregada","km":0.181,"osm_ways":3},"geometry":{"type":"LineString","coordinates":[[-77.027369,-12.098189],[-77.027231,-12.097906],[-77.027094,-12.097622],[-77.026949,-12.097286],[-77.026931,-12.097219],[-77.026931,-12.097161],[-77.02695,-12.096965],[-77.026953,-12.096934],[-77.026964,-12.096807],[-77.026979,-12.096655]]}},{"type":"Feature","properties":{"id":"batallon_tarma_2","name":"Calle Batallón Tarma","type":"carril","km":0.379,"osm_ways":1},"geometry":{"type":"LineString","coordinates":[[-76.979472,-12.123078],[-76.979734,-12.123359],[-76.979997,-12.12364],[-76.98026,-12.123921],[-76.980345,-12.124016],[-76.980548,-12.124235],[-76.980845,-12.124553],[-76.981106,-12.124828],[-76.981367,-12.125102],[-76.981598,-12.125344],[-76.981829,-12.125587]]}},{"type":"Feature","properties":{"id":"bolognesi","name":"Calle Bolognesi","type":"carril","km":0.305,"osm_ways":1},"geometry":{"type":"LineString","coordinates":[[-77.03587,-12.122907],[-77.035866,-12.122858],[-77.035867,-12.122565],[-77.035867,-12.122272],[-77.03586,-12.121742],[-77.035852,-12.121211],[-77.035851,-12.12092],[-77.035849,-12.12063],[-77.035848,-12.120406],[-77.035847,-12.12024],[-77.035847,-12.12016]]}},{"type":"Feature","properties":{"id":"bolognesi_2","name":"Calle Bolognesi","type":"carril","km":0.259,"osm_ways":1},"geometry":{"type":"LineString","coordinates":[[-77.035903,-12.126038],[-77.035903,-12.126012],[-77.0359,-12.125536],[-77.035897,-12.125059],[-77.035897,-12.12497],[-77.035895,-12.124673],[-77.035893,-12.124376],[-77.035891,-12.124061],[-77.035889,-12.123747],[-77.035889,-12.123712]]}},{"type":"Feature","properties":{"id":"bolognesi_3","name":"Calle Bolognesi","type":"segregada","km":0.135,"osm_ways":2},"geometry":{"type":"LineString","coordinates":[[-77.035337,-12.127896],[-77.035609,-12.12746],[-77.035881,-12.127023],[-77.035913,-12.126968],[-77.03593,-12.126931],[-77.035938,-12.126886],[-77.035938,-12.126843]]}},{"type":"Feature","properties":{"id":"chinchon","name":"Calle Chinchón","type":"carril","km":0.264,"osm_ways":4},"geometry":{"type":"LineString","coordinates":[[-77.032948,-12.095541],[-77.032863,-12.095536],[-77.032822,-12.095537],[-77.032789,-12.095538],[-77.032727,-12.095546],[-77.032619,-12.095564],[-77.03254,-12.095584],[-77.032486,-12.095599],[-77.032414,-12.095627],[-77.032348,-12.095658],[-77.032008,-12.095828],[-77.031638,-12.096108],[-77.031566,-12.096094],[-77.031164,-12.096052],[-77.030768,-12.095998],[-77.030689,-12.095987]]}},{"type":"Feature","properties":{"id":"coronel_andres_reyes","name":"Calle Coronel Andrés Reyes","type":"carril","km":0.125,"osm_ways":1},"geometry":{"type":"LineString","coordinates":[[-77.027793,-12.094178],[-77.027703,-12.094163],[-77.027371,-12.094106],[-77.027038,-12.09405],[-77.026779,-12.094005],[-77.026662,-12.093986]]}},{"type":"Feature","properties":{"id":"coronel_andres_reyes_2","name":"Calle Coronel Andrés Reyes","type":"segregada","km":0.27,"osm_ways":2},"geometry":{"type":"LineString","coordinates":[[-77.026662,-12.093986],[-77.02664,-12.093983],[-77.026573,-12.093973],[-77.026263,-12.093939],[-77.026219,-12.093931],[-77.025956,-12.093905],[-77.025798,-12.093909],[-77.025581,-12.093931],[-77.025546,-12.093942],[-77.025501,-12.093955],[-77.025415,-12.093998],[-77.025189,-12.094113],[-77.025085,-12.094164],[-77.025019,-12.094197],[-77.024704,-12.094349],[-77.02439,-12.0945],[-77.024324,-12.094532]]}},{"type":"Feature","properties":{"id":"elias_aguirre","name":"Calle Elías Aguirre","type":"segregada","km":0.498,"osm_ways":1},"geometry":{"type":"LineString","coordinates":[[-77.033558,-12.109509],[-77.033571,-12.109539],[-77.033581,-12.109556],[-77.033591,-12.109568],[-77.033601,-12.109575],[-77.033614,-12.109585],[-77.033628,-12.109592],[-77.033642,-12.1096],[-77.033677,-12.109616],[-77.033721,-12.109636],[-77.033766,-12.109658],[-77.033806,-12.109681],[-77.033842,-12.109705],[-77.033879,-12.109734],[-77.033909,-12.10976],[-77.033943,-12.109797],[-77.033965,-12.109826],[-77.034001,-12.109882],[-77.034029,-12.109936],[-77.034079,-12.110068],[-77.034167,-12.110338],[-77.034255,-12.110608],[-77.034363,-12.110912],[-77.03447,-12.111216],[-77.034605,-12.111602],[-77.034662,-12.111734],[-77.034743,-12.111861],[-77.034851,-12.111976],[-77.035094,-12.112179],[-77.03516,-12.112253],[-77.035228,-12.112361],[-77.035281,-12.112473],[-77.035298,-12.112536],[-77.035304,-12.112591],[-77.035294,-12.112673],[-77.035269,-12.11279],[-77.035212,-12.112909],[-77.035144,-12.113004],[-77.035066,-12.113092],[-77.034958,-12.113187],[-77.034847,-12.113261]]}},{"type":"Feature","properties":{"id":"elias_aguirre_2","name":"Calle Elías Aguirre","type":"segregada","km":0.247,"osm_ways":2},"geometry":{"type":"LineString","coordinates":[[-77.034566,-12.113256],[-77.034386,-12.113065],[-77.034303,-12.112956],[-77.034148,-12.112766],[-77.033913,-12.112533],[-77.033881,-12.112505],[-77.033747,-12.112407],[-77.033625,-12.112304],[-77.033498,-12.112175],[-77.03341,-12.112072],[-77.033349,-12.112004],[-77.033012,-12.111647]]}},{"type":"Feature","properties":{"id":"garcia_calderon","name":"Calle García Calderón","type":"segregada","km":0.123,"osm_ways":1},"geometry":{"type":"LineString","coordinates":[[-77.033558,-12.109509],[-77.033546,-12.109528],[-77.033535,-12.10954],[-77.033523,-12.109551],[-77.033509,-12.109559],[-77.033491,-12.109566],[-77.033475,-12.109569],[-77.033457,-12.109571],[-77.03343,-12.109573],[-77.033246,-12.109571],[-77.03288,-12.109562],[-77.032515,-12.109553],[-77.032456,-12.109551]]}},{"type":"Feature","properties":{"id":"incahuasi","name":"Calle Incahuasi","type":"carril","km":0.399,"osm_ways":2},"geometry":{"type":"LineString","coordinates":[[-77.096571,-12.069356],[-77.096535,-12.069083],[-77.096499,-12.06881],[-77.096449,-12.068384],[-77.096397,-12.067936],[-77.096342,-12.067464],[-77.096288,-12.066995],[-77.096232,-12.066522],[-77.096193,-12.066182],[-77.096153,-12.065843],[-77.09615,-12.065789]]}},{"type":"Feature","properties":{"id":"independencia","name":"Calle Independencia","type":"segregada","km":0.234,"osm_ways":1},"geometry":{"type":"LineString","coordinates":[[-77.032384,-12.111657],[-77.032386,-12.111142],[-77.032388,-12.110627],[-77.032415,-12.110138],[-77.032442,-12.109649],[-77.032456,-12.109551]]}},{"type":"Feature","properties":{"id":"la_apacheta","name":"Calle La Apacheta","type":"carril","km":0.203,"osm_ways":1},"geometry":{"type":"LineString","coordinates":[[-77.100275,-12.06433],[-77.10028,-12.064808],[-77.100286,-12.065243],[-77.100291,-12.065677],[-77.100295,-12.066157]]}},{"type":"Feature","properties":{"id":"los_libertadores","name":"Calle Los Libertadores","type":"segregada","km":0.899,"osm_ways":1},"geometry":{"type":"LineString","coordinates":[[-77.037152,-12.098949],[-77.037137,-12.099016],[-77.037125,-12.099068],[-77.037125,-12.099119],[-77.037136,-12.099179],[-77.037179,-12.099273],[-77.037195,-12.099358],[-77.037209,-12.09968],[-77.037216,-12.099779],[-77.037241,-12.099949],[-77.037309,-12.100445],[-77.037376,-12.100942],[-77.037422,-12.101301],[-77.037461,-12.10161],[-77.037501,-12.101919],[-77.03757,-12.102423],[-77.03764,-12.102928],[-77.037707,-12.103444],[-77.037774,-12.103961],[-77.037841,-12.104475],[-77.037907,-12.104988],[-77.037968,-12.105481],[-77.038029,-12.105974],[-77.03809,-12.106466],[-77.038151,-12.106959]]}},{"type":"Feature","properties":{"id":"manuel_a_fuentes","name":"Calle Manuel A. Fuentes","type":"segregada","km":0.248,"osm_ways":3},"geometry":{"type":"LineString","coordinates":[[-77.030578,-12.096804],[-77.030581,-12.096783],[-77.030631,-12.096414],[-77.030681,-12.096045],[-77.030689,-12.095987],[-77.030701,-12.095907],[-77.030753,-12.095569],[-77.030804,-12.09523],[-77.03084,-12.09496],[-77.030876,-12.094689],[-77.030888,-12.094598]]}},{"type":"Feature","properties":{"id":"manuel_estacio","name":"Calle Manuel Estacio","type":"carril","km":0.12,"osm_ways":1},"geometry":{"type":"LineString","coordinates":[[-77.08866,-12.085298],[-77.088328,-12.085455],[-77.087995,-12.085611],[-77.087662,-12.085768]]}},{"type":"Feature","properties":{"id":"maria_parado_de_bellido","name":"Calle María Parado de Bellido","type":"segregada","km":0.218,"osm_ways":1},"geometry":{"type":"LineString","coordinates":[[-77.030385,-12.110584],[-77.030467,-12.110592],[-77.030901,-12.110598],[-77.031336,-12.110603],[-77.031415,-12.110605],[-77.031901,-12.110616],[-77.032388,-12.110627]]}},{"type":"Feature","properties":{"id":"miguel_hidalgo","name":"Calle Miguel Hidalgo","type":"carril","km":0.322,"osm_ways":1},"geometry":{"type":"LineString","coordinates":[[-77.10028,-12.064808],[-77.099809,-12.064816],[-77.099331,-12.064812],[-77.098913,-12.064815],[-77.098731,-12.064817],[-77.098388,-12.064821],[-77.097907,-12.064827],[-77.09761,-12.064828],[-77.097389,-12.064827],[-77.097319,-12.064827]]}},{"type":"Feature","properties":{"id":"monitor_huascar","name":"Calle Monitor Huascar","type":"carril","km":0.266,"osm_ways":1},"geometry":{"type":"LineString","coordinates":[[-77.0055,-12.144678],[-77.005961,-12.144412],[-77.006422,-12.144145],[-77.006593,-12.144049],[-77.006943,-12.143847],[-77.00729,-12.143647],[-77.007477,-12.143539],[-77.007552,-12.143497],[-77.007612,-12.143463]]}},{"type":"Feature","properties":{"id":"olavide","name":"Calle Olavide","type":"segregada","km":0.13,"osm_ways":2},"geometry":{"type":"LineString","coordinates":[[-77.030416,-12.092947],[-77.030505,-12.093038],[-77.030554,-12.093072],[-77.030698,-12.09318],[-77.030761,-12.09319],[-77.031112,-12.093246],[-77.031463,-12.093302],[-77.031509,-12.093309]]}},{"type":"Feature","properties":{"id":"ollanta","name":"Calle Ollanta","type":"segregada","km":0.17,"osm_ways":2},"geometry":{"type":"LineString","coordinates":[[-77.033565,-12.093555],[-77.033546,-12.093424],[-77.033556,-12.093376],[-77.03367,-12.093173],[-77.033854,-12.09285],[-77.034038,-12.092527],[-77.03405,-12.09243],[-77.034064,-12.092303],[-77.034071,-12.092263],[-77.034186,-12.092251]]}},{"type":"Feature","properties":{"id":"ricardo_palma","name":"Calle Ricardo Palma","type":"carril","km":0.091,"osm_ways":1},"geometry":{"type":"LineString","coordinates":[[-77.033773,-12.095525],[-77.033439,-12.095583],[-77.033405,-12.095588],[-77.033365,-12.09559],[-77.033334,-12.09559],[-77.033294,-12.095588],[-77.033224,-12.095581],[-77.033027,-12.095553],[-77.032948,-12.095541]]}},{"type":"Feature","properties":{"id":"san_martin_2","name":"Calle San Martín","type":"carril","km":0.388,"osm_ways":1},"geometry":{"type":"LineString","coordinates":[[-77.032757,-12.124639],[-77.032309,-12.124828],[-77.032076,-12.124926],[-77.032023,-12.124945],[-77.031952,-12.124973],[-77.031478,-12.125158],[-77.031435,-12.125175],[-77.031366,-12.125203],[-77.030977,-12.12536],[-77.030588,-12.125517],[-77.030528,-12.125541],[-77.030035,-12.125746],[-77.029542,-12.125951],[-77.029498,-12.125969],[-77.029461,-12.125985]]}},{"type":"Feature","properties":{"id":"virrey_toledo","name":"Calle Virrey Toledo","type":"carril","km":0.085,"osm_ways":1},"geometry":{"type":"LineString","coordinates":[[-77.031509,-12.093309],[-77.031502,-12.093359],[-77.031454,-12.093715],[-77.031405,-12.09407]]}},{"type":"Feature","properties":{"id":"de_las_letras","name":"Calle de las Letras","type":"carril","km":0.223,"osm_ways":1},"geometry":{"type":"LineString","coordinates":[[-77.005702,-12.087072],[-77.005758,-12.08708],[-77.006059,-12.087121],[-77.006598,-12.087195],[-77.006648,-12.087202],[-77.006974,-12.087247],[-77.007301,-12.087292],[-77.007423,-12.087309],[-77.00769,-12.087343],[-77.007732,-12.087348]]}},{"type":"Feature","properties":{"id":"metropolitana","name":"Ciclovia Av Metropolitana","type":"segregada","km":1.865,"osm_ways":1},"geometry":{"type":"LineString","coordinates":[[-77.062733,-11.96109],[-77.062816,-11.960847],[-77.062872,-11.960525],[-77.062898,-11.960397],[-77.062979,-11.959987],[-77.06306,-11.959577],[-77.063142,-11.959166],[-77.063198,-11.958891],[-77.063255,-11.958615],[-77.06331,-11.958346],[-77.063365,-11.958077],[-77.063459,-11.957613],[-77.063552,-11.957149],[-77.063646,-11.956685],[-77.06371,-11.956402],[-77.063774,-11.95612],[-77.063856,-11.955862],[-77.063889,-11.955777],[-77.063939,-11.955645],[-77.064064,-11.955292],[-77.064189,-11.954938],[-77.064315,-11.95452],[-77.064404,-11.954094],[-77.064479,-11.953715],[-77.064554,-11.953337],[-77.064629,-11.952959],[-77.064734,-11.952461],[-77.064813,-11.952099],[-77.064893,-11.951737],[-77.064979,-11.951474],[-77.065065,-11.951211],[-77.0651,-11.951064],[-77.065183,-11.950672],[-77.065265,-11.95028],[-77.06535,-11.949866],[-77.065434,-11.949451],[-77.065518,-11.949037],[-77.065603,-11.948622],[-77.065684,-11.948221],[-77.065766,-11.94782],[-77.065827,-11.947519],[-77.065888,-11.947218],[-77.06596,-11.946864],[-77.066032,-11.946509],[-77.066107,-11.946126],[-77.066181,-11.945742],[-77.066361,-11.94557],[-77.066508,-11.94538],[-77.06657,-11.945109],[-77.066633,-11.944837]]}},{"type":"Feature","properties":{"id":"comandante_espinar","name":"Ciclovia Comandante Espinar","type":"segregada","km":0.824,"osm_ways":1},"geometry":{"type":"LineString","coordinates":[[-77.036978,-12.118976],[-77.036975,-12.118874],[-77.036971,-12.118536],[-77.036967,-12.118197],[-77.036964,-12.118011],[-77.036965,-12.117933],[-77.036967,-12.117839],[-77.036964,-12.117668],[-77.036946,-12.117621],[-77.036941,-12.117102],[-77.036933,-12.116886],[-77.036933,-12.11682],[-77.036936,-12.116606],[-77.036937,-12.116113],[-77.036935,-12.115853],[-77.036932,-12.115357],[-77.036916,-12.114833],[-77.036912,-12.114434],[-77.036907,-12.114036],[-77.036907,-12.114005],[-77.036904,-12.113792],[-77.0369,-12.113383],[-77.036893,-12.112937],[-77.036892,-12.112877],[-77.036884,-12.112676],[-77.036882,-12.112321],[-77.03688,-12.111967],[-77.036876,-12.111573]]}},{"type":"Feature","properties":{"id":"huandoy","name":"Ciclovia Huandoy","type":"segregada","km":1.513,"osm_ways":2},"geometry":{"type":"LineString","coordinates":[[-77.085827,-11.982382],[-77.085795,-11.982271],[-77.085704,-11.982053],[-77.085614,-11.981872],[-77.085447,-11.981495],[-77.085259,-11.981095],[-77.08507,-11.980663],[-77.085024,-11.980562],[-77.084908,-11.980295],[-77.084792,-11.980028],[-77.084726,-11.979981],[-77.084585,-11.979671],[-77.084444,-11.979362],[-77.084243,-11.978918],[-77.08425,-11.978883],[-77.084197,-11.978775],[-77.084153,-11.978669],[-77.08412,-11.978643],[-77.083987,-11.978347],[-77.083795,-11.977913],[-77.083663,-11.977623],[-77.083531,-11.977332],[-77.083413,-11.977067],[-77.083294,-11.976802],[-77.083273,-11.976754],[-77.08323,-11.976658],[-77.083185,-11.976555],[-77.083141,-11.976457],[-77.083126,-11.976424],[-77.083112,-11.976391],[-77.082923,-11.975955],[-77.082763,-11.975588],[-77.082768,-11.975544],[-77.082666,-11.975311],[-77.082623,-11.975214],[-77.082559,-11.975059],[-77.082504,-11.975038],[-77.082397,-11.974803],[-77.08234,-11.974668],[-77.082354,-11.974608],[-77.08222,-11.974311],[-77.082086,-11.974015],[-77.081971,-11.973766],[-77.081857,-11.973517],[-77.08174,-11.973263],[-77.081623,-11.973009],[-77.081456,-11.972645],[-77.081389,-11.972587],[-77.081219,-11.972205],[-77.081057,-11.971857],[-77.080895,-11.971509],[-77.080703,-11.971082],[-77.080491,-11.97061],[-77.080362,-11.970332],[-77.080233,-11.970054],[-77.08021,-11.970004]]}},{"type":"Feature","properties":{"id":"mariano_cornejo","name":"Ciclovia Mariano Cornejo","type":"segregada","km":1.71,"osm_ways":5},"geometry":{"type":"LineString","coordinates":[[-77.062052,-12.067584],[-77.06255,-12.067591],[-77.06286,-12.0676],[-77.062939,-12.067613],[-77.063017,-12.067628],[-77.063393,-12.067635],[-77.063718,-12.067645],[-77.063778,-12.067638],[-77.063889,-12.067626],[-77.063965,-12.067659],[-77.064151,-12.067662],[-77.064322,-12.067666],[-77.064596,-12.067663],[-77.064792,-12.067666],[-77.065143,-12.067677],[-77.065399,-12.067679],[-77.065578,-12.067697],[-77.065657,-12.06769],[-77.065719,-12.067685],[-77.065744,-12.067682],[-77.065795,-12.067678],[-77.066062,-12.067675],[-77.066395,-12.067687],[-77.066751,-12.067693],[-77.067064,-12.067699],[-77.067276,-12.067705],[-77.06732,-12.067708],[-77.067395,-12.067712],[-77.067414,-12.067713],[-77.067499,-12.067735],[-77.067557,-12.067751],[-77.067612,-12.06775],[-77.067697,-12.06775],[-77.067927,-12.067756],[-77.067962,-12.067727],[-77.06812,-12.067727],[-77.06819,-12.067765],[-77.068407,-12.067773],[-77.06843,-12.067774],[-77.068525,-12.067777],[-77.068582,-12.067778],[-77.068912,-12.06779],[-77.069221,-12.067795],[-77.069411,-12.067797],[-77.069418,-12.067795],[-77.069492,-12.067775],[-77.069591,-12.067766],[-77.069596,-12.067766],[-77.069711,-12.067766],[-77.069763,-12.067802],[-77.069771,-12.067807],[-77.07011,-12.067821],[-77.070426,-12.067817],[-77.070585,-12.067816],[-77.070619,-12.067817],[-77.071127,-12.067833],[-77.071453,-12.06785],[-77.071478,-12.067848],[-77.071527,-12.067844],[-77.071565,-12.06784],[-77.071706,-12.067824],[-77.071766,-12.067817],[-77.071861,-12.067816],[-77.07195,-12.067847],[-77.072291,-12.067854],[-77.072688,-12.067862],[-77.073191,-12.067871],[-77.073446,-12.06788],[-77.073503,-12.067876],[-77.073598,-12.067871],[-77.073736,-12.067876],[-77.073796,-12.06788],[-77.07387,-12.067885],[-77.074267,-12.067895],[-77.074664,-12.067906],[-77.074958,-12.067909],[-77.07517,-12.067951],[-77.075456,-12.068019],[-77.07553,-12.068032],[-77.075592,-12.068044],[-77.0759,-12.068132],[-77.076178,-12.068207],[-77.076507,-12.068289],[-77.076936,-12.0684],[-77.077315,-12.068491],[-77.077444,-12.068502],[-77.077616,-12.068502],[-77.07764,-12.068502]]}},{"type":"Feature","properties":{"id":"mariano_cornejo_2","name":"Ciclovia Mariano Cornejo","type":"segregada","km":0.172,"osm_ways":1},"geometry":{"type":"LineString","coordinates":[[-77.06732,-12.067708],[-77.067238,-12.067743],[-77.067058,-12.067739],[-77.066781,-12.067731],[-77.066352,-12.067708],[-77.065877,-12.067699],[-77.065744,-12.067682]]}},{"type":"Feature","properties":{"id":"san_borja_norte","name":"Ciclovia San Borja Norte","type":"segregada","km":0.294,"osm_ways":1},"geometry":{"type":"LineString","coordinates":[[-76.992152,-12.094377],[-76.992073,-12.094581],[-76.99202,-12.09473],[-76.991971,-12.094853],[-76.991949,-12.094901],[-76.991898,-12.094983],[-76.991815,-12.095099],[-76.991751,-12.095167],[-76.991654,-12.095242],[-76.991575,-12.095307],[-76.991468,-12.095394],[-76.991301,-12.095495],[-76.991145,-12.095589],[-76.991083,-12.095625],[-76.991044,-12.095648],[-76.990944,-12.09569],[-76.990841,-12.095734],[-76.990749,-12.095768],[-76.990627,-12.095784],[-76.990458,-12.095796],[-76.990331,-12.095803],[-76.990137,-12.095793]]}},{"type":"Feature","properties":{"id":"velasco_astete","name":"Ciclovia Velasco Astete","type":"segregada","km":2.331,"osm_ways":1},"geometry":{"type":"LineString","coordinates":[[-76.988822,-12.130915],[-76.988791,-12.130826],[-76.98867,-12.130515],[-76.988549,-12.130204],[-76.988387,-12.129808],[-76.988225,-12.129411],[-76.988119,-12.129152],[-76.988013,-12.128892],[-76.987902,-12.128622],[-76.987791,-12.128351],[-76.987661,-12.128001],[-76.987624,-12.1279],[-76.987579,-12.127768],[-76.987539,-12.127671],[-76.987432,-12.127409],[-76.987325,-12.127148],[-76.98721,-12.126877],[-76.987035,-12.126424],[-76.986859,-12.125972],[-76.986694,-12.125547],[-76.986529,-12.125122],[-76.986364,-12.124697],[-76.986199,-12.124272],[-76.986143,-12.124128],[-76.986005,-12.123775],[-76.985867,-12.123422],[-76.985729,-12.123069],[-76.9857,-12.123002],[-76.985661,-12.122889],[-76.985636,-12.122814],[-76.985521,-12.122543],[-76.985407,-12.122271],[-76.985234,-12.121826],[-76.98506,-12.12138],[-76.984887,-12.120935],[-76.984714,-12.12049],[-76.984541,-12.120044],[-76.984368,-12.119599],[-76.984316,-12.119419],[-76.98424,-12.119132],[-76.984165,-12.118844],[-76.984137,-12.118752],[-76.984094,-12.118458],[-76.98406,-12.11804],[-76.984061,-12.117642],[-76.984066,-12.117319],[-76.98407,-12.116995],[-76.98407,-12.11693],[-76.984102,-12.11652],[-76.984134,-12.116109],[-76.984167,-12.115699],[-76.98418,-12.115576],[-76.984196,-12.115192],[-76.984206,-12.115062],[-76.984242,-12.114624],[-76.984277,-12.114186],[-76.98431,-12.113798],[-76.984342,-12.113409],[-76.984371,-12.112954],[-76.9844,-12.112498],[-76.984422,-12.112141],[-76.984444,-12.111783],[-76.984478,-12.111318],[-76.984513,-12.110853],[-76.984517,-12.110812]]}},{"type":"Feature","properties":{"id":"200_millas","name":"Ciclovía 200 Millas","type":"segregada","km":2.029,"osm_ways":1},"geometry":{"type":"LineString","coordinates":[[-76.93477,-12.234102],[-76.93467,-12.234138],[-76.934666,-12.234139],[-76.934662,-12.234139],[-76.934659,-12.234137],[-76.934656,-12.234135],[-76.934636,-12.234106],[-76.934635,-12.234103],[-76.934634,-12.234102],[-76.934634,-12.234101],[-76.934634,-12.234101],[-76.934634,-12.2341],[-76.934639,-12.234094],[-76.934639,-12.234093],[-76.93464,-12.234093],[-76.93464,-12.234092],[-76.934638,-12.234089],[-76.934619,-12.234063],[-76.934517,-12.233914],[-76.934431,-12.233773],[-76.93439,-12.233696],[-76.934155,-12.233402],[-76.933921,-12.233109],[-76.933873,-12.233049],[-76.933603,-12.232669],[-76.933333,-12.232289],[-76.93314,-12.232024],[-76.932948,-12.231758],[-76.93278,-12.231525],[-76.932611,-12.231292],[-76.932587,-12.231265],[-76.932514,-12.231203],[-76.932421,-12.231154],[-76.931962,-12.230888],[-76.931504,-12.230622],[-76.931045,-12.230356],[-76.930586,-12.230091],[-76.930127,-12.229825],[-76.93005,-12.22978],[-76.929682,-12.229567],[-76.929313,-12.229354],[-76.928944,-12.229141],[-76.928552,-12.228912],[-76.928287,-12.228752],[-76.928023,-12.228592],[-76.928006,-12.228585],[-76.927935,-12.228579],[-76.927868,-12.228581],[-76.927846,-12.228582],[-76.927833,-12.22858],[-76.92782,-12.228573],[-76.927766,-12.228515],[-76.927745,-12.228496],[-76.927711,-12.228477],[-76.927681,-12.22846],[-76.92766,-12.228453],[-76.927618,-12.228445],[-76.927582,-12.228442],[-76.927533,-12.228445],[-76.927488,-12.228446],[-76.927451,-12.228446],[-76.927428,-12.228442],[-76.927374,-12.228426],[-76.927237,-12.228346],[-76.927009,-12.228238],[-76.926803,-12.228132],[-76.926742,-12.228082],[-76.926582,-12.227997],[-76.926347,-12.22785],[-76.925958,-12.227624],[-76.925854,-12.227548],[-76.925745,-12.227482],[-76.925616,-12.227419],[-76.925498,-12.227345],[-76.925446,-12.227313],[-76.925392,-12.227263],[-76.92536,-12.227227],[-76.92532,-12.227168],[-76.925265,-12.227103],[-76.925213,-12.22705],[-76.925159,-12.227003],[-76.925113,-12.226975],[-76.925041,-12.226932],[-76.924856,-12.226819],[-76.92479,-12.22678],[-76.924727,-12.226746],[-76.924684,-12.226731],[-76.924569,-12.226734],[-76.92452,-12.22674],[-76.924483,-12.226743],[-76.924445,-12.226734],[-76.924333,-12.226686],[-76.924179,-12.226622],[-76.924074,-12.226565],[-76.923989,-12.226516],[-76.923835,-12.226425],[-76.923659,-12.226325],[-76.923601,-12.22629],[-76.923563,-12.22627],[-76.923461,-12.226218],[-76.92341,-12.226186],[-76.923386,-12.226171],[-76.923353,-12.226142],[-76.92332,-12.226109],[-76.923286,-12.226045],[-76.923241,-12.225983],[-76.923218,-12.225952],[-76.923189,-12.225929],[-76.923163,-12.225914],[-76.923138,-12.225904],[-76.923072,-12.225897],[-76.923009,-12.225898],[-76.922942,-12.225901],[-76.922912,-12.225904],[-76.922901,-12.225903],[-76.922895,-12.2259],[-76.922771,-12.225861],[-76.922763,-12.225857],[-76.922731,-12.225844],[-76.922719,-12.225839],[-76.922688,-12.225826],[-76.922655,-12.225807],[-76.922621,-12.225781],[-76.922531,-12.225726],[-76.922492,-12.225701],[-76.922475,-12.22569],[-76.922467,-12.225678],[-76.92246,-12.225663],[-76.922448,-12.225638],[-76.922435,-12.22562],[-76.922424,-12.225608],[-76.922412,-12.2256],[-76.922357,-12.22557],[-76.92223,-12.225501],[-76.922151,-12.225458],[-76.922079,-12.225418],[-76.922023,-12.225333],[-76.921973,-12.225278],[-76.921952,-12.225266],[-76.921888,-12.225268],[-76.92185,-12.225269],[-76.921821,-12.225264],[-76.92169,-12.225229],[-76.921605,-12.225192],[-76.921546,-12.225147],[-76.921497,-12.225103],[-76.921472,-12.225087],[-76.921254,-12.224964],[-76.921102,-12.224872],[-76.921019,-12.224813],[-76.92063,-12.224608],[-76.920269,-12.224389],[-76.92016,-12.224315],[-76.920019,-12.224246],[-76.920062,-12.224115],[-76.92009,-12.224028]]}},{"type":"Feature","properties":{"id":"28_de_julio_2","name":"Ciclovía 28 de Julio","type":"segregada","km":0.203,"osm_ways":4},"geometry":{"type":"LineString","coordinates":[[-77.038666,-12.064779],[-77.038663,-12.064753],[-77.038664,-12.064706],[-77.038657,-12.064574],[-77.038586,-12.06456],[-77.03804,-12.06449],[-77.037493,-12.06442],[-77.037465,-12.064417],[-77.037462,-12.064448],[-77.037445,-12.064559],[-77.037442,-12.064617],[-77.03743,-12.064706],[-77.037422,-12.064763],[-77.037512,-12.064788]]}},{"type":"Feature","properties":{"id":"angamos","name":"Ciclovía Angamos","type":"segregada","km":0.752,"osm_ways":3},"geometry":{"type":"LineString","coordinates":[[-77.007287,-12.111955],[-77.007274,-12.111954],[-77.007225,-12.111953],[-77.007215,-12.111953],[-77.007193,-12.111952],[-77.006744,-12.111929],[-77.006295,-12.111907],[-77.006227,-12.111904],[-77.006221,-12.111972],[-77.006219,-12.111992],[-77.005771,-12.111961],[-77.005322,-12.11193],[-77.004909,-12.111902],[-77.004495,-12.111874],[-77.004082,-12.111846],[-77.003668,-12.111817],[-77.003545,-12.111812],[-77.003525,-12.11181],[-77.003466,-12.111806],[-77.003448,-12.111804],[-77.003318,-12.111796],[-77.003152,-12.111798],[-77.002653,-12.111762],[-77.002154,-12.111726],[-77.001655,-12.11169],[-77.001448,-12.111676],[-77.001143,-12.11161],[-77.000981,-12.111581],[-77.000825,-12.111516],[-77.000749,-12.111466],[-77.000712,-12.111441],[-77.000609,-12.111349],[-77.000626,-12.111334],[-77.000652,-12.111312]]}},{"type":"Feature","properties":{"id":"angamos_este","name":"Ciclovía Angamos Este","type":"segregada","km":0.302,"osm_ways":1},"geometry":{"type":"LineString","coordinates":[[-76.999926,-12.111835],[-76.999625,-12.111814],[-76.999325,-12.111794],[-76.998825,-12.111758],[-76.998325,-12.111722],[-76.997826,-12.111686],[-76.997326,-12.11165],[-76.997156,-12.111638]]}},{"type":"Feature","properties":{"id":"antigua_panamerica_sur","name":"Ciclovía Antigua Panamerica Sur","type":"segregada","km":8.101,"osm_ways":5},"geometry":{"type":"LineString","coordinates":[[-76.815636,-12.343898],[-76.815586,-12.344122],[-76.81545,-12.344547],[-76.81533,-12.344861],[-76.815269,-12.345047],[-76.81521,-12.345166],[-76.815112,-12.345364],[-76.814977,-12.345614],[-76.814873,-12.345803],[-76.814794,-12.345919],[-76.814706,-12.346049],[-76.81443,-12.346403],[-76.81434,-12.346499],[-76.813983,-12.346869],[-76.813627,-12.347238],[-76.813626,-12.347365],[-76.813481,-12.347532],[-76.813289,-12.347756],[-76.813193,-12.347848],[-76.813061,-12.347871],[-76.812731,-12.348216],[-76.812402,-12.348561],[-76.812072,-12.348906],[-76.811743,-12.349251],[-76.811414,-12.349596],[-76.811084,-12.349941],[-76.810755,-12.350286],[-76.81065,-12.350458],[-76.810421,-12.350696],[-76.810193,-12.350935],[-76.810214,-12.351156],[-76.810151,-12.351228],[-76.810046,-12.351309],[-76.809772,-12.351297],[-76.809419,-12.351663],[-76.809065,-12.352029],[-76.808712,-12.352396],[-76.808358,-12.352762],[-76.808004,-12.353128],[-76.807781,-12.353374],[-76.807557,-12.35362],[-76.807341,-12.353824],[-76.807125,-12.354028],[-76.806898,-12.354214],[-76.80667,-12.354401],[-76.806323,-12.354684],[-76.805975,-12.354926],[-76.805958,-12.354898],[-76.805909,-12.354808],[-76.805889,-12.354777],[-76.805533,-12.355008],[-76.805178,-12.35524],[-76.804822,-12.355472],[-76.804467,-12.355703],[-76.804419,-12.355734],[-76.804056,-12.355967],[-76.803692,-12.3562],[-76.803329,-12.356432],[-76.803095,-12.356585],[-76.802861,-12.356738],[-76.802613,-12.356898],[-76.80229,-12.35711],[-76.801967,-12.357322],[-76.801644,-12.357534],[-76.801369,-12.357712],[-76.801093,-12.35789],[-76.80066,-12.358186],[-76.800684,-12.358227],[-76.800722,-12.358264],[-76.800388,-12.358524],[-76.800054,-12.358783],[-76.799747,-12.359077],[-76.799441,-12.359371],[-76.799146,-12.359666],[-76.798851,-12.359961],[-76.798584,-12.36024],[-76.798318,-12.360518],[-76.798038,-12.36081],[-76.797758,-12.361101],[-76.797478,-12.361393],[-76.797514,-12.361432],[-76.797544,-12.361463],[-76.79757,-12.36149],[-76.797304,-12.361748],[-76.797039,-12.362006],[-76.796686,-12.362349],[-76.796437,-12.362631],[-76.796216,-12.362896],[-76.795938,-12.363224],[-76.795755,-12.363458],[-76.795571,-12.363693],[-76.795454,-12.363843],[-76.79511,-12.364261],[-76.794766,-12.364679],[-76.794738,-12.364721],[-76.794735,-12.364745],[-76.794732,-12.364766],[-76.794735,-12.364786],[-76.794745,-12.36482],[-76.794725,-12.364847],[-76.794614,-12.364995],[-76.794594,-12.365019],[-76.794572,-12.365044],[-76.794503,-12.365043],[-76.794239,-12.365346],[-76.793974,-12.365648],[-76.793658,-12.366065],[-76.793341,-12.366483],[-76.793068,-12.36686],[-76.79272,-12.367268],[-76.792465,-12.367693],[-76.792131,-12.368064],[-76.791796,-12.368434],[-76.791567,-12.3687],[-76.791273,-12.368969],[-76.790978,-12.369237],[-76.790684,-12.369506],[-76.790306,-12.369806],[-76.789929,-12.370106],[-76.789642,-12.370371],[-76.789354,-12.370635],[-76.789067,-12.3709],[-76.78873,-12.371207],[-76.788393,-12.371514],[-76.788036,-12.371829],[-76.787679,-12.372144],[-76.787403,-12.372386],[-76.787126,-12.372627],[-76.78685,-12.372868],[-76.786458,-12.373221],[-76.786065,-12.373574],[-76.785673,-12.373927],[-76.785281,-12.374279],[-76.784888,-12.374632],[-76.78452,-12.374953],[-76.784152,-12.375274],[-76.783784,-12.375596],[-76.783416,-12.375917],[-76.783048,-12.376238],[-76.78268,-12.376559],[-76.782531,-12.37672],[-76.782321,-12.376914],[-76.782111,-12.377108],[-76.782022,-12.377174],[-76.78185,-12.37734],[-76.781556,-12.377601],[-76.781263,-12.377862],[-76.78097,-12.378123],[-76.780839,-12.378235],[-76.780682,-12.378384],[-76.780685,-12.378454],[-76.780653,-12.3785],[-76.780597,-12.378572],[-76.780463,-12.37863],[-76.780085,-12.378971],[-76.779707,-12.379312],[-76.779644,-12.379209],[-76.779602,-12.379153],[-76.779534,-12.379075],[-76.779154,-12.379408],[-76.778775,-12.379741],[-76.778396,-12.380074],[-76.778017,-12.380408],[-76.777638,-12.380741],[-76.777258,-12.381074],[-76.776879,-12.381407],[-76.7765,-12.381741],[-76.776121,-12.382074],[-76.775742,-12.382407],[-76.775363,-12.38274],[-76.774983,-12.383073],[-76.77475,-12.383291],[-76.774518,-12.383508],[-76.774126,-12.383853],[-76.773734,-12.384197],[-76.773343,-12.384541],[-76.772951,-12.384886],[-76.772891,-12.384973],[-76.77257,-12.385266],[-76.77225,-12.38556],[-76.771929,-12.385853],[-76.771698,-12.386064],[-76.771605,-12.386149],[-76.7715,-12.386246],[-76.771255,-12.386424],[-76.770904,-12.386733],[-76.770553,-12.387043],[-76.770219,-12.387353],[-76.769885,-12.387663],[-76.769551,-12.387973],[-76.769217,-12.388283],[-76.768883,-12.388593],[-76.768548,-12.388903],[-76.768251,-12.389187],[-76.767953,-12.389471],[-76.767656,-12.389754],[-76.767358,-12.390038],[-76.767114,-12.390274],[-76.766879,-12.390512],[-76.766645,-12.39075],[-76.766367,-12.391036],[-76.766089,-12.391322],[-76.765762,-12.391653],[-76.765435,-12.391984],[-76.765107,-12.392316],[-76.76478,-12.392647],[-76.764453,-12.392979],[-76.764186,-12.39325],[-76.763918,-12.39352],[-76.763996,-12.393597],[-76.764019,-12.393627],[-76.763761,-12.393898]]}},{"type":"Feature","properties":{"id":"antigua_panamerica_sur_2","name":"Ciclovía Antigua Panamerica Sur","type":"segregada","km":0.935,"osm_ways":2},"geometry":{"type":"LineString","coordinates":[[-76.820564,-12.333952],[-76.820347,-12.334266],[-76.820341,-12.334276],[-76.820284,-12.334346],[-76.820301,-12.334519],[-76.820286,-12.334538],[-76.820192,-12.334656],[-76.820018,-12.334745],[-76.819776,-12.335114],[-76.819534,-12.335483],[-76.819292,-12.335852],[-76.81905,-12.336222],[-76.818836,-12.336531],[-76.818621,-12.33684],[-76.818547,-12.336948],[-76.81824,-12.337389],[-76.817934,-12.337831],[-76.817627,-12.338272],[-76.81732,-12.338714],[-76.817014,-12.339155],[-76.816755,-12.339517],[-76.816496,-12.339878],[-76.816237,-12.34024],[-76.816214,-12.340277],[-76.816167,-12.340359],[-76.816093,-12.340501],[-76.81597,-12.34087],[-76.815895,-12.340832]]}},{"type":"Feature","properties":{"id":"antigua_panamericana_sur","name":"Ciclovía Antigua Panamericana Sur","type":"segregada","km":3.612,"osm_ways":1},"geometry":{"type":"LineString","coordinates":[[-76.839356,-12.307599],[-76.839309,-12.307603],[-76.839231,-12.307676],[-76.83921,-12.307697],[-76.838921,-12.307986],[-76.838632,-12.308275],[-76.838325,-12.30858],[-76.838019,-12.308885],[-76.837809,-12.309084],[-76.837768,-12.309126],[-76.837717,-12.309265],[-76.837541,-12.309444],[-76.837427,-12.309475],[-76.837407,-12.309496],[-76.837111,-12.309805],[-76.83707,-12.309845],[-76.836943,-12.309999],[-76.836765,-12.310214],[-76.836587,-12.310429],[-76.836346,-12.310739],[-76.836181,-12.310978],[-76.835993,-12.311236],[-76.835804,-12.311494],[-76.835586,-12.311808],[-76.835369,-12.312121],[-76.835372,-12.312247],[-76.835233,-12.31235],[-76.835061,-12.312606],[-76.834889,-12.312863],[-76.834676,-12.31317],[-76.834463,-12.313476],[-76.834251,-12.313782],[-76.834118,-12.313974],[-76.834102,-12.314047],[-76.833917,-12.314319],[-76.833817,-12.314399],[-76.833514,-12.314849],[-76.833222,-12.315291],[-76.832931,-12.315734],[-76.832669,-12.316118],[-76.832406,-12.316503],[-76.832163,-12.316854],[-76.83192,-12.317206],[-76.831677,-12.317557],[-76.831433,-12.317908],[-76.83144,-12.31806],[-76.831429,-12.318235],[-76.83122,-12.318267],[-76.830965,-12.318657],[-76.830711,-12.319047],[-76.830467,-12.319385],[-76.830438,-12.319474],[-76.830317,-12.319634],[-76.830233,-12.319699],[-76.829967,-12.320091],[-76.829702,-12.320483],[-76.829436,-12.320875],[-76.829409,-12.320915],[-76.82915,-12.321298],[-76.828892,-12.321681],[-76.828633,-12.322064],[-76.828619,-12.322237],[-76.828482,-12.322436],[-76.828188,-12.322873],[-76.827893,-12.323311],[-76.827598,-12.323749],[-76.827304,-12.324187],[-76.827009,-12.324625],[-76.826912,-12.324676],[-76.826816,-12.324816],[-76.826539,-12.325217],[-76.826261,-12.325619],[-76.825984,-12.32602],[-76.825707,-12.326422],[-76.82543,-12.326824],[-76.825152,-12.327225],[-76.825114,-12.327327],[-76.824949,-12.327561],[-76.824784,-12.327794],[-76.82474,-12.327961],[-76.82468,-12.328053],[-76.824565,-12.32806],[-76.824359,-12.328363],[-76.824311,-12.328471],[-76.824018,-12.328902],[-76.823726,-12.329333],[-76.823433,-12.329763],[-76.82314,-12.330194],[-76.822847,-12.330625],[-76.822555,-12.331055],[-76.822262,-12.331486],[-76.821969,-12.331917],[-76.821676,-12.332347],[-76.821384,-12.332778],[-76.82115,-12.333113],[-76.820916,-12.333448],[-76.820682,-12.333783],[-76.820571,-12.333943],[-76.820564,-12.333952]]}},{"type":"Feature","properties":{"id":"arequipa","name":"Ciclovía Arequipa","type":"segregada","km":2.772,"osm_ways":7},"geometry":{"type":"LineString","coordinates":[[-77.033136,-12.094536],[-77.033089,-12.094547],[-77.033007,-12.094563],[-77.032977,-12.094767],[-77.03292,-12.095151],[-77.032863,-12.095536],[-77.032818,-12.095814],[-77.032773,-12.096092],[-77.03275,-12.096233],[-77.032683,-12.096645],[-77.032616,-12.097057],[-77.032612,-12.097084],[-77.032551,-12.097535],[-77.03249,-12.097987],[-77.032479,-12.098082],[-77.032469,-12.098147],[-77.032388,-12.098656],[-77.032306,-12.099165],[-77.032242,-12.099568],[-77.032224,-12.099686],[-77.032205,-12.099793],[-77.032129,-12.100237],[-77.032067,-12.100597],[-77.032005,-12.100956],[-77.031943,-12.101316],[-77.031852,-12.101845],[-77.031761,-12.102375],[-77.031699,-12.102741],[-77.031637,-12.103107],[-77.031575,-12.103474],[-77.031556,-12.10357],[-77.031553,-12.103583],[-77.031552,-12.10359],[-77.031474,-12.104056],[-77.031396,-12.104523],[-77.031343,-12.104839],[-77.03129,-12.105156],[-77.031213,-12.105616],[-77.031136,-12.106091],[-77.031058,-12.106566],[-77.031044,-12.106651],[-77.031028,-12.106742],[-77.030939,-12.107235],[-77.03085,-12.107729],[-77.03076,-12.10826],[-77.03067,-12.108791],[-77.030606,-12.109164],[-77.030541,-12.109538],[-77.030463,-12.110061],[-77.030385,-12.110584],[-77.030301,-12.1111],[-77.030216,-12.111617],[-77.03012,-12.11213],[-77.030024,-12.112643],[-77.029943,-12.113135],[-77.029863,-12.113628],[-77.029853,-12.113687],[-77.029851,-12.1137],[-77.029838,-12.113776],[-77.029836,-12.113789],[-77.029824,-12.113864],[-77.029739,-12.114379],[-77.029655,-12.114894],[-77.02957,-12.115409],[-77.029486,-12.115925],[-77.029406,-12.116392],[-77.029327,-12.11686],[-77.02932,-12.116901],[-77.029312,-12.116953],[-77.029304,-12.117],[-77.029296,-12.117057],[-77.029236,-12.117441],[-77.029176,-12.117824],[-77.029155,-12.117955],[-77.029154,-12.117957],[-77.029139,-12.118045],[-77.029076,-12.11842],[-77.029012,-12.118794],[-77.029036,-12.118897],[-77.029045,-12.118921],[-77.029055,-12.118955],[-77.029082,-12.119041]]}},{"type":"Feature","properties":{"id":"armendariz","name":"Ciclovía Armendáriz","type":"segregada","km":0.236,"osm_ways":2},"geometry":{"type":"LineString","coordinates":[[-77.02482,-12.135177],[-77.024394,-12.135043],[-77.023969,-12.134908],[-77.023882,-12.134886],[-77.023756,-12.134864],[-77.023713,-12.134862],[-77.023665,-12.134862],[-77.023573,-12.134878],[-77.023487,-12.134908],[-77.023405,-12.134945],[-77.023331,-12.135002],[-77.02328,-12.135055],[-77.023225,-12.135122],[-77.023171,-12.135215],[-77.023129,-12.135317],[-77.023112,-12.135408],[-77.023114,-12.135523]]}},{"type":"Feature","properties":{"id":"aurelio_garcia","name":"Ciclovía Aurelio García","type":"segregada","km":2.165,"osm_ways":1},"geometry":{"type":"LineString","coordinates":[[-77.075654,-12.059164],[-77.075667,-12.059094],[-77.075782,-12.058589],[-77.075807,-12.058417],[-77.075818,-12.058344],[-77.075825,-12.058292],[-77.075888,-12.057861],[-77.075896,-12.057678],[-77.075876,-12.057367],[-77.075851,-12.057169],[-77.075742,-12.056814],[-77.07556,-12.056315],[-77.075379,-12.055816],[-77.075198,-12.055317],[-77.075094,-12.055033],[-77.07499,-12.054749],[-77.074859,-12.054391],[-77.074729,-12.054033],[-77.074556,-12.053561],[-77.074383,-12.053089],[-77.074251,-12.052689],[-77.074106,-12.05229],[-77.073991,-12.051938],[-77.073955,-12.051767],[-77.073921,-12.051493],[-77.073916,-12.051201],[-77.073937,-12.050903],[-77.073959,-12.050604],[-77.073964,-12.050591],[-77.073978,-12.05055],[-77.073968,-12.05044],[-77.073985,-12.050147],[-77.074003,-12.049855],[-77.074005,-12.049821],[-77.074006,-12.049813],[-77.074008,-12.049806],[-77.074015,-12.049804],[-77.074043,-12.049806],[-77.074066,-12.049807],[-77.074072,-12.049809],[-77.074076,-12.049814],[-77.074077,-12.049821],[-77.074074,-12.049858],[-77.07405,-12.050153],[-77.074025,-12.050447],[-77.073995,-12.050551],[-77.074,-12.050591],[-77.074002,-12.050608],[-77.073987,-12.050905],[-77.073973,-12.051203],[-77.073973,-12.051489],[-77.074004,-12.051758],[-77.074039,-12.05192],[-77.07417,-12.052295],[-77.074301,-12.05267],[-77.074443,-12.053071],[-77.074585,-12.05346],[-77.074727,-12.05385],[-77.074869,-12.05424],[-77.075012,-12.054629],[-77.075048,-12.054729],[-77.075152,-12.055013],[-77.075256,-12.055297],[-77.075381,-12.055641],[-77.075505,-12.055985],[-77.07563,-12.056329],[-77.075766,-12.056758],[-77.075902,-12.057187],[-77.075926,-12.057363],[-77.075931,-12.057679],[-77.075918,-12.057863],[-77.075857,-12.058299],[-77.07585,-12.058351],[-77.075838,-12.058422],[-77.075809,-12.058593],[-77.075713,-12.0591],[-77.0757,-12.059173]]}},{"type":"Feature","properties":{"id":"arequipa_2","name":"Ciclovía Avenida Arequipa","type":"segregada","km":3.387,"osm_ways":6},"geometry":{"type":"LineString","coordinates":[[-77.037512,-12.064788],[-77.037536,-12.064794],[-77.037473,-12.065227],[-77.037409,-12.06566],[-77.037345,-12.066094],[-77.037282,-12.066527],[-77.037222,-12.066935],[-77.037181,-12.066928],[-77.03708,-12.066911],[-77.037076,-12.066923],[-77.037051,-12.066998],[-77.037041,-12.067063],[-77.037029,-12.067102],[-77.037021,-12.067149],[-77.036959,-12.067642],[-77.036898,-12.068136],[-77.036902,-12.068185],[-77.036894,-12.068245],[-77.036885,-12.068299],[-77.036868,-12.068391],[-77.036856,-12.068446],[-77.036843,-12.068489],[-77.036773,-12.068983],[-77.036703,-12.069477],[-77.036703,-12.069522],[-77.036699,-12.069555],[-77.03669,-12.06962],[-77.036682,-12.069687],[-77.036664,-12.069729],[-77.036653,-12.069771],[-77.036617,-12.070056],[-77.03662,-12.070116],[-77.036599,-12.070238],[-77.036589,-12.070314],[-77.036579,-12.070345],[-77.036576,-12.070354],[-77.036562,-12.070403],[-77.036494,-12.070843],[-77.036427,-12.071283],[-77.036359,-12.071723],[-77.036292,-12.072163],[-77.036298,-12.072228],[-77.036281,-12.07234],[-77.036273,-12.072392],[-77.03626,-12.072484],[-77.036252,-12.072505],[-77.036248,-12.072517],[-77.036234,-12.072562],[-77.036185,-12.0729],[-77.036136,-12.073237],[-77.036136,-12.073269],[-77.036139,-12.073302],[-77.036131,-12.073355],[-77.036118,-12.073429],[-77.036109,-12.073495],[-77.036095,-12.073541],[-77.036081,-12.073573],[-77.036024,-12.073954],[-77.035967,-12.074336],[-77.035969,-12.074383],[-77.035965,-12.074418],[-77.035958,-12.074462],[-77.035946,-12.074542],[-77.03593,-12.074637],[-77.035915,-12.074684],[-77.035902,-12.074718],[-77.035854,-12.075066],[-77.035805,-12.075414],[-77.035806,-12.075447],[-77.035804,-12.075505],[-77.035793,-12.07557],[-77.035781,-12.075641],[-77.035778,-12.075654],[-77.035771,-12.075671],[-77.03576,-12.0757],[-77.035701,-12.076084],[-77.035642,-12.076468],[-77.035642,-12.076506],[-77.035639,-12.076553],[-77.035626,-12.076662],[-77.035613,-12.076714],[-77.035598,-12.076753],[-77.03558,-12.07681],[-77.035527,-12.077187],[-77.035474,-12.077564],[-77.035477,-12.077637],[-77.035469,-12.077715],[-77.035456,-12.0778],[-77.035427,-12.077881],[-77.035363,-12.078285],[-77.0353,-12.07869],[-77.035236,-12.079094],[-77.035173,-12.079498],[-77.03517,-12.079534],[-77.035179,-12.079577],[-77.035168,-12.079667],[-77.035158,-12.079738],[-77.035143,-12.079799],[-77.03513,-12.07986],[-77.035076,-12.080238],[-77.035023,-12.080616],[-77.035028,-12.080657],[-77.035025,-12.080677],[-77.035014,-12.080746],[-77.035002,-12.080823],[-77.034994,-12.080841],[-77.034985,-12.08087],[-77.034935,-12.081264],[-77.034943,-12.081307],[-77.034941,-12.081326],[-77.034935,-12.081366],[-77.03492,-12.081478],[-77.034897,-12.081524],[-77.034841,-12.081885],[-77.034785,-12.082246],[-77.03478,-12.082368],[-77.034766,-12.082455],[-77.034754,-12.082527],[-77.03473,-12.082581],[-77.034675,-12.082963],[-77.03462,-12.083345],[-77.034629,-12.083409],[-77.034615,-12.0835],[-77.034603,-12.083581],[-77.034593,-12.083644],[-77.034569,-12.083701],[-77.034507,-12.084094],[-77.034446,-12.084486],[-77.034455,-12.08456],[-77.034444,-12.084633],[-77.03443,-12.084707],[-77.034401,-12.084796],[-77.034352,-12.085151],[-77.034303,-12.085507],[-77.034308,-12.085573],[-77.03429,-12.085692],[-77.034275,-12.085757],[-77.03425,-12.08581],[-77.034182,-12.086325],[-77.034163,-12.086459],[-77.034113,-12.086819],[-77.034119,-12.086867],[-77.034108,-12.086944],[-77.0341,-12.087032],[-77.034078,-12.087071],[-77.034007,-12.087505],[-77.033936,-12.08794],[-77.033924,-12.088035],[-77.033913,-12.088125],[-77.033905,-12.088188],[-77.033848,-12.088584],[-77.03379,-12.088981],[-77.033776,-12.08908],[-77.033765,-12.089167],[-77.033723,-12.089482],[-77.033681,-12.089798],[-77.033656,-12.089998],[-77.033624,-12.090266],[-77.033592,-12.090535],[-77.033591,-12.090543],[-77.033665,-12.090553],[-77.03372,-12.090561],[-77.033727,-12.090569],[-77.033717,-12.090648],[-77.033712,-12.090677],[-77.033688,-12.090703],[-77.033678,-12.090721],[-77.033671,-12.090808],[-77.033626,-12.090946],[-77.033605,-12.090996],[-77.033548,-12.091387],[-77.033491,-12.091778],[-77.033434,-12.092169],[-77.033425,-12.092228],[-77.033407,-12.092343],[-77.033399,-12.092397],[-77.033349,-12.092741],[-77.033298,-12.093085],[-77.033274,-12.093274],[-77.033278,-12.093281],[-77.033324,-12.093333],[-77.033323,-12.093344],[-77.033308,-12.093463],[-77.033285,-12.09352],[-77.033206,-12.094038],[-77.03323,-12.094074],[-77.033181,-12.094436],[-77.033159,-12.094484],[-77.033136,-12.094536]]}},{"type":"Feature","properties":{"id":"aviacion","name":"Ciclovía Avenida Aviación","type":"segregada","km":2.061,"osm_ways":5},"geometry":{"type":"LineString","coordinates":[[-77.001903,-12.100762],[-77.001976,-12.100266],[-77.00205,-12.09977],[-77.002067,-12.099652],[-77.002141,-12.099136],[-77.002215,-12.098621],[-77.002289,-12.098106],[-77.002306,-12.097946],[-77.002384,-12.09743],[-77.002462,-12.096914],[-77.002539,-12.096398],[-77.002598,-12.095989],[-77.002658,-12.09558],[-77.002717,-12.09517],[-77.002757,-12.094897],[-77.002798,-12.094623],[-77.002829,-12.094569],[-77.002833,-12.094513],[-77.002842,-12.094437],[-77.002852,-12.09435],[-77.002859,-12.094294],[-77.002887,-12.094048],[-77.0029,-12.093909],[-77.002922,-12.093755],[-77.002982,-12.093341],[-77.003042,-12.092928],[-77.003101,-12.092515],[-77.003177,-12.091996],[-77.003253,-12.091478],[-77.003292,-12.091205],[-77.003332,-12.090933],[-77.003341,-12.090891],[-77.003349,-12.090839],[-77.003407,-12.09043],[-77.003464,-12.090021],[-77.003521,-12.089613],[-77.003581,-12.089215],[-77.003641,-12.088818],[-77.003701,-12.08842],[-77.003625,-12.08841],[-77.003478,-12.088388],[-77.003446,-12.088385],[-77.003383,-12.088374],[-77.003338,-12.088627],[-77.003299,-12.088917],[-77.003249,-12.089246],[-77.003199,-12.089576],[-77.003139,-12.089997],[-77.003079,-12.090418],[-77.003019,-12.090839],[-77.00296,-12.091249],[-77.002902,-12.091658],[-77.002843,-12.092068],[-77.002784,-12.092478],[-77.002715,-12.09296],[-77.002645,-12.093442],[-77.002598,-12.093751],[-77.002552,-12.094061]]}},{"type":"Feature","properties":{"id":"aviacion_2","name":"Ciclovía Avenida Aviación","type":"segregada","km":0.492,"osm_ways":3},"geometry":{"type":"LineString","coordinates":[[-77.003948,-12.084089],[-77.003942,-12.084146],[-77.003941,-12.084233],[-77.003891,-12.084574],[-77.00384,-12.084914],[-77.003791,-12.085238],[-77.003742,-12.085562],[-77.003689,-12.085917],[-77.003744,-12.085924],[-77.003778,-12.085929],[-77.003772,-12.085967],[-77.003763,-12.086034],[-77.003753,-12.086098],[-77.003732,-12.086113],[-77.003694,-12.086368],[-77.003692,-12.086387],[-77.003616,-12.086888],[-77.003588,-12.087165],[-77.003595,-12.087331],[-77.003596,-12.087444],[-77.003588,-12.087528],[-77.003549,-12.0879],[-77.003505,-12.088218],[-77.003495,-12.088286],[-77.003481,-12.088369],[-77.003478,-12.088388]]}},{"type":"Feature","properties":{"id":"aviacion_3","name":"Ciclovía Avenida Aviación","type":"segregada","km":0.52,"osm_ways":2},"geometry":{"type":"LineString","coordinates":[[-77.001861,-12.101112],[-77.001857,-12.101144],[-77.001846,-12.101191],[-77.001836,-12.101247],[-77.001782,-12.101627],[-77.001728,-12.102008],[-77.001669,-12.102405],[-77.001609,-12.102801],[-77.00155,-12.103198],[-77.001478,-12.103696],[-77.001407,-12.104193],[-77.001337,-12.104702],[-77.001267,-12.105211],[-77.001191,-12.105738]]}},{"type":"Feature","properties":{"id":"aviacion_4","name":"Ciclovía Avenida Aviación","type":"segregada","km":0.125,"osm_ways":1},"geometry":{"type":"LineString","coordinates":[[-77.00064,-12.106946],[-77.000682,-12.106896],[-77.000739,-12.106568],[-77.000792,-12.106222],[-77.000846,-12.105877],[-77.000839,-12.105849]]}},{"type":"Feature","properties":{"id":"aviacion_5","name":"Ciclovía Avenida Aviación","type":"segregada","km":0.519,"osm_ways":1},"geometry":{"type":"LineString","coordinates":[[-77.000858,-12.105738],[-77.000891,-12.105474],[-77.000921,-12.10533],[-77.000937,-12.105215],[-77.001008,-12.104714],[-77.001078,-12.104213],[-77.001149,-12.103712],[-77.00122,-12.103211],[-77.00128,-12.102809],[-77.001341,-12.102408],[-77.001401,-12.102006],[-77.001456,-12.101586],[-77.001512,-12.101166],[-77.001517,-12.101116]]}},{"type":"Feature","properties":{"id":"aviacion_6","name":"Ciclovía Avenida Aviación","type":"segregada","km":0.707,"osm_ways":2},"geometry":{"type":"LineString","coordinates":[[-77.001561,-12.100805],[-77.00158,-12.100764],[-77.001588,-12.100708],[-77.001641,-12.100343],[-77.001693,-12.099977],[-77.001746,-12.099612],[-77.001809,-12.099185],[-77.001871,-12.098758],[-77.001933,-12.098331],[-77.001995,-12.097905],[-77.002069,-12.097388],[-77.002143,-12.096872],[-77.002217,-12.096356],[-77.002265,-12.096033],[-77.002329,-12.095598],[-77.002393,-12.095164],[-77.002441,-12.094841],[-77.002488,-12.094518]]}},{"type":"Feature","properties":{"id":"canada","name":"Ciclovía Avenida Canadá","type":"segregada","km":4.378,"osm_ways":38},"geometry":{"type":"LineString","coordinates":[[-76.989323,-12.077915],[-76.989588,-12.078115],[-76.989853,-12.078316],[-76.990109,-12.078512],[-76.990367,-12.078699],[-76.990625,-12.078887],[-76.990733,-12.078951],[-76.990801,-12.078998],[-76.990839,-12.079023],[-76.991043,-12.079184],[-76.991096,-12.07926],[-76.991496,-12.079561],[-76.991895,-12.079862],[-76.992294,-12.080164],[-76.992386,-12.080228],[-76.992643,-12.080416],[-76.9929,-12.080603],[-76.993168,-12.080779],[-76.993435,-12.080955],[-76.993512,-12.080981],[-76.993641,-12.081048],[-76.993728,-12.081076],[-76.99409,-12.081176],[-76.994149,-12.081217],[-76.994277,-12.081262],[-76.994645,-12.081341],[-76.995013,-12.08142],[-76.995477,-12.081529],[-76.995848,-12.081681],[-76.996267,-12.081853],[-76.996713,-12.082139],[-76.997142,-12.082387],[-76.997195,-12.082417],[-76.997333,-12.082496],[-76.997402,-12.082535],[-76.997549,-12.082603],[-76.997639,-12.08266],[-76.997789,-12.082755],[-76.997829,-12.08278],[-76.997887,-12.082806],[-76.997969,-12.082879],[-76.998168,-12.083017],[-76.998422,-12.083153],[-76.998688,-12.083269],[-76.999111,-12.083385],[-76.999533,-12.083459],[-76.999955,-12.083533],[-77.000052,-12.083548],[-77.00041,-12.083604],[-77.000657,-12.08362],[-77.000808,-12.083634],[-77.000841,-12.083638],[-77.000867,-12.083641],[-77.000984,-12.083654],[-77.001362,-12.083714],[-77.001599,-12.083783],[-77.002052,-12.083834],[-77.002505,-12.083886],[-77.002579,-12.083898],[-77.0027,-12.083918],[-77.003107,-12.083974],[-77.003515,-12.08403],[-77.003922,-12.084085],[-77.003948,-12.084089],[-77.004022,-12.084101],[-77.004288,-12.084142],[-77.004367,-12.084154],[-77.004739,-12.084205],[-77.005112,-12.084256],[-77.005484,-12.084306],[-77.005979,-12.084375],[-77.006474,-12.084443],[-77.006969,-12.084512],[-77.007464,-12.084581],[-77.007765,-12.084622],[-77.008066,-12.084664],[-77.008141,-12.084673],[-77.008263,-12.084687],[-77.008334,-12.084695],[-77.00846,-12.084714],[-77.008548,-12.084729],[-77.008619,-12.08474],[-77.008724,-12.084754],[-77.008871,-12.084774],[-77.009079,-12.084813],[-77.009389,-12.084846],[-77.0097,-12.084879],[-77.009874,-12.084903],[-77.009949,-12.084913],[-77.010093,-12.084929],[-77.010186,-12.084941],[-77.010378,-12.08495],[-77.010495,-12.08494],[-77.010677,-12.084902],[-77.010826,-12.084858],[-77.010992,-12.084782],[-77.01133,-12.084631],[-77.011505,-12.084551],[-77.011611,-12.0845],[-77.011875,-12.084376],[-77.012153,-12.084254],[-77.012412,-12.084143],[-77.012671,-12.084032],[-77.012931,-12.08392],[-77.013192,-12.083807],[-77.013241,-12.083783],[-77.013285,-12.083766],[-77.013758,-12.08354],[-77.013919,-12.083464],[-77.013976,-12.083439],[-77.01403,-12.083413],[-77.014191,-12.08334],[-77.014289,-12.083296],[-77.014346,-12.083268],[-77.014639,-12.083127],[-77.014931,-12.082986],[-77.015052,-12.082952],[-77.015328,-12.082837],[-77.015638,-12.082689],[-77.015949,-12.082541],[-77.016036,-12.082508],[-77.016388,-12.082354],[-77.016739,-12.0822],[-77.017091,-12.082046],[-77.017139,-12.082024],[-77.017251,-12.081972],[-77.017307,-12.081946],[-77.017588,-12.081824],[-77.017868,-12.081702],[-77.0182,-12.081581],[-77.018532,-12.081461],[-77.018822,-12.081387],[-77.019112,-12.081312],[-77.019208,-12.081296],[-77.019333,-12.081281],[-77.019393,-12.081272],[-77.019797,-12.081235],[-77.019975,-12.081252],[-77.020465,-12.081259],[-77.02099,-12.081343],[-77.021422,-12.081423],[-77.021573,-12.081448],[-77.021737,-12.081479],[-77.022014,-12.081534],[-77.022291,-12.081589],[-77.022504,-12.081611],[-77.023016,-12.08172],[-77.023161,-12.081745],[-77.023295,-12.081768],[-77.023373,-12.081785],[-77.023677,-12.081847],[-77.023981,-12.081909],[-77.024087,-12.081958],[-77.024468,-12.082034],[-77.024587,-12.08206],[-77.024639,-12.08207],[-77.025047,-12.082154],[-77.025456,-12.082239],[-77.025542,-12.082238],[-77.02561,-12.082238],[-77.025831,-12.082305],[-77.026167,-12.082371],[-77.026263,-12.082387],[-77.026343,-12.082397],[-77.02653,-12.082436],[-77.026794,-12.082482],[-77.026814,-12.082483],[-77.026837,-12.082478],[-77.026848,-12.082472],[-77.026856,-12.082463],[-77.026877,-12.082419]]}},{"type":"Feature","properties":{"id":"del_parque_sur","name":"Ciclovía Avenida Del Parque Sur","type":"segregada","km":0.251,"osm_ways":4},"geometry":{"type":"LineString","coordinates":[[-77.010114,-12.099577],[-77.010114,-12.099606],[-77.010125,-12.100067],[-77.010142,-12.100146],[-77.010168,-12.100254],[-77.010208,-12.100356],[-77.010226,-12.100379],[-77.010229,-12.100411],[-77.010262,-12.100482],[-77.010276,-12.100504],[-77.010283,-12.100537],[-77.010268,-12.100584],[-77.010263,-12.100632],[-77.010264,-12.100718],[-77.010286,-12.100831],[-77.010274,-12.100871],[-77.010284,-12.100941],[-77.010274,-12.100975],[-77.010274,-12.10101],[-77.010289,-12.101047],[-77.010306,-12.101083],[-77.01034,-12.101149],[-77.010388,-12.101203],[-77.010407,-12.101245],[-77.010445,-12.101317],[-77.010518,-12.101541],[-77.010523,-12.101608],[-77.010461,-12.101722]]}},{"type":"Feature","properties":{"id":"garcilazo_de_la_vega","name":"Ciclovía Avenida Garcilazo de la Vega","type":"segregada","km":1.764,"osm_ways":4},"geometry":{"type":"LineString","coordinates":[[-77.037465,-12.064417],[-77.037483,-12.064304],[-77.037454,-12.064237],[-77.037419,-12.064086],[-77.037461,-12.063648],[-77.037504,-12.06321],[-77.037537,-12.062803],[-77.037576,-12.062315],[-77.037615,-12.061827],[-77.037654,-12.061339],[-77.037686,-12.060939],[-77.037718,-12.060539],[-77.03775,-12.060139],[-77.037752,-12.060107],[-77.037758,-12.060019],[-77.037772,-12.059809],[-77.037778,-12.059718],[-77.037817,-12.059722],[-77.037845,-12.059725],[-77.037865,-12.059725],[-77.03787,-12.059687],[-77.037907,-12.059273],[-77.037944,-12.058858],[-77.037982,-12.058443],[-77.038019,-12.058029],[-77.038029,-12.057873],[-77.038036,-12.0578],[-77.038043,-12.057731],[-77.038078,-12.057305],[-77.038113,-12.056878],[-77.038148,-12.056451],[-77.038183,-12.056024],[-77.038194,-12.055893],[-77.0382,-12.055821],[-77.038242,-12.055308],[-77.038284,-12.054794],[-77.038326,-12.05428],[-77.038335,-12.054158],[-77.038345,-12.054051],[-77.038389,-12.053632],[-77.038434,-12.053213],[-77.038471,-12.052938],[-77.038508,-12.052664],[-77.03855,-12.052374],[-77.038591,-12.052083],[-77.038654,-12.05157],[-77.038716,-12.051056],[-77.038725,-12.050979],[-77.038793,-12.050448],[-77.038858,-12.049954],[-77.038922,-12.049461],[-77.038987,-12.048967],[-77.039,-12.048877],[-77.03902,-12.048732]]}},{"type":"Feature","properties":{"id":"la_costanera","name":"Ciclovía Avenida La Costanera","type":"segregada","km":1.669,"osm_ways":2},"geometry":{"type":"LineString","coordinates":[[-77.100009,-12.084044],[-77.099972,-12.084099],[-77.099618,-12.084264],[-77.099265,-12.084428],[-77.098911,-12.084592],[-77.098473,-12.084775],[-77.098035,-12.084958],[-77.097597,-12.085141],[-77.097159,-12.085324],[-77.097074,-12.085361],[-77.097006,-12.08539],[-77.096949,-12.085414],[-77.096457,-12.085657],[-77.095966,-12.085899],[-77.095474,-12.086142],[-77.095466,-12.086127],[-77.095409,-12.086157],[-77.094947,-12.086353],[-77.094585,-12.08654],[-77.094378,-12.086646],[-77.09389,-12.086838],[-77.093745,-12.086896],[-77.093505,-12.086992],[-77.09339,-12.087037],[-77.093308,-12.087069],[-77.093299,-12.087248],[-77.09302,-12.087415],[-77.092741,-12.087582],[-77.092597,-12.087524],[-77.092474,-12.087575],[-77.09216,-12.087704],[-77.091723,-12.087881],[-77.09148,-12.087966],[-77.091225,-12.088091],[-77.09097,-12.088216],[-77.090783,-12.08831],[-77.09047,-12.088399],[-77.09017,-12.088482],[-77.090073,-12.088529],[-77.090083,-12.088684],[-77.089921,-12.0888],[-77.089525,-12.089081],[-77.089375,-12.089016],[-77.089032,-12.089155],[-77.088595,-12.089388],[-77.08829,-12.089539],[-77.088095,-12.089654],[-77.087846,-12.08976],[-77.087509,-12.089827],[-77.087289,-12.089862],[-77.087154,-12.08991],[-77.086988,-12.089983],[-77.086804,-12.090089],[-77.086467,-12.090278]]}},{"type":"Feature","properties":{"id":"larco","name":"Ciclovía Avenida Larco","type":"segregada","km":0.623,"osm_ways":4},"geometry":{"type":"LineString","coordinates":[[-77.029443,-12.124545],[-77.029432,-12.124473],[-77.029355,-12.12398],[-77.029278,-12.123487],[-77.029241,-12.12321],[-77.029204,-12.122933],[-77.029165,-12.122644],[-77.029126,-12.122355],[-77.029115,-12.122285],[-77.029093,-12.121963],[-77.029071,-12.121641],[-77.029057,-12.121305],[-77.029044,-12.120969],[-77.029042,-12.120764],[-77.029033,-12.120537],[-77.029024,-12.120212],[-77.029015,-12.119887],[-77.029008,-12.119721],[-77.029007,-12.11963],[-77.029002,-12.119483],[-77.029001,-12.119388],[-77.028975,-12.119335],[-77.028959,-12.119297],[-77.028949,-12.11925],[-77.028947,-12.119211],[-77.028951,-12.119166],[-77.028965,-12.119128],[-77.02899,-12.119088],[-77.029014,-12.119061],[-77.029038,-12.119048],[-77.029082,-12.119041]]}},{"type":"Feature","properties":{"id":"lima","name":"Ciclovía Avenida Lima","type":"segregada","km":0.201,"osm_ways":3},"geometry":{"type":"LineString","coordinates":[[-77.01182,-12.025157],[-77.011425,-12.025114],[-77.01103,-12.025071],[-77.010977,-12.02509],[-77.0109,-12.025117],[-77.010885,-12.025117],[-77.010878,-12.025115],[-77.01084,-12.025074],[-77.010804,-12.025035],[-77.010611,-12.025195],[-77.010557,-12.025234],[-77.010217,-12.025546]]}},{"type":"Feature","properties":{"id":"san_borja_sur","name":"Ciclovía Avenida San Borja Sur","type":"segregada","km":0.622,"osm_ways":2},"geometry":{"type":"LineString","coordinates":[[-76.994771,-12.100358],[-76.994795,-12.10016],[-76.995099,-12.100186],[-76.995376,-12.100175],[-76.995409,-12.100166],[-76.995478,-12.100167],[-76.995597,-12.100149],[-76.995719,-12.100137],[-76.995834,-12.100146],[-76.995917,-12.100134],[-76.99596,-12.100139],[-76.995995,-12.100137],[-76.996134,-12.100158],[-76.996274,-12.100189],[-76.996323,-12.100194],[-76.996373,-12.10019],[-76.996418,-12.100196],[-76.996479,-12.10018],[-76.996609,-12.100189],[-76.996695,-12.100176],[-76.996802,-12.100187],[-76.996937,-12.100214],[-76.996989,-12.100214],[-76.997032,-12.100219],[-76.997071,-12.100232],[-76.997196,-12.100248],[-76.997267,-12.100245],[-76.997337,-12.100239],[-76.997413,-12.100246],[-76.997455,-12.100253],[-76.997509,-12.100268],[-76.997685,-12.100286],[-76.99774,-12.100285],[-76.997815,-12.100297],[-76.997941,-12.100307],[-76.997985,-12.100304],[-76.998145,-12.100314],[-76.998192,-12.100326],[-76.998332,-12.100342],[-76.998438,-12.100381],[-76.998459,-12.100383],[-76.998522,-12.100413],[-76.998587,-12.100427],[-76.998628,-12.10043],[-76.998695,-12.100432],[-76.998728,-12.100428],[-76.998798,-12.100438],[-76.998858,-12.100459],[-76.998976,-12.100493],[-76.999067,-12.100507],[-76.999108,-12.100506],[-76.99918,-12.100539],[-76.999231,-12.100547],[-76.999278,-12.100547],[-76.999396,-12.100605],[-76.999434,-12.100616],[-76.999501,-12.100619],[-76.999531,-12.100625],[-76.99959,-12.100645],[-76.999638,-12.100653],[-76.999695,-12.100654],[-76.999779,-12.100673],[-76.999823,-12.100673],[-76.999888,-12.100692],[-76.999924,-12.100689],[-76.999962,-12.100699],[-76.999991,-12.10068],[-77.000028,-12.10067],[-77.000095,-12.100686],[-77.000119,-12.100691],[-77.000154,-12.100703],[-77.000175,-12.10073],[-77.000183,-12.100748]]}},{"type":"Feature","properties":{"id":"san_borja_sur_2","name":"Ciclovía Avenida San Borja Sur","type":"segregada","km":0.171,"osm_ways":1},"geometry":{"type":"LineString","coordinates":[[-77.000221,-12.100807],[-77.000235,-12.100827],[-77.000291,-12.100873],[-77.000329,-12.100886],[-77.000414,-12.100875],[-77.000444,-12.100885],[-77.000492,-12.100875],[-77.000595,-12.100885],[-77.00064,-12.100876],[-77.00071,-12.100874],[-77.00076,-12.100861],[-77.000805,-12.10082],[-77.000848,-12.100814],[-77.000886,-12.100797],[-77.000912,-12.100795],[-77.000975,-12.100779],[-77.001,-12.100762],[-77.001017,-12.100748],[-77.001051,-12.100735],[-77.001072,-12.100741],[-77.001088,-12.100752],[-77.001102,-12.100769],[-77.001147,-12.100775],[-77.00119,-12.100803],[-77.001244,-12.100793],[-77.001263,-12.100793],[-77.001278,-12.100783],[-77.001328,-12.1008],[-77.001341,-12.100783],[-77.001363,-12.100779],[-77.001398,-12.100801],[-77.001424,-12.100789],[-77.001448,-12.100787],[-77.001471,-12.100795],[-77.001509,-12.100822],[-77.001544,-12.1008],[-77.001561,-12.100805],[-77.001581,-12.100793],[-77.001606,-12.100787],[-77.001652,-12.100777]]}},{"type":"Feature","properties":{"id":"san_borja_sur_3","name":"Ciclovía Avenida San Borja Sur","type":"segregada","km":0.203,"osm_ways":1},"geometry":{"type":"LineString","coordinates":[[-77.008895,-12.10027],[-77.009022,-12.100161],[-77.009076,-12.100115],[-77.009252,-12.099956],[-77.009358,-12.099874],[-77.009603,-12.099713],[-77.00981,-12.099632],[-77.009872,-12.099611],[-77.010087,-12.099576],[-77.010114,-12.099577],[-77.010537,-12.099591]]}},{"type":"Feature","properties":{"id":"tacna","name":"Ciclovía Avenida Tacna","type":"segregada","km":2.215,"osm_ways":11},"geometry":{"type":"LineString","coordinates":[[-77.03902,-12.048732],[-77.039016,-12.048643],[-77.039004,-12.048608],[-77.038977,-12.04854],[-77.038933,-12.048464],[-77.038689,-12.048111],[-77.038445,-12.047759],[-77.038202,-12.047406],[-77.038152,-12.04734],[-77.03811,-12.04728],[-77.037837,-12.046882],[-77.037564,-12.046484],[-77.037512,-12.046412],[-77.037476,-12.046363],[-77.037453,-12.046331],[-77.037427,-12.046296],[-77.037176,-12.045937],[-77.036926,-12.045579],[-77.036845,-12.045467],[-77.036813,-12.045423],[-77.036506,-12.044976],[-77.036199,-12.044529],[-77.03616,-12.044468],[-77.036116,-12.044406],[-77.035835,-12.043998],[-77.035554,-12.043589],[-77.035504,-12.043517],[-77.03547,-12.043468],[-77.0352,-12.043072],[-77.034929,-12.042676],[-77.034921,-12.042663],[-77.034873,-12.042586],[-77.034797,-12.042471],[-77.034634,-12.04223],[-77.03447,-12.04199],[-77.034307,-12.041751],[-77.03416,-12.041531],[-77.034012,-12.041307],[-77.033797,-12.04099],[-77.033765,-12.040944],[-77.033708,-12.04086],[-77.033635,-12.040755],[-77.033499,-12.040557],[-77.033299,-12.040274],[-77.0331,-12.039991],[-77.033005,-12.039859],[-77.032935,-12.039783],[-77.032898,-12.039736],[-77.032623,-12.039336],[-77.032549,-12.039178],[-77.03237,-12.038937],[-77.0323,-12.038838],[-77.032281,-12.038816],[-77.032257,-12.038787],[-77.032177,-12.038706],[-77.031915,-12.038301],[-77.031653,-12.037897],[-77.031389,-12.037481],[-77.031124,-12.037065],[-77.030859,-12.03665],[-77.030597,-12.03624],[-77.030334,-12.03583],[-77.030082,-12.03544],[-77.030004,-12.035284],[-77.029755,-12.034891],[-77.029633,-12.03472],[-77.029451,-12.034443],[-77.02927,-12.034166],[-77.02907,-12.033846],[-77.028869,-12.033525],[-77.028684,-12.03325],[-77.02846,-12.032906],[-77.028271,-12.032636],[-77.028189,-12.032529],[-77.028103,-12.032438],[-77.028059,-12.032371],[-77.027983,-12.03227],[-77.027852,-12.032111]]}},{"type":"Feature","properties":{"id":"aviacion_7","name":"Ciclovía Aviación","type":"segregada","km":0.325,"osm_ways":1},"geometry":{"type":"LineString","coordinates":[[-77.000879,-12.108504],[-77.000873,-12.108557],[-77.000871,-12.108576],[-77.000862,-12.108634],[-77.000858,-12.108662],[-77.000851,-12.108731],[-77.000823,-12.10883],[-77.000756,-12.109158],[-77.000782,-12.109231],[-77.000759,-12.109423],[-77.000741,-12.109572],[-77.000687,-12.109639],[-77.000634,-12.110029],[-77.000657,-12.110099],[-77.000622,-12.110356],[-77.000617,-12.110452],[-77.000608,-12.110529],[-77.000561,-12.110583],[-77.000509,-12.110992],[-77.000509,-12.111097],[-77.000577,-12.111243],[-77.000652,-12.111312]]}},{"type":"Feature","properties":{"id":"aviacion_8","name":"Ciclovía Aviación","type":"segregada","km":0.295,"osm_ways":1},"geometry":{"type":"LineString","coordinates":[[-77.000743,-12.108486],[-77.000798,-12.108096],[-77.000853,-12.107706],[-77.000908,-12.107317],[-77.000924,-12.107215],[-77.000968,-12.106929],[-77.00101,-12.10665],[-77.001052,-12.106371],[-77.001082,-12.105858]]}},{"type":"Feature","properties":{"id":"bailetti","name":"Ciclovía Bailetti","type":"segregada","km":0.399,"osm_ways":1},"geometry":{"type":"LineString","coordinates":[[-76.996822,-12.085022],[-76.996445,-12.08497],[-76.996068,-12.084918],[-76.995681,-12.084865],[-76.995295,-12.084812],[-76.994908,-12.084759],[-76.994489,-12.084703],[-76.994071,-12.084647],[-76.993652,-12.084591],[-76.993517,-12.084538],[-76.993201,-12.084499]]}},{"type":"Feature","properties":{"id":"bailetti_2","name":"Ciclovía Bailetti","type":"segregada","km":0.398,"osm_ways":1},"geometry":{"type":"LineString","coordinates":[[-76.993205,-12.084442],[-76.993605,-12.084499],[-76.994004,-12.084556],[-76.994461,-12.08462],[-76.994918,-12.084684],[-76.995397,-12.084751],[-76.995875,-12.084818],[-76.996354,-12.084886],[-76.996833,-12.084953]]}},{"type":"Feature","properties":{"id":"bailetti_3","name":"Ciclovía Bailetti","type":"segregada","km":0.371,"osm_ways":1},"geometry":{"type":"LineString","coordinates":[[-76.99291,-12.084477],[-76.99238,-12.084404],[-76.99185,-12.08433],[-76.99132,-12.084256],[-76.990988,-12.084209],[-76.990657,-12.084162],[-76.990595,-12.084153],[-76.990512,-12.084147],[-76.990409,-12.084142],[-76.990273,-12.084135],[-76.990124,-12.084136],[-76.989755,-12.084148],[-76.989632,-12.084154],[-76.989599,-12.084159],[-76.989532,-12.084185]]}},{"type":"Feature","properties":{"id":"bailetti_4","name":"Ciclovía Bailetti","type":"segregada","km":0.365,"osm_ways":1},"geometry":{"type":"LineString","coordinates":[[-76.989616,-12.083899],[-76.98964,-12.083916],[-76.989663,-12.083928],[-76.989923,-12.083982],[-76.99014,-12.084018],[-76.990671,-12.08409],[-76.991001,-12.084135],[-76.991331,-12.08418],[-76.991416,-12.084191],[-76.991899,-12.08426],[-76.991992,-12.084292],[-76.992456,-12.084358],[-76.992921,-12.084424]]}},{"type":"Feature","properties":{"id":"balta","name":"Ciclovía Balta","type":"segregada","km":0.221,"osm_ways":1},"geometry":{"type":"LineString","coordinates":[[-77.017583,-12.141948],[-77.017546,-12.14195],[-77.017527,-12.141953],[-77.01751,-12.141959],[-77.017493,-12.141968],[-77.017475,-12.141981],[-77.0174,-12.142042],[-77.017167,-12.142244],[-77.01709,-12.142309],[-77.016779,-12.142574],[-77.016435,-12.142869],[-77.01609,-12.143165],[-77.016084,-12.14317],[-77.016028,-12.143215]]}},{"type":"Feature","properties":{"id":"barcelona","name":"Ciclovía Barcelona","type":"segregada","km":0.168,"osm_ways":1},"geometry":{"type":"LineString","coordinates":[[-77.052495,-12.091555],[-77.052405,-12.091597],[-77.052008,-12.091804],[-77.051611,-12.09201],[-77.051067,-12.092052]]}},{"type":"Feature","properties":{"id":"bartolome_herrera","name":"Ciclovía Bartolomé Herrera","type":"segregada","km":0.084,"osm_ways":2},"geometry":{"type":"LineString","coordinates":[[-77.027709,-12.080332],[-77.027742,-12.080336],[-77.027834,-12.08035],[-77.028159,-12.080396],[-77.028478,-12.08044]]}},{"type":"Feature","properties":{"id":"bartolome_herrera_2","name":"Ciclovía Bartolomé Herrera","type":"segregada","km":0.684,"osm_ways":1},"geometry":{"type":"LineString","coordinates":[[-77.028617,-12.08046],[-77.029067,-12.080521],[-77.029175,-12.080536],[-77.029266,-12.080548],[-77.029689,-12.080606],[-77.030211,-12.080677],[-77.030495,-12.080716],[-77.030779,-12.080754],[-77.031316,-12.080827],[-77.031853,-12.080901],[-77.032223,-12.080951],[-77.032592,-12.081001],[-77.032961,-12.081051],[-77.033383,-12.081109],[-77.033805,-12.081167],[-77.034328,-12.081239],[-77.034851,-12.081312]]}},{"type":"Feature","properties":{"id":"bartolome_herrera_3","name":"Ciclovía Bartolomé Herrera","type":"segregada","km":0.112,"osm_ways":1},"geometry":{"type":"LineString","coordinates":[[-77.036051,-12.081481],[-77.035539,-12.081408],[-77.035028,-12.081336]]}},{"type":"Feature","properties":{"id":"bausate_y_meza","name":"Ciclovía Bausate y Meza","type":"segregada","km":1.498,"osm_ways":1},"geometry":{"type":"LineString","coordinates":[[-77.02908,-12.064443],[-77.029009,-12.064434],[-77.028691,-12.064393],[-77.028373,-12.064351],[-77.028025,-12.064309],[-77.027676,-12.064266],[-77.027279,-12.064225],[-77.026882,-12.064183],[-77.026599,-12.064144],[-77.026399,-12.064116],[-77.026073,-12.064071],[-77.025755,-12.064029],[-77.025437,-12.063987],[-77.02511,-12.06395],[-77.024784,-12.063913],[-77.02461,-12.063891],[-77.024205,-12.063838],[-77.023799,-12.063786],[-77.023393,-12.063733],[-77.023317,-12.063724],[-77.02304,-12.063692],[-77.022684,-12.063646],[-77.022283,-12.063592],[-77.021881,-12.063538],[-77.021483,-12.063487],[-77.021084,-12.063436],[-77.020787,-12.0634],[-77.02049,-12.063364],[-77.020358,-12.063348],[-77.020032,-12.063303],[-77.019706,-12.063258],[-77.019231,-12.063193],[-77.018756,-12.063128],[-77.018296,-12.063077],[-77.017836,-12.063026],[-77.017726,-12.063016],[-77.017217,-12.062953],[-77.01692,-12.06292],[-77.016807,-12.062903],[-77.016447,-12.062857],[-77.016086,-12.062811],[-77.015754,-12.062765],[-77.015422,-12.062719]]}},{"type":"Feature","properties":{"id":"belisario_flores","name":"Ciclovía Belisario Flores","type":"segregada","km":1.144,"osm_ways":2},"geometry":{"type":"LineString","coordinates":[[-77.045468,-12.08253],[-77.045449,-12.082591],[-77.045723,-12.082733],[-77.045691,-12.083013],[-77.0454,-12.083025],[-77.044971,-12.083044],[-77.044542,-12.083063],[-77.044112,-12.083081],[-77.043683,-12.0831],[-77.043656,-12.083096],[-77.043248,-12.083047],[-77.04284,-12.082997],[-77.042307,-12.082926],[-77.041938,-12.082855],[-77.041437,-12.08267],[-77.040936,-12.082485],[-77.040867,-12.082464],[-77.040813,-12.08244],[-77.040502,-12.082337],[-77.040192,-12.082234],[-77.040106,-12.082207],[-77.040054,-12.082188],[-77.039737,-12.08208],[-77.039421,-12.081972],[-77.039329,-12.081947],[-77.03928,-12.081931],[-77.038812,-12.081863],[-77.038344,-12.081796],[-77.03797,-12.081747],[-77.03765,-12.081705],[-77.037331,-12.081664],[-77.036904,-12.081603],[-77.036478,-12.081542],[-77.036051,-12.081481]]}},{"type":"Feature","properties":{"id":"bocanegra","name":"Ciclovía Bocanegra","type":"segregada","km":0.419,"osm_ways":1},"geometry":{"type":"LineString","coordinates":[[-77.094715,-12.004016],[-77.094675,-12.004091],[-77.094656,-12.004156],[-77.094671,-12.004215],[-77.094706,-12.004254],[-77.094816,-12.004317],[-77.094868,-12.004338],[-77.094898,-12.00433],[-77.094941,-12.004277],[-77.094985,-12.004215],[-77.095009,-12.004215],[-77.095211,-12.004373],[-77.095468,-12.004569],[-77.095725,-12.004765],[-77.095906,-12.004919],[-77.096102,-12.005085],[-77.096194,-12.005141],[-77.096444,-12.00526],[-77.096694,-12.005379],[-77.097118,-12.005582],[-77.097541,-12.005785],[-77.097703,-12.005865]]}},{"type":"Feature","properties":{"id":"bolognesi_4","name":"Ciclovía Bolognesi","type":"segregada","km":0.092,"osm_ways":4},"geometry":{"type":"LineString","coordinates":[[-77.035903,-12.126038],[-77.035889,-12.126044],[-77.035882,-12.126051],[-77.035877,-12.12606],[-77.035876,-12.126071],[-77.035885,-12.126374],[-77.035895,-12.126677],[-77.035896,-12.126726],[-77.035898,-12.126757],[-77.035938,-12.126843]]}},{"type":"Feature","properties":{"id":"boulevard_de_surco_2","name":"Ciclovía Boulevard de Surco","type":"segregada","km":0.633,"osm_ways":2},"geometry":{"type":"LineString","coordinates":[[-76.992116,-12.107085],[-76.992046,-12.10704],[-76.991849,-12.106694],[-76.991665,-12.106307],[-76.991481,-12.10592],[-76.991473,-12.105888],[-76.991474,-12.105859],[-76.99148,-12.10583],[-76.991516,-12.10577],[-76.991445,-12.10559],[-76.991433,-12.105575],[-76.991417,-12.105568],[-76.991386,-12.105564],[-76.991371,-12.10556],[-76.991361,-12.105551],[-76.991353,-12.105533],[-76.99127,-12.105348],[-76.991258,-12.10533],[-76.991243,-12.105313],[-76.991184,-12.105241],[-76.991166,-12.105216],[-76.991152,-12.105192],[-76.990996,-12.104875],[-76.990841,-12.104558],[-76.990831,-12.104527],[-76.990827,-12.104491],[-76.990817,-12.104396],[-76.990815,-12.104377],[-76.990805,-12.104353],[-76.990603,-12.103938],[-76.9904,-12.103524],[-76.990394,-12.103506],[-76.990396,-12.103492],[-76.990404,-12.103478],[-76.990483,-12.103432],[-76.990495,-12.103421],[-76.990498,-12.103407],[-76.990491,-12.103381],[-76.990312,-12.102994],[-76.990307,-12.10298],[-76.990305,-12.102967],[-76.990306,-12.102935],[-76.990282,-12.102921],[-76.989851,-12.103148],[-76.989705,-12.103234],[-76.989479,-12.103363],[-76.989457,-12.103413]]}},{"type":"Feature","properties":{"id":"buenavista","name":"Ciclovía Buenavista","type":"segregada","km":0.771,"osm_ways":1},"geometry":{"type":"LineString","coordinates":[[-76.98016,-12.103425],[-76.980155,-12.103463],[-76.980101,-12.10387],[-76.980048,-12.104277],[-76.980042,-12.10432],[-76.98003,-12.104404],[-76.97997,-12.104839],[-76.97991,-12.105273],[-76.97985,-12.105707],[-76.979798,-12.106078],[-76.979746,-12.106449],[-76.979693,-12.10682],[-76.979662,-12.107128],[-76.979651,-12.107535],[-76.979683,-12.108027],[-76.979708,-12.108169],[-76.979755,-12.108438],[-76.979784,-12.108574],[-76.979857,-12.108836],[-76.979906,-12.108984],[-76.979962,-12.109152],[-76.980065,-12.109379],[-76.980088,-12.109424],[-76.980199,-12.109644],[-76.980284,-12.109785],[-76.98038,-12.109879],[-76.980404,-12.109961],[-76.980386,-12.110028],[-76.98038,-12.11011],[-76.98038,-12.11017]]}},{"type":"Feature","properties":{"id":"san_martin_3","name":"Ciclovía Calle San Martín","type":"segregada","km":1.021,"osm_ways":1},"geometry":{"type":"LineString","coordinates":[[-77.032757,-12.124639],[-77.032391,-12.124796],[-77.032026,-12.124953],[-77.031733,-12.125072],[-77.031441,-12.125192],[-77.030987,-12.125377],[-77.030534,-12.125562],[-77.030189,-12.125703],[-77.029844,-12.125844],[-77.029499,-12.125985],[-77.029462,-12.126],[-77.02899,-12.126193],[-77.028519,-12.126385],[-77.028047,-12.126578],[-77.027686,-12.126726],[-77.027324,-12.126874],[-77.026962,-12.127021],[-77.02649,-12.127214],[-77.026018,-12.127407],[-77.025538,-12.127603],[-77.025058,-12.127799],[-77.024578,-12.127996],[-77.024097,-12.128192]]}},{"type":"Feature","properties":{"id":"canaval_y_moreyra","name":"Ciclovía Canaval y Moreyra","type":"segregada","km":0.146,"osm_ways":2},"geometry":{"type":"LineString","coordinates":[[-77.02604,-12.096531],[-77.025747,-12.096633],[-77.025454,-12.096735],[-77.025414,-12.096734],[-77.025447,-12.096707],[-77.025709,-12.096613],[-77.025972,-12.096519],[-77.025993,-12.096514],[-77.026007,-12.096513],[-77.026021,-12.096516],[-77.026029,-12.096521],[-77.02604,-12.096531]]}},{"type":"Feature","properties":{"id":"canaval_y_moreyra_2","name":"Ciclovía Canaval y Moreyra","type":"segregada","km":0.524,"osm_ways":4},"geometry":{"type":"LineString","coordinates":[[-77.025414,-12.096734],[-77.025359,-12.096744],[-77.025258,-12.09676],[-77.024808,-12.096814],[-77.024729,-12.096822],[-77.02468,-12.096827],[-77.024608,-12.096797],[-77.024175,-12.096858],[-77.023742,-12.096919],[-77.023309,-12.096979],[-77.022814,-12.097049],[-77.022319,-12.09712],[-77.021824,-12.09719],[-77.021601,-12.097218],[-77.021163,-12.097275],[-77.020724,-12.097333],[-77.020694,-12.097331],[-77.020672,-12.097326],[-77.02065,-12.097312]]}},{"type":"Feature","properties":{"id":"canaval_y_moreyra_3","name":"Ciclovía Canaval y Moreyra","type":"segregada","km":0.451,"osm_ways":1},"geometry":{"type":"LineString","coordinates":[[-77.02468,-12.096827],[-77.024622,-12.096858],[-77.024188,-12.096921],[-77.023754,-12.096984],[-77.02332,-12.097047],[-77.022824,-12.097119],[-77.022328,-12.097192],[-77.021832,-12.097264],[-77.021612,-12.097294],[-77.021151,-12.097358],[-77.020691,-12.097422],[-77.020657,-12.09743],[-77.020623,-12.097442],[-77.020586,-12.097459]]}},{"type":"Feature","properties":{"id":"canaval_y_moreyra_4","name":"Ciclovía Canaval y Moreyra","type":"segregada","km":0.31,"osm_ways":1},"geometry":{"type":"LineString","coordinates":[[-77.020118,-12.09753],[-77.020098,-12.09752],[-77.020088,-12.097517],[-77.020077,-12.097514],[-77.019746,-12.097555],[-77.019415,-12.097595],[-77.019111,-12.097644],[-77.018896,-12.097641],[-77.018519,-12.097696],[-77.018429,-12.097711],[-77.018273,-12.09775],[-77.018199,-12.097759],[-77.017874,-12.097797],[-77.01755,-12.097836],[-77.017459,-12.097855],[-77.01738,-12.097878],[-77.017312,-12.097917]]}},{"type":"Feature","properties":{"id":"canaval_y_moreyra_5","name":"Ciclovía Canaval y Moreyra","type":"segregada","km":0.701,"osm_ways":2},"geometry":{"type":"LineString","coordinates":[[-77.014108,-12.09732],[-77.014138,-12.097334],[-77.014167,-12.097336],[-77.014462,-12.097301],[-77.014757,-12.097266],[-77.014885,-12.09725],[-77.015297,-12.097196],[-77.015708,-12.097142],[-77.016119,-12.097088],[-77.016396,-12.097064],[-77.016535,-12.097067],[-77.016712,-12.09713],[-77.016854,-12.097272],[-77.016899,-12.097312],[-77.016985,-12.097464],[-77.017058,-12.097582],[-77.017143,-12.097668],[-77.017203,-12.097712],[-77.017341,-12.097753],[-77.017426,-12.097757],[-77.017541,-12.097756],[-77.017861,-12.097718],[-77.018182,-12.097681],[-77.01826,-12.097672],[-77.018422,-12.097636],[-77.018509,-12.097624],[-77.018957,-12.097568],[-77.019405,-12.097511],[-77.019758,-12.097465],[-77.020111,-12.097419],[-77.02012,-12.09741],[-77.020149,-12.097394],[-77.020185,-12.097365]]}},{"type":"Feature","properties":{"id":"chorrillos","name":"Ciclovía Chorrillos","type":"segregada","km":0.695,"osm_ways":2},"geometry":{"type":"LineString","coordinates":[[-77.022986,-12.15624],[-77.022979,-12.156318],[-77.022981,-12.156332],[-77.02302,-12.156651],[-77.023059,-12.15697],[-77.023107,-12.15735],[-77.023162,-12.157783],[-77.023192,-12.158001],[-77.023212,-12.158153],[-77.023265,-12.158566],[-77.023319,-12.158979],[-77.023373,-12.159392],[-77.023426,-12.159805],[-77.023484,-12.160278],[-77.023539,-12.160696],[-77.023594,-12.161114],[-77.02365,-12.161532],[-77.023705,-12.16195],[-77.023714,-12.162036],[-77.023722,-12.162308],[-77.023722,-12.162448]]}},{"type":"Feature","properties":{"id":"colonial","name":"Ciclovía Colonial","type":"segregada","km":3.784,"osm_ways":3},"geometry":{"type":"LineString","coordinates":[[-77.077868,-12.05023],[-77.077843,-12.050208],[-77.07782,-12.050207],[-77.077774,-12.050245],[-77.077718,-12.050288],[-77.077592,-12.050201],[-77.077521,-12.050178],[-77.077457,-12.050168],[-77.077018,-12.050114],[-77.076578,-12.050059],[-77.076256,-12.050017],[-77.076261,-12.049986],[-77.076264,-12.049954],[-77.076077,-12.049935],[-77.075556,-12.049885],[-77.075091,-12.049836],[-77.074626,-12.049787],[-77.074114,-12.049736],[-77.074047,-12.049729],[-77.073987,-12.049724],[-77.073564,-12.049679],[-77.073141,-12.049635],[-77.072718,-12.049591],[-77.072296,-12.049546],[-77.071878,-12.049503],[-77.07138,-12.049445],[-77.071312,-12.049443],[-77.071228,-12.049436],[-77.071133,-12.049429],[-77.07107,-12.049408],[-77.070925,-12.049346],[-77.070397,-12.049291],[-77.069869,-12.049236],[-77.069446,-12.049195],[-77.069223,-12.049173],[-77.068811,-12.049131],[-77.068399,-12.04909],[-77.067987,-12.049048],[-77.067575,-12.049006],[-77.067272,-12.048999],[-77.067207,-12.048993],[-77.066777,-12.048946],[-77.066461,-12.048912],[-77.066144,-12.048877],[-77.065979,-12.0488],[-77.065641,-12.048769],[-77.065303,-12.048739],[-77.065002,-12.04871],[-77.064924,-12.048703],[-77.064483,-12.048659],[-77.064042,-12.048615],[-77.063601,-12.048571],[-77.06316,-12.048527],[-77.062719,-12.048483],[-77.062317,-12.048444],[-77.061943,-12.048418],[-77.061653,-12.048402],[-77.061363,-12.048386],[-77.06126,-12.048381],[-77.06116,-12.048375],[-77.061056,-12.048365],[-77.060912,-12.04835],[-77.060572,-12.048315],[-77.060231,-12.04828],[-77.059887,-12.048245],[-77.059543,-12.04821],[-77.059443,-12.0482],[-77.059328,-12.048188],[-77.059263,-12.048183],[-77.059066,-12.048166],[-77.058963,-12.048134],[-77.058898,-12.048114],[-77.058808,-12.048086],[-77.058692,-12.048061],[-77.058578,-12.048047],[-77.058121,-12.048012],[-77.057988,-12.047999],[-77.057618,-12.047961],[-77.057322,-12.047931],[-77.0571,-12.047909],[-77.056695,-12.047873],[-77.056291,-12.047838],[-77.055886,-12.047802],[-77.055458,-12.047754],[-77.055031,-12.047707],[-77.05452,-12.04765],[-77.053994,-12.047587],[-77.053875,-12.047575],[-77.053766,-12.047562],[-77.053391,-12.047521],[-77.052854,-12.047466],[-77.052542,-12.047439],[-77.052257,-12.04742],[-77.051972,-12.047402],[-77.051687,-12.047372],[-77.051402,-12.047342],[-77.051052,-12.047305],[-77.050701,-12.047268],[-77.050628,-12.04726],[-77.050206,-12.047215],[-77.049784,-12.04717],[-77.049362,-12.047125],[-77.048942,-12.047086],[-77.048522,-12.047046],[-77.048102,-12.047007],[-77.047682,-12.046967],[-77.047499,-12.046952],[-77.047181,-12.046921],[-77.046858,-12.04689],[-77.046794,-12.046885],[-77.046743,-12.046878],[-77.046685,-12.046872],[-77.046313,-12.046836],[-77.045941,-12.0468],[-77.045569,-12.046764],[-77.045483,-12.046757],[-77.045388,-12.046746],[-77.044984,-12.046705],[-77.04458,-12.046664],[-77.044176,-12.046623],[-77.043806,-12.046589],[-77.043437,-12.046554]]}},{"type":"Feature","properties":{"id":"colonial_2","name":"Ciclovía Colonial","type":"segregada","km":3.774,"osm_ways":1},"geometry":{"type":"LineString","coordinates":[[-77.043453,-12.046328],[-77.043667,-12.046346],[-77.044077,-12.046386],[-77.044196,-12.046398],[-77.044495,-12.046429],[-77.044794,-12.046459],[-77.045099,-12.046491],[-77.045405,-12.046523],[-77.045502,-12.04653],[-77.045586,-12.046542],[-77.045639,-12.046548],[-77.046005,-12.046585],[-77.046356,-12.046626],[-77.046706,-12.046667],[-77.046762,-12.046671],[-77.046814,-12.046674],[-77.04688,-12.046681],[-77.047285,-12.046722],[-77.047691,-12.046762],[-77.048096,-12.046802],[-77.04848,-12.04684],[-77.048719,-12.046864],[-77.049051,-12.046895],[-77.049383,-12.046926],[-77.049757,-12.046967],[-77.050191,-12.047014],[-77.050647,-12.047063],[-77.050723,-12.047073],[-77.051218,-12.047121],[-77.051583,-12.047154],[-77.052008,-12.047193],[-77.052294,-12.047216],[-77.052579,-12.047238],[-77.052861,-12.047259],[-77.053286,-12.047304],[-77.053441,-12.047319],[-77.053826,-12.047356],[-77.054185,-12.0474],[-77.054543,-12.047443],[-77.054923,-12.047482],[-77.055303,-12.047522],[-77.055683,-12.047561],[-77.056161,-12.047611],[-77.056638,-12.04766],[-77.057115,-12.04771],[-77.057288,-12.047728],[-77.05769,-12.047771],[-77.058121,-12.047815],[-77.058553,-12.047859],[-77.058985,-12.047903],[-77.059417,-12.047947],[-77.05963,-12.047969],[-77.059719,-12.047978],[-77.060181,-12.048023],[-77.060642,-12.048068],[-77.060947,-12.048098],[-77.061428,-12.04815],[-77.061909,-12.048202],[-77.062389,-12.048254],[-77.062694,-12.048286],[-77.063197,-12.048333],[-77.0637,-12.048381],[-77.064012,-12.048414],[-77.064323,-12.048448],[-77.064532,-12.04847],[-77.064707,-12.048489],[-77.064738,-12.04849],[-77.064767,-12.04849],[-77.06487,-12.048457],[-77.064949,-12.048466],[-77.065337,-12.048499],[-77.065367,-12.048526],[-77.065399,-12.048557],[-77.06585,-12.048601],[-77.066301,-12.048645],[-77.066752,-12.048689],[-77.067203,-12.048732],[-77.067347,-12.048746],[-77.067805,-12.048794],[-77.068263,-12.048841],[-77.068721,-12.048889],[-77.069179,-12.048936],[-77.069637,-12.048984],[-77.070022,-12.049017],[-77.070406,-12.049051],[-77.07079,-12.049084],[-77.071276,-12.049122],[-77.071451,-12.049137],[-77.071739,-12.049164],[-77.072028,-12.04919],[-77.072101,-12.049197],[-77.072233,-12.049209],[-77.072323,-12.049217],[-77.072852,-12.049269],[-77.073381,-12.049322],[-77.07391,-12.049374],[-77.074439,-12.049426],[-77.07496,-12.049479],[-77.07548,-12.049532],[-77.076,-12.049585],[-77.076061,-12.049621],[-77.076093,-12.049641],[-77.076331,-12.049657],[-77.076633,-12.049683],[-77.076815,-12.049705],[-77.076964,-12.049726],[-77.077127,-12.04975],[-77.077335,-12.04978],[-77.077664,-12.049835],[-77.077691,-12.049851],[-77.077721,-12.04988],[-77.077773,-12.049898],[-77.077892,-12.049911],[-77.07791,-12.049911]]}},{"type":"Feature","properties":{"id":"costa_verde","name":"Ciclovía Costa Verde","type":"segregada","km":1.187,"osm_ways":1},"geometry":{"type":"LineString","coordinates":[[-77.024643,-12.150354],[-77.024636,-12.150461],[-77.024637,-12.150536],[-77.024697,-12.150886],[-77.024702,-12.150926],[-77.024766,-12.151357],[-77.024772,-12.151543],[-77.024759,-12.151718],[-77.024732,-12.151893],[-77.024692,-12.152067],[-77.024685,-12.152244],[-77.024679,-12.152646],[-77.024679,-12.15297],[-77.024665,-12.153319],[-77.024674,-12.153379],[-77.024787,-12.15375],[-77.0249,-12.154121],[-77.024957,-12.154327],[-77.025006,-12.1545],[-77.025065,-12.154799],[-77.025125,-12.155099],[-77.025179,-12.155441],[-77.02519,-12.155624],[-77.025203,-12.155836],[-77.025212,-12.156166],[-77.0252,-12.156484],[-77.025188,-12.156802],[-77.025186,-12.15683],[-77.025169,-12.157034],[-77.025154,-12.157352],[-77.025153,-12.157558],[-77.025163,-12.157711],[-77.025186,-12.157881],[-77.025231,-12.158152],[-77.025293,-12.158457],[-77.025347,-12.158734],[-77.025402,-12.159011],[-77.025457,-12.159277],[-77.025512,-12.159544],[-77.025572,-12.159844],[-77.025632,-12.160145],[-77.025696,-12.160448],[-77.025761,-12.160752],[-77.025782,-12.160894]]}},{"type":"Feature","properties":{"id":"costa_verde_2","name":"Ciclovía Costa Verde","type":"segregada","km":5.715,"osm_ways":3},"geometry":{"type":"LineString","coordinates":[[-77.103375,-12.084465],[-77.10353,-12.084426],[-77.103685,-12.084371],[-77.103983,-12.084217],[-77.10428,-12.084063],[-77.104677,-12.083838],[-77.105074,-12.083612],[-77.105369,-12.083424],[-77.105578,-12.083253],[-77.105734,-12.083151],[-77.106157,-12.082876],[-77.106581,-12.082601],[-77.107005,-12.082325],[-77.107429,-12.08205],[-77.107853,-12.081775],[-77.108276,-12.0815],[-77.1087,-12.081225],[-77.109124,-12.08095],[-77.109548,-12.080675],[-77.109972,-12.0804],[-77.110173,-12.080274],[-77.110433,-12.080122],[-77.110717,-12.079964],[-77.110999,-12.079812],[-77.111275,-12.079681],[-77.111664,-12.079556],[-77.112018,-12.079415],[-77.112373,-12.079274],[-77.112727,-12.079133],[-77.113185,-12.078905],[-77.113643,-12.078676],[-77.114102,-12.078448],[-77.114571,-12.078246],[-77.11504,-12.078045],[-77.115509,-12.077843],[-77.115971,-12.077642],[-77.116434,-12.077442],[-77.116897,-12.077241],[-77.11736,-12.07704],[-77.117823,-12.076839],[-77.118286,-12.076638],[-77.118748,-12.076438],[-77.119211,-12.076237],[-77.119674,-12.076036],[-77.120093,-12.075862],[-77.120511,-12.075689],[-77.120929,-12.075515],[-77.121348,-12.075342],[-77.121766,-12.075168],[-77.122271,-12.074955],[-77.122776,-12.074743],[-77.123281,-12.074531],[-77.123786,-12.074318],[-77.124223,-12.074103],[-77.124572,-12.073911],[-77.124867,-12.073746],[-77.12528,-12.073538],[-77.125746,-12.073329],[-77.126212,-12.07312],[-77.126678,-12.072911],[-77.12712,-12.072722],[-77.127561,-12.072533],[-77.128002,-12.072344],[-77.128443,-12.072154],[-77.128884,-12.071965],[-77.129319,-12.071789],[-77.129753,-12.071612],[-77.130188,-12.071435],[-77.130622,-12.071258],[-77.131057,-12.071081],[-77.131556,-12.070894],[-77.132055,-12.070706],[-77.132554,-12.070519],[-77.13301,-12.070365],[-77.133466,-12.070212],[-77.133922,-12.070058],[-77.134372,-12.069919],[-77.134822,-12.06978],[-77.135272,-12.069641],[-77.135722,-12.069502],[-77.13616,-12.069382],[-77.136598,-12.069262],[-77.137035,-12.069143],[-77.137473,-12.069023],[-77.137984,-12.068903],[-77.138495,-12.068783],[-77.139006,-12.068663],[-77.139532,-12.068546],[-77.140059,-12.068428],[-77.140586,-12.068311],[-77.141013,-12.068224],[-77.14144,-12.068136],[-77.141868,-12.068049],[-77.142255,-12.067988],[-77.142643,-12.067928],[-77.143023,-12.06788],[-77.143403,-12.067833],[-77.143935,-12.067778],[-77.144467,-12.067723],[-77.144854,-12.067695],[-77.145241,-12.067668],[-77.145629,-12.06764],[-77.14592,-12.067618],[-77.146212,-12.067595],[-77.146613,-12.06756],[-77.147014,-12.067524],[-77.147393,-12.067483],[-77.147772,-12.067442],[-77.148151,-12.0674],[-77.14859,-12.067348],[-77.149029,-12.067296],[-77.149467,-12.067243],[-77.149906,-12.067191],[-77.150344,-12.067138],[-77.150867,-12.067061],[-77.15139,-12.066984],[-77.151912,-12.066908],[-77.152086,-12.066888],[-77.152105,-12.066919]]}},{"type":"Feature","properties":{"id":"costa_verde_3","name":"Ciclovía Costa Verde","type":"segregada","km":2.265,"osm_ways":3},"geometry":{"type":"LineString","coordinates":[[-77.02473,-12.148369],[-77.024692,-12.148359],[-77.024817,-12.147883],[-77.024942,-12.147407],[-77.024963,-12.147326],[-77.024985,-12.147255],[-77.025076,-12.146996],[-77.025167,-12.146737],[-77.025207,-12.146639],[-77.02525,-12.146551],[-77.025297,-12.146454],[-77.02553,-12.145981],[-77.025575,-12.145874],[-77.025606,-12.145793],[-77.025624,-12.145728],[-77.025666,-12.145511],[-77.025669,-12.145451],[-77.02566,-12.1454],[-77.025641,-12.145341],[-77.025577,-12.145209],[-77.025558,-12.145148],[-77.025549,-12.145073],[-77.025549,-12.145017],[-77.025556,-12.144763],[-77.025573,-12.144615],[-77.025589,-12.14453],[-77.025606,-12.144432],[-77.025621,-12.144358],[-77.025675,-12.144209],[-77.025747,-12.144055],[-77.025967,-12.143635],[-77.026035,-12.143508],[-77.026101,-12.14339],[-77.026185,-12.143224],[-77.026225,-12.14313],[-77.026263,-12.143028],[-77.026276,-12.142956],[-77.02629,-12.142876],[-77.026303,-12.142763],[-77.02632,-12.142694],[-77.026339,-12.142636],[-77.026373,-12.142546],[-77.026439,-12.142389],[-77.026502,-12.142266],[-77.026595,-12.14212],[-77.026693,-12.141973],[-77.026922,-12.14168],[-77.027004,-12.141583],[-77.027186,-12.14136],[-77.027461,-12.141008],[-77.027737,-12.140656],[-77.028009,-12.14031],[-77.028017,-12.140298],[-77.028059,-12.140241],[-77.028105,-12.140164],[-77.028138,-12.140083],[-77.028178,-12.139996],[-77.028219,-12.139861],[-77.028255,-12.139723],[-77.028262,-12.139693],[-77.028273,-12.139645],[-77.028283,-12.139584],[-77.02831,-12.139217],[-77.028337,-12.13885],[-77.028344,-12.138814],[-77.028352,-12.138786],[-77.0284,-12.138682],[-77.028414,-12.138646],[-77.02842,-12.138611],[-77.02845,-12.138342],[-77.02848,-12.138073],[-77.028491,-12.13799],[-77.028508,-12.137897],[-77.028529,-12.137801],[-77.028574,-12.137636],[-77.028595,-12.137435],[-77.028636,-12.137347],[-77.028714,-12.137216],[-77.028797,-12.136996],[-77.028986,-12.13652],[-77.029175,-12.136043],[-77.029252,-12.135881],[-77.02935,-12.135686],[-77.02953,-12.135351],[-77.02971,-12.135016],[-77.029889,-12.134681],[-77.030046,-12.134388],[-77.030202,-12.134094],[-77.030242,-12.134028],[-77.030281,-12.133972],[-77.030345,-12.133895],[-77.030586,-12.133622],[-77.030826,-12.133348],[-77.030974,-12.133186],[-77.031053,-12.133109],[-77.031136,-12.133037],[-77.031234,-12.13296],[-77.031636,-12.132648],[-77.032038,-12.132336],[-77.032126,-12.13227],[-77.032149,-12.132254],[-77.032202,-12.132219],[-77.032283,-12.132172],[-77.032613,-12.131968],[-77.032642,-12.131943],[-77.032665,-12.131919],[-77.032713,-12.131849],[-77.032747,-12.131818],[-77.032775,-12.131802],[-77.033095,-12.131634],[-77.033416,-12.131466],[-77.033463,-12.131446],[-77.033516,-12.131428],[-77.033573,-12.131412],[-77.033933,-12.131308],[-77.033967,-12.131294],[-77.034007,-12.131275]]}},{"type":"Feature","properties":{"id":"costa_verde_magdalena_san_miguel","name":"Ciclovía Costa Verde Magdalena - San Miguel","type":"compartida","km":0.141,"osm_ways":1},"geometry":{"type":"LineString","coordinates":[[-77.104205,-12.083586],[-77.103916,-12.083741],[-77.103626,-12.083897],[-77.103333,-12.08402],[-77.103039,-12.084143]]}},{"type":"Feature","properties":{"id":"costa_verde_magdalena_san_miguel_2","name":"Ciclovía Costa Verde Magdalena - San Miguel","type":"segregada","km":6.051,"osm_ways":4},"geometry":{"type":"LineString","coordinates":[[-77.058571,-12.108591],[-77.05859,-12.108561],[-77.058622,-12.108517],[-77.058663,-12.108478],[-77.058958,-12.108292],[-77.059253,-12.108107],[-77.05946,-12.107977],[-77.059492,-12.107963],[-77.059526,-12.107955],[-77.059556,-12.107953],[-77.059585,-12.107958],[-77.059623,-12.107969],[-77.059661,-12.107978],[-77.0597,-12.107979],[-77.059739,-12.107974],[-77.059777,-12.107961],[-77.059811,-12.107943],[-77.059843,-12.107918],[-77.059869,-12.107888],[-77.059889,-12.107854],[-77.059903,-12.107817],[-77.059898,-12.107775],[-77.059888,-12.107748],[-77.059861,-12.107673],[-77.059852,-12.107643],[-77.059851,-12.107614],[-77.059862,-12.107583],[-77.059894,-12.107548],[-77.059948,-12.107507],[-77.060019,-12.107468],[-77.060085,-12.107425],[-77.060228,-12.107338],[-77.060305,-12.107285],[-77.060385,-12.107231],[-77.060531,-12.107063],[-77.060602,-12.106964],[-77.060753,-12.106723],[-77.060967,-12.106383],[-77.061105,-12.106198],[-77.061207,-12.106076],[-77.061261,-12.106029],[-77.061346,-12.105955],[-77.061512,-12.105838],[-77.061572,-12.105798],[-77.06175,-12.105683],[-77.061853,-12.105605],[-77.062131,-12.1054],[-77.06241,-12.105195],[-77.062681,-12.104997],[-77.062952,-12.104798],[-77.063201,-12.104625],[-77.06345,-12.104451],[-77.063598,-12.10434],[-77.063656,-12.104295],[-77.063669,-12.104286],[-77.063817,-12.104174],[-77.064025,-12.103961],[-77.064301,-12.103673],[-77.064578,-12.103386],[-77.064718,-12.103247],[-77.064779,-12.10318],[-77.06498,-12.102957],[-77.065105,-12.102944],[-77.065184,-12.102914],[-77.06535,-12.1028],[-77.065584,-12.102627],[-77.065818,-12.102453],[-77.065829,-12.10232],[-77.06629,-12.102064],[-77.066725,-12.101832],[-77.067099,-12.101644],[-77.067473,-12.101456],[-77.067788,-12.101311],[-77.068103,-12.101166],[-77.068343,-12.101057],[-77.068498,-12.101108],[-77.068673,-12.101029],[-77.068964,-12.100897],[-77.069262,-12.100762],[-77.069469,-12.100668],[-77.069533,-12.100537],[-77.06964,-12.100488],[-77.069941,-12.100354],[-77.070114,-12.100276],[-77.070187,-12.100244],[-77.070212,-12.100215],[-77.070615,-12.100008],[-77.071009,-12.099783],[-77.071078,-12.099745],[-77.071455,-12.09947],[-77.071685,-12.099303],[-77.071896,-12.099097],[-77.072114,-12.098875],[-77.072332,-12.098652],[-77.072514,-12.098477],[-77.072549,-12.098442],[-77.072754,-12.098247],[-77.07314,-12.097963],[-77.073293,-12.097855],[-77.07372,-12.097569],[-77.074006,-12.097409],[-77.07408,-12.097428],[-77.074171,-12.097448],[-77.074664,-12.097222],[-77.075107,-12.097015],[-77.075241,-12.096835],[-77.075392,-12.096763],[-77.075793,-12.096573],[-77.076194,-12.096382],[-77.076579,-12.096176],[-77.076661,-12.096132],[-77.077106,-12.095894],[-77.077254,-12.095795],[-77.077653,-12.095603],[-77.077713,-12.095574],[-77.077735,-12.095564],[-77.078085,-12.095396],[-77.078435,-12.095228],[-77.078694,-12.095103],[-77.078953,-12.094978],[-77.079352,-12.094793],[-77.079751,-12.094607],[-77.079877,-12.094644],[-77.080022,-12.094572],[-77.080123,-12.094521],[-77.080361,-12.09438],[-77.080367,-12.094265],[-77.080687,-12.094067],[-77.081007,-12.093869],[-77.081327,-12.09367],[-77.081408,-12.09362],[-77.081649,-12.093475],[-77.081889,-12.09333],[-77.082013,-12.093395],[-77.082221,-12.093293],[-77.082287,-12.093258],[-77.082493,-12.093144],[-77.082502,-12.093023],[-77.082849,-12.092849],[-77.083196,-12.092675],[-77.083544,-12.092501],[-77.083758,-12.092407],[-77.084059,-12.092325],[-77.084127,-12.092308],[-77.084605,-12.092208],[-77.085063,-12.092079],[-77.085168,-12.092048],[-77.085258,-12.09202],[-77.085325,-12.091999],[-77.085443,-12.091961],[-77.08563,-12.091902],[-77.085707,-12.091877],[-77.086075,-12.091759],[-77.086397,-12.091612],[-77.086647,-12.091486],[-77.086898,-12.091359],[-77.086967,-12.091324],[-77.087025,-12.091292],[-77.08713,-12.091226],[-77.087175,-12.091108],[-77.087216,-12.091065],[-77.087499,-12.09091],[-77.087913,-12.090731],[-77.088197,-12.090621],[-77.088481,-12.090512],[-77.088984,-12.090335],[-77.089486,-12.090158],[-77.089989,-12.089981],[-77.090491,-12.089804],[-77.090994,-12.089626],[-77.091322,-12.089531],[-77.091651,-12.089436],[-77.091791,-12.089388],[-77.092011,-12.089332],[-77.092452,-12.089166],[-77.092872,-12.089019],[-77.093292,-12.088872],[-77.093629,-12.088788],[-77.093966,-12.088704],[-77.094329,-12.088595],[-77.094692,-12.088485],[-77.095057,-12.088293],[-77.095449,-12.088086],[-77.095841,-12.08788],[-77.096234,-12.087673],[-77.096626,-12.087467],[-77.097019,-12.08726],[-77.097247,-12.087056],[-77.097413,-12.086822],[-77.097524,-12.086686],[-77.097665,-12.086573],[-77.097942,-12.086435],[-77.09822,-12.086297],[-77.098498,-12.08619],[-77.098776,-12.086082],[-77.099034,-12.085985],[-77.099292,-12.085888],[-77.099614,-12.085784],[-77.099937,-12.085681],[-77.100301,-12.085544],[-77.100665,-12.085406],[-77.1011,-12.085259],[-77.101535,-12.085112],[-77.10197,-12.084965],[-77.102405,-12.084817],[-77.102792,-12.084678],[-77.10318,-12.084539],[-77.103375,-12.084465],[-77.103509,-12.08439],[-77.103971,-12.084154],[-77.104293,-12.083977],[-77.104615,-12.0838],[-77.10507,-12.083537],[-77.104838,-12.083199],[-77.104521,-12.083393],[-77.104205,-12.083586]]}},{"type":"Feature","properties":{"id":"costa_verde_magdalena_san_miguel_3","name":"Ciclovía Costa Verde Magdalena - San Miguel","type":"segregada","km":0.424,"osm_ways":1},"geometry":{"type":"LineString","coordinates":[[-77.045445,-12.120881],[-77.045426,-12.120835],[-77.045427,-12.120823],[-77.045466,-12.120657],[-77.045497,-12.120558],[-77.045525,-12.120375],[-77.045545,-12.120286],[-77.04558,-12.120203],[-77.045625,-12.120155],[-77.045678,-12.12011],[-77.045707,-12.120076],[-77.045765,-12.119971],[-77.045815,-12.119903],[-77.045846,-12.119872],[-77.045885,-12.119855],[-77.045932,-12.119849],[-77.045985,-12.119856],[-77.046031,-12.119871],[-77.046165,-12.119939],[-77.046215,-12.11997],[-77.04626,-12.12001],[-77.046289,-12.120047],[-77.046309,-12.120093],[-77.046312,-12.120139],[-77.046306,-12.120174],[-77.046284,-12.120214],[-77.046139,-12.12036],[-77.046087,-12.120419],[-77.046051,-12.120472],[-77.046034,-12.120501],[-77.04601,-12.120544],[-77.045968,-12.120631],[-77.045915,-12.12075],[-77.045873,-12.120853],[-77.045863,-12.120876],[-77.045827,-12.120985],[-77.045779,-12.121111],[-77.045774,-12.121136],[-77.045765,-12.121182],[-77.045753,-12.121217],[-77.045738,-12.121247],[-77.045717,-12.121274],[-77.045693,-12.121298],[-77.045664,-12.121317],[-77.045632,-12.121332],[-77.045599,-12.121341],[-77.045564,-12.121345],[-77.045529,-12.121343],[-77.045495,-12.121336],[-77.045462,-12.121323],[-77.045432,-12.121304],[-77.045406,-12.121282],[-77.045384,-12.121255],[-77.045367,-12.121225],[-77.045355,-12.121192],[-77.045349,-12.121159],[-77.045349,-12.121124],[-77.045351,-12.121108],[-77.045354,-12.12109],[-77.04538,-12.121051],[-77.045405,-12.121035],[-77.045426,-12.121015],[-77.045442,-12.120991],[-77.045452,-12.120964],[-77.045456,-12.120936],[-77.045453,-12.120908],[-77.045445,-12.120881]]}},{"type":"Feature","properties":{"id":"costa_verde_magdalena_san_miguel_4","name":"Ciclovía Costa Verde Magdalena - San Miguel","type":"segregada","km":0.114,"osm_ways":1},"geometry":{"type":"LineString","coordinates":[[-77.077713,-12.095574],[-77.077869,-12.095949],[-77.078025,-12.096324],[-77.07811,-12.096527]]}},{"type":"Feature","properties":{"id":"costa_verde_magdalena_san_miguel_5","name":"Ciclovía Costa Verde Magdalena - San Miguel","type":"segregada","km":0.14,"osm_ways":1},"geometry":{"type":"LineString","coordinates":[[-77.077196,-12.09734],[-77.077008,-12.096954],[-77.076819,-12.096567],[-77.076647,-12.096201]]}},{"type":"Feature","properties":{"id":"costa_verde_magdalena_san_miguel_6","name":"Ciclovía Costa Verde Magdalena - San Miguel","type":"segregada","km":0.259,"osm_ways":1},"geometry":{"type":"LineString","coordinates":[[-77.061868,-12.105837],[-77.061997,-12.105701],[-77.062064,-12.105653],[-77.062146,-12.10568],[-77.062348,-12.105925],[-77.062398,-12.10603],[-77.062405,-12.106115],[-77.062349,-12.10617],[-77.062267,-12.106234],[-77.062172,-12.106307],[-77.06192,-12.106496],[-77.061834,-12.106523],[-77.061741,-12.106502],[-77.061516,-12.10628],[-77.061291,-12.106058],[-77.061261,-12.106029]]}},{"type":"Feature","properties":{"id":"costa_verde_magdalena_san_miguel_7","name":"Ciclovía Costa Verde Magdalena - San Miguel","type":"segregada","km":0.131,"osm_ways":2},"geometry":{"type":"LineString","coordinates":[[-77.070187,-12.100244],[-77.070262,-12.100445],[-77.070621,-12.100545],[-77.070916,-12.100627],[-77.071211,-12.100708]]}},{"type":"Feature","properties":{"id":"costa_verde_magdalena_san_miguel_8","name":"Ciclovía Costa Verde Magdalena - San Miguel","type":"segregada","km":0.688,"osm_ways":1},"geometry":{"type":"LineString","coordinates":[[-77.103039,-12.084143],[-77.102749,-12.084232],[-77.102459,-12.084322],[-77.102097,-12.084421],[-77.101735,-12.084521],[-77.101372,-12.08462],[-77.100888,-12.08478],[-77.100404,-12.08494],[-77.09992,-12.0851],[-77.099435,-12.085261],[-77.098951,-12.085421],[-77.098467,-12.085581],[-77.097983,-12.085741],[-77.097905,-12.085755],[-77.097826,-12.08576],[-77.097747,-12.085757],[-77.097669,-12.085745],[-77.097593,-12.085725],[-77.09752,-12.085697],[-77.09745,-12.085661],[-77.097388,-12.085619],[-77.09733,-12.085572],[-77.097278,-12.085518],[-77.097232,-12.08546],[-77.097193,-12.085396],[-77.097159,-12.085324]]}},{"type":"Feature","properties":{"id":"costa_verde_magdalena_san_miguel_9","name":"Ciclovía Costa Verde Magdalena - San Miguel","type":"segregada","km":1.834,"osm_ways":1},"geometry":{"type":"LineString","coordinates":[[-77.057717,-12.109141],[-77.057679,-12.109155],[-77.05766,-12.109164],[-77.057637,-12.109183],[-77.057436,-12.10937],[-77.057201,-12.109582],[-77.057149,-12.109625],[-77.057078,-12.109671],[-77.05687,-12.109798],[-77.05672,-12.109889],[-77.05657,-12.11],[-77.056346,-12.110205],[-77.056134,-12.1104],[-77.055843,-12.110648],[-77.055681,-12.110793],[-77.055524,-12.110906],[-77.055245,-12.111086],[-77.055033,-12.111194],[-77.054655,-12.111341],[-77.054277,-12.111489],[-77.053899,-12.111636],[-77.053596,-12.111768],[-77.053572,-12.11178],[-77.053552,-12.111798],[-77.053536,-12.111819],[-77.053526,-12.111843],[-77.05352,-12.111871],[-77.053522,-12.111899],[-77.053531,-12.111927],[-77.05354,-12.111954],[-77.053574,-12.112001],[-77.053646,-12.112123],[-77.053664,-12.112154],[-77.05367,-12.112193],[-77.053603,-12.112459],[-77.053565,-12.11251],[-77.053229,-12.112742],[-77.052833,-12.113],[-77.052523,-12.113282],[-77.052124,-12.113603],[-77.051725,-12.113924],[-77.051657,-12.113978],[-77.051463,-12.114181],[-77.051268,-12.114384],[-77.051038,-12.114672],[-77.050808,-12.11496],[-77.050764,-12.11503],[-77.050646,-12.115278],[-77.050528,-12.115526],[-77.050293,-12.115977],[-77.05005,-12.116401],[-77.049855,-12.116661],[-77.049629,-12.116907],[-77.049612,-12.116967],[-77.049395,-12.117176],[-77.049213,-12.117328],[-77.048913,-12.117555],[-77.048712,-12.11768],[-77.048292,-12.117885],[-77.047871,-12.118089],[-77.047451,-12.118293],[-77.047006,-12.118567],[-77.04678,-12.118736],[-77.046553,-12.118905],[-77.046349,-12.1191],[-77.046165,-12.119311],[-77.045892,-12.119666],[-77.045862,-12.119732],[-77.045856,-12.119788],[-77.045846,-12.119872]]}},{"type":"Feature","properties":{"id":"costa_verde_magdalena_san_miguel_10","name":"Ciclovía Costa Verde Magdalena - San Miguel","type":"segregada","km":0.122,"osm_ways":2},"geometry":{"type":"LineString","coordinates":[[-77.057803,-12.109089],[-77.057837,-12.109069],[-77.058078,-12.108934],[-77.058319,-12.108799],[-77.058401,-12.108748],[-77.058482,-12.108684],[-77.058513,-12.10866],[-77.0585,-12.108644],[-77.058496,-12.108624],[-77.058501,-12.108605],[-77.058514,-12.10859],[-77.058533,-12.108581],[-77.058553,-12.108582],[-77.058571,-12.108591],[-77.058584,-12.108607],[-77.058588,-12.108626],[-77.058583,-12.108646],[-77.05857,-12.108661],[-77.058551,-12.108669],[-77.058531,-12.108669],[-77.058513,-12.10866]]}},{"type":"Feature","properties":{"id":"costa_verde_magdalena_san_miguel_11","name":"Ciclovía Costa Verde Magdalena - San Miguel","type":"segregada","km":0.386,"osm_ways":1},"geometry":{"type":"LineString","coordinates":[[-77.082428,-12.093474],[-77.082609,-12.09335],[-77.082909,-12.093211],[-77.083182,-12.093109],[-77.083423,-12.093063],[-77.083719,-12.093037],[-77.084,-12.093042],[-77.084245,-12.09307],[-77.084439,-12.093095],[-77.084587,-12.093077],[-77.084721,-12.093034],[-77.084832,-12.092978],[-77.084949,-12.092901],[-77.085055,-12.092804],[-77.085162,-12.092644],[-77.08522,-12.092485],[-77.085249,-12.092362],[-77.08527,-12.092213],[-77.085278,-12.092128]]}},{"type":"Feature","properties":{"id":"defensores_del_morro","name":"Ciclovía Defensores del Morro","type":"segregada","km":7.527,"osm_ways":7},"geometry":{"type":"LineString","coordinates":[[-76.981214,-12.21544],[-76.981268,-12.215495],[-76.981486,-12.215286],[-76.981723,-12.215039],[-76.981837,-12.214937],[-76.981968,-12.214852],[-76.982131,-12.214749],[-76.982257,-12.214683],[-76.982381,-12.214609],[-76.982489,-12.21452],[-76.982721,-12.214283],[-76.983048,-12.213944],[-76.983376,-12.213605],[-76.983703,-12.213266],[-76.98403,-12.212927],[-76.984358,-12.212589],[-76.984685,-12.21225],[-76.98497,-12.21195],[-76.985254,-12.211651],[-76.985538,-12.211352],[-76.985822,-12.211052],[-76.985993,-12.21088],[-76.986146,-12.210762],[-76.986348,-12.210569],[-76.986652,-12.210256],[-76.986956,-12.209943],[-76.98726,-12.209629],[-76.987463,-12.209449],[-76.987564,-12.209287],[-76.987585,-12.209265],[-76.987605,-12.209247],[-76.987789,-12.209125],[-76.988007,-12.208884],[-76.988225,-12.208643],[-76.988488,-12.20837],[-76.988751,-12.208097],[-76.989013,-12.207824],[-76.989116,-12.207714],[-76.98922,-12.207632],[-76.989361,-12.207494],[-76.989711,-12.207144],[-76.990062,-12.206794],[-76.990413,-12.206443],[-76.990763,-12.206093],[-76.990865,-12.205988],[-76.990929,-12.205903],[-76.991019,-12.20575],[-76.991135,-12.20562],[-76.991507,-12.205241],[-76.991879,-12.204863],[-76.992251,-12.204484],[-76.992623,-12.204106],[-76.992979,-12.203747],[-76.993334,-12.203389],[-76.993464,-12.20328],[-76.993643,-12.203128],[-76.993931,-12.202836],[-76.994219,-12.202544],[-76.994507,-12.202252],[-76.994795,-12.20196],[-76.995149,-12.201592],[-76.995504,-12.201225],[-76.995582,-12.201108],[-76.995682,-12.201004],[-76.995905,-12.200772],[-76.996233,-12.200449],[-76.99656,-12.200125],[-76.996888,-12.199802],[-76.996957,-12.199734],[-76.996895,-12.199677],[-76.996819,-12.199605],[-76.997154,-12.199274],[-76.997489,-12.198943],[-76.997824,-12.198613],[-76.998159,-12.198282],[-76.998494,-12.197951],[-76.998829,-12.19762],[-76.999164,-12.19729],[-76.99924,-12.197214],[-76.999315,-12.197139],[-76.999622,-12.196836],[-76.999928,-12.196533],[-77.000235,-12.19623],[-77.000541,-12.195926],[-77.000797,-12.195668],[-77.001052,-12.195409],[-77.001192,-12.195267],[-77.001427,-12.195022],[-77.00166,-12.194793],[-77.001679,-12.194712],[-77.00179,-12.194596],[-77.002014,-12.194365],[-77.002239,-12.194134],[-77.002442,-12.193924],[-77.002549,-12.193816],[-77.002667,-12.193697],[-77.002885,-12.193476],[-77.003104,-12.193254],[-77.00338,-12.192978],[-77.003656,-12.192701],[-77.003717,-12.19264],[-77.003981,-12.192376],[-77.004245,-12.192112],[-77.00463,-12.191726],[-77.004958,-12.191388],[-77.005286,-12.19105],[-77.005614,-12.190712],[-77.005942,-12.190374],[-77.006279,-12.190017],[-77.006456,-12.189823],[-77.006783,-12.189466],[-77.006888,-12.189355],[-77.00704,-12.18919],[-77.007205,-12.188979],[-77.007277,-12.188863],[-77.007362,-12.188692],[-77.007435,-12.188532],[-77.007493,-12.188366],[-77.007549,-12.188144],[-77.007576,-12.187972],[-77.007588,-12.187848],[-77.007591,-12.18762],[-77.007584,-12.187169],[-77.007576,-12.186718],[-77.007547,-12.186335],[-77.007541,-12.18626],[-77.007538,-12.186114],[-77.007533,-12.186016],[-77.007519,-12.185699],[-77.007505,-12.185381],[-77.007494,-12.185236],[-77.007488,-12.185175],[-77.007475,-12.18512],[-77.007436,-12.18505],[-77.007419,-12.185028],[-77.007386,-12.185002],[-77.007349,-12.184987],[-77.007184,-12.184961],[-77.00708,-12.18494],[-77.006785,-12.184881],[-77.00649,-12.184821],[-77.006291,-12.184786],[-77.006011,-12.184731],[-77.005692,-12.184673],[-77.005374,-12.184615],[-77.005072,-12.184559],[-77.004771,-12.184503],[-77.004262,-12.184403],[-77.003753,-12.184304],[-77.003677,-12.18429],[-77.003531,-12.184261],[-77.003,-12.184158],[-77.002825,-12.184123],[-77.002497,-12.184057],[-77.001972,-12.183965],[-77.0017,-12.183911],[-77.001428,-12.183857],[-77.000967,-12.183756],[-77.000792,-12.183711],[-77.0007,-12.183688],[-77.000506,-12.183612],[-77.000344,-12.18352],[-77.000221,-12.183449],[-77.000125,-12.183392],[-76.999848,-12.183151],[-76.999664,-12.182956],[-76.999528,-12.18281],[-76.999488,-12.182755],[-76.999461,-12.182718],[-76.999338,-12.182545],[-76.999188,-12.182246],[-76.999074,-12.181965],[-76.99896,-12.181684],[-76.998919,-12.181594],[-76.998866,-12.181493],[-76.998773,-12.181337],[-76.99869,-12.181244],[-76.998453,-12.180956],[-76.998217,-12.180667],[-76.997878,-12.180263],[-76.997668,-12.180017],[-76.997394,-12.179686],[-76.99712,-12.179354],[-76.997103,-12.179335],[-76.996964,-12.179164],[-76.996917,-12.179112],[-76.996852,-12.179057],[-76.996693,-12.178871],[-76.996646,-12.178778],[-76.996411,-12.178505],[-76.996347,-12.178425],[-76.996397,-12.178384],[-76.996471,-12.178314],[-76.996521,-12.178254],[-76.996501,-12.178231],[-76.996455,-12.178174],[-76.996399,-12.178106],[-76.996353,-12.178049],[-76.99629,-12.177971],[-76.99625,-12.177922],[-76.996163,-12.177817],[-76.995875,-12.177469],[-76.995586,-12.177121],[-76.995518,-12.177039],[-76.995233,-12.17671],[-76.994984,-12.176423],[-76.99496,-12.176395],[-76.994815,-12.17623],[-76.994495,-12.175862],[-76.994274,-12.17559],[-76.994053,-12.175318],[-76.993732,-12.174952],[-76.993553,-12.174719],[-76.993494,-12.174642],[-76.993316,-12.174431],[-76.993139,-12.174219],[-76.992993,-12.174046],[-76.992916,-12.173952],[-76.992861,-12.173992],[-76.992818,-12.174025],[-76.99252,-12.173669],[-76.992222,-12.173313],[-76.992137,-12.173211],[-76.992073,-12.173124],[-76.992035,-12.173015],[-76.992012,-12.172897],[-76.992003,-12.172657],[-76.992013,-12.172374],[-76.992022,-12.17209],[-76.992031,-12.171913],[-76.992032,-12.171885],[-76.992049,-12.171527],[-76.992072,-12.171309],[-76.99212,-12.170899],[-76.99212,-12.170898],[-76.992157,-12.170592],[-76.992194,-12.170286],[-76.992198,-12.170194],[-76.992226,-12.169981],[-76.992228,-12.169885],[-76.992205,-12.169792],[-76.992116,-12.169619],[-76.992092,-12.169572],[-76.992079,-12.169543],[-76.99191,-12.169225],[-76.991721,-12.168869],[-76.991488,-12.168464],[-76.991482,-12.168452],[-76.991478,-12.168445],[-76.991465,-12.168424],[-76.991215,-12.167946],[-76.990964,-12.167469]]}},{"type":"Feature","properties":{"id":"defensores_del_morro_2","name":"Ciclovía Defensores del Morro","type":"segregada","km":1.99,"osm_ways":4},"geometry":{"type":"LineString","coordinates":[[-76.969598,-12.228779],[-76.969621,-12.228704],[-76.969658,-12.228641],[-76.96998,-12.228299],[-76.970301,-12.227956],[-76.970623,-12.227614],[-76.970945,-12.227271],[-76.971191,-12.227021],[-76.971437,-12.22677],[-76.971771,-12.22642],[-76.972106,-12.22607],[-76.972441,-12.225721],[-76.972775,-12.225371],[-76.973112,-12.225022],[-76.973448,-12.224673],[-76.973784,-12.224325],[-76.97412,-12.223976],[-76.974456,-12.223627],[-76.974793,-12.223279],[-76.975129,-12.22293],[-76.975455,-12.222598],[-76.97569,-12.222355],[-76.975925,-12.222113],[-76.976207,-12.221827],[-76.976214,-12.22182],[-76.976585,-12.221461],[-76.976619,-12.221428],[-76.97697,-12.221089],[-76.977267,-12.220768],[-76.977474,-12.22054],[-76.977514,-12.220487],[-76.977549,-12.220413],[-76.977583,-12.220312],[-76.97765,-12.220051],[-76.977773,-12.219669],[-76.97778,-12.219646],[-76.977803,-12.219572],[-76.977824,-12.219509],[-76.977852,-12.219435],[-76.977899,-12.21935],[-76.97813,-12.219118],[-76.978361,-12.218887],[-76.978666,-12.218581],[-76.978971,-12.218275],[-76.979276,-12.217969],[-76.979559,-12.217675],[-76.979843,-12.217381],[-76.979872,-12.217408],[-76.979901,-12.217437],[-76.980212,-12.217121],[-76.980523,-12.216805],[-76.980834,-12.216489],[-76.981145,-12.216173],[-76.981219,-12.216039],[-76.981253,-12.21593],[-76.981296,-12.215789],[-76.981361,-12.215681],[-76.981378,-12.21565],[-76.981379,-12.215622],[-76.981356,-12.215581],[-76.981268,-12.215495]]}},{"type":"Feature","properties":{"id":"defensores_del_morro_3","name":"Ciclovía Defensores del Morro","type":"segregada","km":2.059,"osm_ways":3},"geometry":{"type":"LineString","coordinates":[[-77.026797,-12.166363],[-77.026731,-12.166447],[-77.026384,-12.166833],[-77.026147,-12.167087],[-77.02591,-12.167342],[-77.025612,-12.167644],[-77.025475,-12.167796],[-77.025377,-12.167898],[-77.025013,-12.16828],[-77.02465,-12.168661],[-77.024315,-12.169015],[-77.02398,-12.169369],[-77.023645,-12.169722],[-77.023561,-12.169817],[-77.023409,-12.169976],[-77.023162,-12.170237],[-77.022916,-12.170499],[-77.022641,-12.170792],[-77.022303,-12.171152],[-77.021965,-12.171512],[-77.021627,-12.171872],[-77.021292,-12.17222],[-77.021011,-12.172518],[-77.02073,-12.172815],[-77.020449,-12.173112],[-77.020394,-12.173063],[-77.020327,-12.173004],[-77.020297,-12.172976],[-77.020659,-12.172598],[-77.02102,-12.172221],[-77.021382,-12.171844],[-77.021573,-12.171644],[-77.021764,-12.171444],[-77.021968,-12.171224],[-77.022173,-12.171005],[-77.022495,-12.170659],[-77.022817,-12.170314],[-77.023139,-12.169968],[-77.023507,-12.169588],[-77.023844,-12.169238],[-77.024182,-12.168888],[-77.024519,-12.168538],[-77.02488,-12.168158],[-77.02524,-12.167778],[-77.025514,-12.167502],[-77.025787,-12.167226],[-77.02602,-12.166974],[-77.026253,-12.166723],[-77.026611,-12.166348],[-77.02666,-12.166273]]}},{"type":"Feature","properties":{"id":"defensores_del_morro_4","name":"Ciclovía Defensores del Morro","type":"segregada","km":2.034,"osm_ways":9},"geometry":{"type":"LineString","coordinates":[[-77.020449,-12.173112],[-77.020428,-12.173134],[-77.020359,-12.173209],[-77.020294,-12.173274],[-77.019948,-12.17364],[-77.019603,-12.174006],[-77.019375,-12.174228],[-77.019148,-12.17445],[-77.019048,-12.174547],[-77.01875,-12.174855],[-77.018554,-12.175138],[-77.01821,-12.175494],[-77.017866,-12.17585],[-77.017523,-12.176206],[-77.017178,-12.176514],[-77.016979,-12.17672],[-77.016638,-12.177074],[-77.016296,-12.177427],[-77.015955,-12.17778],[-77.015614,-12.178134],[-77.015341,-12.178417],[-77.015068,-12.178701],[-77.014889,-12.178888],[-77.014849,-12.178929],[-77.014607,-12.17918],[-77.014366,-12.179431],[-77.014274,-12.179526],[-77.014173,-12.179632],[-77.014091,-12.179717],[-77.013719,-12.180103],[-77.013475,-12.180364],[-77.013317,-12.180525],[-77.013132,-12.180718],[-77.012757,-12.181104],[-77.012652,-12.181217],[-77.012482,-12.181409],[-77.012245,-12.181646],[-77.012007,-12.181883],[-77.011787,-12.182109],[-77.011745,-12.182074],[-77.011669,-12.182004],[-77.01162,-12.181962],[-77.011421,-12.182166],[-77.011167,-12.182437],[-77.011006,-12.182596],[-77.010833,-12.182755],[-77.010687,-12.18287],[-77.010414,-12.18305],[-77.010179,-12.183166],[-77.009944,-12.18326],[-77.009641,-12.183372],[-77.009338,-12.183484],[-77.008933,-12.183629],[-77.008821,-12.183669],[-77.008313,-12.183848],[-77.008252,-12.183853],[-77.008193,-12.183844],[-77.008138,-12.183822],[-77.008101,-12.183782],[-77.008083,-12.183738],[-77.007994,-12.183751],[-77.007878,-12.183761],[-77.007858,-12.183762],[-77.007837,-12.183819],[-77.007803,-12.183883],[-77.007761,-12.183946],[-77.007693,-12.184048],[-77.007497,-12.184354],[-77.007301,-12.18466],[-77.007262,-12.184711],[-77.007234,-12.184731],[-77.007215,-12.184738],[-77.007212,-12.184765],[-77.007196,-12.184888],[-77.007184,-12.184961]]}},{"type":"Feature","properties":{"id":"diagonal","name":"Ciclovía Diagonal","type":"segregada","km":0.088,"osm_ways":2},"geometry":{"type":"LineString","coordinates":[[-77.03184,-12.122893],[-77.031511,-12.122548],[-77.031498,-12.122528],[-77.031485,-12.122507],[-77.031435,-12.122427],[-77.031406,-12.122377],[-77.031393,-12.122365],[-77.031374,-12.122359],[-77.031355,-12.122363],[-77.031333,-12.122374],[-77.031297,-12.1224]]}},{"type":"Feature","properties":{"id":"el_pacifico","name":"Ciclovía El Pacífico","type":"segregada","km":1.038,"osm_ways":1},"geometry":{"type":"LineString","coordinates":[[-77.108377,-12.070964],[-77.108426,-12.071076],[-77.108546,-12.071374],[-77.108561,-12.071404],[-77.108643,-12.071552],[-77.10874,-12.071719],[-77.108846,-12.071859],[-77.108988,-12.072041],[-77.109102,-12.072169],[-77.109221,-12.072281],[-77.109321,-12.072376],[-77.109452,-12.072495],[-77.109698,-12.072691],[-77.109891,-12.072829],[-77.110039,-12.072917],[-77.110067,-12.07293],[-77.110225,-12.073002],[-77.110501,-12.073099],[-77.110639,-12.073128],[-77.110712,-12.073142],[-77.110945,-12.073168],[-77.111099,-12.073167],[-77.111233,-12.073142],[-77.111507,-12.073043],[-77.111781,-12.072943],[-77.111953,-12.072883],[-77.112241,-12.072777],[-77.11253,-12.07267],[-77.112877,-12.072539],[-77.113224,-12.072409],[-77.113724,-12.072219],[-77.114072,-12.072087],[-77.114419,-12.071954],[-77.114767,-12.071822],[-77.115079,-12.071703],[-77.11559,-12.071519],[-77.116019,-12.071363],[-77.116447,-12.071207],[-77.11652,-12.07118]]}},{"type":"Feature","properties":{"id":"el_sol","name":"Ciclovía El Sol","type":"segregada","km":2.428,"osm_ways":1},"geometry":{"type":"LineString","coordinates":[[-76.959328,-12.209579],[-76.959136,-12.209461],[-76.959075,-12.209428],[-76.958979,-12.209361],[-76.958684,-12.209155],[-76.958414,-12.20896],[-76.958329,-12.208893],[-76.958091,-12.208699],[-76.957853,-12.208522],[-76.957735,-12.208447],[-76.957539,-12.208328],[-76.957361,-12.208213],[-76.9571,-12.208046],[-76.95705,-12.208014],[-76.956919,-12.20793],[-76.956842,-12.207884],[-76.956752,-12.207831],[-76.956497,-12.207689],[-76.956242,-12.207546],[-76.955966,-12.207391],[-76.955691,-12.207236],[-76.955534,-12.207153],[-76.955347,-12.207048],[-76.955272,-12.207001],[-76.955171,-12.206935],[-76.955017,-12.206847],[-76.954852,-12.206753],[-76.954701,-12.206669],[-76.954485,-12.206542],[-76.954268,-12.206423],[-76.954136,-12.206345],[-76.953941,-12.206232],[-76.953642,-12.206057],[-76.95345,-12.205946],[-76.953315,-12.205871],[-76.953264,-12.205842],[-76.953211,-12.205812],[-76.953039,-12.205714],[-76.953024,-12.205706],[-76.952879,-12.205618],[-76.952819,-12.205582],[-76.952744,-12.205537],[-76.952365,-12.205296],[-76.951986,-12.205056],[-76.951725,-12.204916],[-76.951631,-12.204868],[-76.951532,-12.204817],[-76.951181,-12.204614],[-76.95083,-12.20441],[-76.95052,-12.204223],[-76.950512,-12.204221],[-76.950438,-12.2042],[-76.950322,-12.204168],[-76.950316,-12.204166],[-76.950275,-12.204232],[-76.949993,-12.204067],[-76.94963,-12.203857],[-76.949267,-12.203646],[-76.949258,-12.203641],[-76.94933,-12.203516],[-76.949247,-12.203466],[-76.949198,-12.203437],[-76.949133,-12.203398],[-76.949119,-12.20339],[-76.949156,-12.203329],[-76.948844,-12.203147],[-76.948533,-12.202965],[-76.948448,-12.202916],[-76.948424,-12.202902],[-76.948061,-12.202694],[-76.947697,-12.202486],[-76.947637,-12.202481],[-76.947526,-12.202471],[-76.947213,-12.202292],[-76.9469,-12.202113],[-76.946806,-12.202093],[-76.946726,-12.202078],[-76.946699,-12.202073],[-76.946663,-12.202056],[-76.94638,-12.201908],[-76.946351,-12.201895],[-76.946333,-12.201875],[-76.946266,-12.201801],[-76.94597,-12.201638],[-76.94564,-12.201447],[-76.945555,-12.201393],[-76.945471,-12.201341],[-76.94515,-12.201089],[-76.944956,-12.200964],[-76.944483,-12.200697],[-76.944442,-12.200658],[-76.944408,-12.200626],[-76.944341,-12.200563],[-76.944279,-12.200505],[-76.9439,-12.200286],[-76.943521,-12.200066],[-76.943267,-12.199922],[-76.943225,-12.199899],[-76.943156,-12.199909],[-76.943059,-12.199927],[-76.943034,-12.199915],[-76.942684,-12.199703],[-76.942333,-12.19949],[-76.942033,-12.199314],[-76.941946,-12.199272],[-76.941863,-12.199233],[-76.941794,-12.199202],[-76.941419,-12.198993],[-76.941043,-12.198784],[-76.940761,-12.198622],[-76.940886,-12.198407]]}},{"type":"Feature","properties":{"id":"el_sol_2","name":"Ciclovía El Sol","type":"segregada","km":0.978,"osm_ways":5},"geometry":{"type":"LineString","coordinates":[[-77.025861,-12.138159],[-77.025827,-12.138179],[-77.025481,-12.138369],[-77.025135,-12.13856],[-77.02472,-12.138805],[-77.024305,-12.13905],[-77.023932,-12.139227],[-77.023717,-12.139306],[-77.023443,-12.139378],[-77.023231,-12.139428],[-77.022951,-12.139474],[-77.022745,-12.139487],[-77.022457,-12.139475],[-77.022381,-12.139469],[-77.02226,-12.139454],[-77.022197,-12.139449],[-77.022194,-12.139484],[-77.022192,-12.139503],[-77.022074,-12.139496],[-77.021639,-12.139466],[-77.021203,-12.139435],[-77.020693,-12.139394],[-77.02021,-12.139356],[-77.019888,-12.139326],[-77.019565,-12.139296],[-77.019293,-12.139276],[-77.019032,-12.139271],[-77.018939,-12.139271],[-77.018842,-12.139291],[-77.018802,-12.139299],[-77.018751,-12.139308],[-77.018695,-12.139292],[-77.018311,-12.139184],[-77.017927,-12.139076],[-77.017898,-12.139067],[-77.017847,-12.139049],[-77.017789,-12.139029],[-77.017706,-12.139002],[-77.01766,-12.138987],[-77.017625,-12.138975],[-77.017516,-12.138945],[-77.017316,-12.138883]]}},{"type":"Feature","properties":{"id":"faustino_sanchez_carrion_2","name":"Ciclovía Faustino Sánchez Carrión","type":"segregada","km":0.552,"osm_ways":1},"geometry":{"type":"LineString","coordinates":[[-77.053372,-12.092863],[-77.05338,-12.092857],[-77.053749,-12.092617],[-77.054118,-12.092376],[-77.054192,-12.092327],[-77.054517,-12.092115],[-77.054841,-12.091903],[-77.055035,-12.091777],[-77.055373,-12.091556],[-77.055731,-12.091301],[-77.055843,-12.091227],[-77.056201,-12.091007],[-77.05656,-12.090787],[-77.056749,-12.090662],[-77.057171,-12.090386],[-77.057593,-12.09011]]}},{"type":"Feature","properties":{"id":"francisco_bolognesi","name":"Ciclovía Francisco Bolognesi","type":"segregada","km":0.437,"osm_ways":1},"geometry":{"type":"LineString","coordinates":[[-77.057561,-12.003716],[-77.057761,-12.003633],[-77.058029,-12.003791],[-77.058063,-12.003806],[-77.058524,-12.003873],[-77.058985,-12.003939],[-77.059428,-12.004003],[-77.059871,-12.004067],[-77.060314,-12.004131],[-77.060757,-12.004195],[-77.061117,-12.004248],[-77.061478,-12.0043]]}},{"type":"Feature","properties":{"id":"frederic_remington","name":"Ciclovía Frederic Remington","type":"segregada","km":0.083,"osm_ways":1},"geometry":{"type":"LineString","coordinates":[[-77.011971,-12.098619],[-77.011622,-12.098671],[-77.011274,-12.098722],[-77.011214,-12.098733]]}},{"type":"Feature","properties":{"id":"frederic_remington_2","name":"Ciclovía Frederic Remington","type":"segregada","km":0.185,"osm_ways":3},"geometry":{"type":"LineString","coordinates":[[-77.010514,-12.098604],[-77.010578,-12.098593],[-77.01087,-12.098552],[-77.011162,-12.098512],[-77.011174,-12.098515],[-77.011184,-12.098536],[-77.011211,-12.098711],[-77.011214,-12.098733],[-77.011227,-12.098862],[-77.011226,-12.098878],[-77.011209,-12.098888],[-77.010913,-12.098928],[-77.010618,-12.098968],[-77.010576,-12.098971]]}},{"type":"Feature","properties":{"id":"galvez_barrenechea","name":"Ciclovía Gálvez Barrenechea","type":"segregada","km":0.324,"osm_ways":3},"geometry":{"type":"LineString","coordinates":[[-77.007171,-12.112143],[-77.007191,-12.112034],[-77.007205,-12.111986],[-77.007215,-12.111953],[-77.00726,-12.111794],[-77.007357,-12.111447],[-77.007364,-12.111404],[-77.007371,-12.111353],[-77.007386,-12.111173],[-77.007425,-12.110716],[-77.007464,-12.110259],[-77.007503,-12.109801],[-77.007541,-12.109344],[-77.007542,-12.109318],[-77.00754,-12.109295],[-77.00753,-12.109262]]}},{"type":"Feature","properties":{"id":"galvez_barrenechea_2","name":"Ciclovía Gálvez Barrenechea","type":"segregada","km":0.322,"osm_ways":3},"geometry":{"type":"LineString","coordinates":[[-77.007641,-12.109284],[-77.007623,-12.109311],[-77.007616,-12.109334],[-77.007612,-12.109351],[-77.007572,-12.109808],[-77.007533,-12.110265],[-77.007493,-12.110722],[-77.007454,-12.111179],[-77.007439,-12.111353],[-77.007434,-12.111396],[-77.007426,-12.11144],[-77.007415,-12.111479],[-77.007326,-12.111805],[-77.007287,-12.111955],[-77.007278,-12.111992],[-77.007268,-12.112039],[-77.007259,-12.112148]]}},{"type":"Feature","properties":{"id":"huarochiri","name":"Ciclovía Huarochirí","type":"segregada","km":1.265,"osm_ways":1},"geometry":{"type":"LineString","coordinates":[[-76.949711,-12.048355],[-76.949889,-12.047918],[-76.950068,-12.047481],[-76.950247,-12.047043],[-76.950425,-12.046606],[-76.950579,-12.046229],[-76.950733,-12.045852],[-76.950887,-12.045475],[-76.951041,-12.045098],[-76.951064,-12.045042],[-76.951099,-12.044971],[-76.951133,-12.044889],[-76.951295,-12.044498],[-76.951458,-12.044106],[-76.951621,-12.043715],[-76.951783,-12.043324],[-76.951945,-12.042934],[-76.952107,-12.042545],[-76.952269,-12.042156],[-76.95244,-12.041742],[-76.952611,-12.041328],[-76.952655,-12.041235],[-76.952854,-12.040782],[-76.953035,-12.040371],[-76.953216,-12.03996],[-76.953397,-12.039549],[-76.953556,-12.039189],[-76.953714,-12.038829],[-76.953873,-12.038469],[-76.953997,-12.038187],[-76.954121,-12.037904],[-76.954149,-12.037844]]}},{"type":"Feature","properties":{"id":"industrial","name":"Ciclovía Industrial","type":"segregada","km":1.056,"osm_ways":1},"geometry":{"type":"LineString","coordinates":[[-77.077269,-12.038719],[-77.076833,-12.038662],[-77.076398,-12.038605],[-77.075962,-12.038548],[-77.075802,-12.038543],[-77.07567,-12.038567],[-77.075545,-12.03863],[-77.07547,-12.038686],[-77.075434,-12.038713],[-77.075352,-12.038824],[-77.075294,-12.038944],[-77.075247,-12.039065],[-77.075221,-12.039175],[-77.07521,-12.039301],[-77.075172,-12.039702],[-77.075134,-12.040103],[-77.075096,-12.040516],[-77.075057,-12.040929],[-77.075026,-12.041263],[-77.074994,-12.041597],[-77.074954,-12.041995],[-77.074913,-12.042392],[-77.074873,-12.042789],[-77.074849,-12.043023],[-77.074818,-12.043452],[-77.074786,-12.043881],[-77.074755,-12.04431],[-77.074726,-12.044635],[-77.074685,-12.045093],[-77.074644,-12.045552],[-77.074603,-12.046011],[-77.074579,-12.046277]]}},{"type":"Feature","properties":{"id":"izaguirre","name":"Ciclovía Izaguirre","type":"segregada","km":1.632,"osm_ways":3},"geometry":{"type":"LineString","coordinates":[[-77.057329,-11.989021],[-77.057672,-11.989074],[-77.058015,-11.989127],[-77.058537,-11.989205],[-77.059059,-11.989282],[-77.059581,-11.98936],[-77.059613,-11.989365],[-77.059661,-11.989372],[-77.05974,-11.989384],[-77.059796,-11.989392],[-77.059876,-11.989405],[-77.060169,-11.98945],[-77.060463,-11.989495],[-77.060984,-11.989572],[-77.061291,-11.989618],[-77.061599,-11.989663],[-77.061724,-11.989682],[-77.062124,-11.989741],[-77.062524,-11.9898],[-77.062831,-11.989864],[-77.063293,-11.989932],[-77.063396,-11.989947],[-77.063423,-11.989952],[-77.063449,-11.98996],[-77.063467,-11.989973],[-77.06348,-11.98999],[-77.063487,-11.990008],[-77.063514,-11.990097],[-77.06357,-11.990296],[-77.063584,-11.990394],[-77.06359,-11.990458],[-77.063592,-11.990472],[-77.063593,-11.990478],[-77.063594,-11.990482],[-77.063594,-11.990486],[-77.063596,-11.990491],[-77.063596,-11.990495],[-77.063597,-11.990498],[-77.063598,-11.990502],[-77.063599,-11.990504],[-77.0636,-11.990507],[-77.063602,-11.990509],[-77.063605,-11.990511],[-77.063607,-11.990513],[-77.063609,-11.990514],[-77.063611,-11.990515],[-77.063615,-11.990516],[-77.063619,-11.990517],[-77.063624,-11.990518],[-77.063643,-11.99052],[-77.063666,-11.990522],[-77.063688,-11.990522],[-77.063964,-11.990551],[-77.064389,-11.99061],[-77.064432,-11.990603],[-77.06447,-11.990596],[-77.064496,-11.990588],[-77.064516,-11.990549],[-77.064533,-11.990531],[-77.064572,-11.990498],[-77.064634,-11.990447],[-77.064691,-11.990407],[-77.064724,-11.990391],[-77.064757,-11.990378],[-77.064785,-11.99037],[-77.06483,-11.990361],[-77.064851,-11.990357],[-77.064855,-11.990353],[-77.06486,-11.990347],[-77.064864,-11.990321],[-77.064873,-11.990268],[-77.064882,-11.990191],[-77.064891,-11.99018],[-77.064903,-11.990171],[-77.064919,-11.990164],[-77.064943,-11.990163],[-77.065185,-11.990196],[-77.065347,-11.990193],[-77.065717,-11.990251],[-77.066088,-11.990309],[-77.066458,-11.990367],[-77.066921,-11.99044],[-77.067384,-11.990513],[-77.067846,-11.990586],[-77.068309,-11.99066],[-77.068772,-11.990733],[-77.068847,-11.990743],[-77.069286,-11.99081],[-77.069724,-11.990877],[-77.070163,-11.990945],[-77.070602,-11.991012],[-77.071045,-11.99108],[-77.071488,-11.991149]]}},{"type":"Feature","properties":{"id":"izaguirre_2","name":"Ciclovía Izaguirre","type":"segregada","km":1.071,"osm_ways":1},"geometry":{"type":"LineString","coordinates":[[-77.071855,-11.991226],[-77.072334,-11.991298],[-77.072813,-11.99137],[-77.073292,-11.991442],[-77.07377,-11.991514],[-77.074249,-11.991586],[-77.074728,-11.991658],[-77.074848,-11.991675],[-77.074941,-11.99169],[-77.075024,-11.9917],[-77.075127,-11.991713],[-77.075206,-11.99172],[-77.075388,-11.991719],[-77.075596,-11.991708],[-77.075873,-11.991694],[-77.076336,-11.991668],[-77.076799,-11.991643],[-77.077262,-11.991618],[-77.077725,-11.991593],[-77.078175,-11.991571],[-77.078626,-11.991548],[-77.079076,-11.991526],[-77.079527,-11.991504],[-77.079865,-11.991487],[-77.080204,-11.991471],[-77.080279,-11.991471],[-77.08041,-11.991462],[-77.080652,-11.991445],[-77.081145,-11.991415],[-77.081638,-11.991385],[-77.081655,-11.991383]]}},{"type":"Feature","properties":{"id":"javier_prado_oeste","name":"Ciclovía Javier Prado Oeste","type":"segregada","km":0.4,"osm_ways":1},"geometry":{"type":"LineString","coordinates":[[-77.064218,-12.09115],[-77.064479,-12.090944],[-77.06474,-12.090738],[-77.06501,-12.090527],[-77.06528,-12.090316],[-77.065529,-12.090115],[-77.065559,-12.090095],[-77.065584,-12.090084],[-77.065608,-12.090084],[-77.065629,-12.09009],[-77.065696,-12.090174],[-77.065377,-12.090434],[-77.065107,-12.090643],[-77.064838,-12.090852],[-77.064577,-12.091061],[-77.064317,-12.091271]]}},{"type":"Feature","properties":{"id":"javier_prado_oeste_2","name":"Ciclovía Javier Prado Oeste","type":"segregada","km":1.125,"osm_ways":1},"geometry":{"type":"LineString","coordinates":[[-77.064029,-12.091497],[-77.063867,-12.091623],[-77.063785,-12.091687],[-77.063651,-12.09179],[-77.063585,-12.091844],[-77.063168,-12.092181],[-77.063152,-12.092195],[-77.062941,-12.092363],[-77.062781,-12.09248],[-77.062585,-12.092609],[-77.062339,-12.092757],[-77.062223,-12.092818],[-77.062183,-12.092838],[-77.062168,-12.092843],[-77.062004,-12.092915],[-77.061969,-12.092933],[-77.061915,-12.092955],[-77.061741,-12.093032],[-77.061506,-12.09311],[-77.061285,-12.093166],[-77.061227,-12.09318],[-77.061211,-12.093184],[-77.060875,-12.09325],[-77.060857,-12.093253],[-77.060846,-12.093254],[-77.060744,-12.093272],[-77.06072,-12.093276],[-77.060708,-12.093279],[-77.060284,-12.09335],[-77.059859,-12.093421],[-77.059832,-12.093425],[-77.059813,-12.093428],[-77.059497,-12.093483],[-77.05947,-12.093488],[-77.059446,-12.093493],[-77.059383,-12.093502],[-77.059248,-12.093526],[-77.059178,-12.093538],[-77.058651,-12.093629],[-77.058308,-12.093688],[-77.057964,-12.093748],[-77.057863,-12.093765],[-77.057853,-12.093768],[-77.057754,-12.093788],[-77.057737,-12.093791],[-77.057266,-12.093899],[-77.057222,-12.093913],[-77.05715,-12.093936],[-77.057088,-12.093964],[-77.057059,-12.093982],[-77.056708,-12.094142],[-77.056357,-12.094302],[-77.056342,-12.094308],[-77.056292,-12.094332],[-77.056239,-12.094354],[-77.05619,-12.094375],[-77.055837,-12.094549],[-77.055484,-12.094724],[-77.055462,-12.094735],[-77.055438,-12.094747],[-77.055391,-12.094771],[-77.055332,-12.094802],[-77.054964,-12.094983],[-77.054596,-12.095165],[-77.054577,-12.095174]]}},{"type":"Feature","properties":{"id":"javier_prado_oeste_3","name":"Ciclovía Javier Prado Oeste","type":"segregada","km":1.124,"osm_ways":3},"geometry":{"type":"LineString","coordinates":[[-77.054521,-12.095077],[-77.054542,-12.095068],[-77.054894,-12.094892],[-77.055247,-12.094716],[-77.055285,-12.094697],[-77.055341,-12.09467],[-77.055392,-12.094645],[-77.055414,-12.094634],[-77.055797,-12.094444],[-77.056181,-12.094254],[-77.056237,-12.094225],[-77.05628,-12.094202],[-77.056307,-12.09419],[-77.056653,-12.094026],[-77.056999,-12.093863],[-77.057096,-12.093829],[-77.057163,-12.093808],[-77.057253,-12.093784],[-77.057731,-12.093681],[-77.057815,-12.093667],[-77.057931,-12.093646],[-77.057969,-12.093638],[-77.058067,-12.093623],[-77.05835,-12.093575],[-77.058634,-12.093528],[-77.059163,-12.093436],[-77.059235,-12.093423],[-77.059369,-12.093401],[-77.059428,-12.09339],[-77.05945,-12.093387],[-77.059471,-12.093384],[-77.059779,-12.093334],[-77.059789,-12.093332],[-77.059818,-12.093326],[-77.060242,-12.093259],[-77.060667,-12.093191],[-77.060677,-12.09319],[-77.060695,-12.093186],[-77.060801,-12.093167],[-77.060817,-12.093164],[-77.060831,-12.093162],[-77.061197,-12.093086],[-77.06144,-12.093027],[-77.061693,-12.09294],[-77.061868,-12.092874],[-77.061958,-12.09283],[-77.061985,-12.09282],[-77.062124,-12.092754],[-77.06224,-12.092688],[-77.062332,-12.092643],[-77.062517,-12.092533],[-77.062645,-12.092445],[-77.062761,-12.092368],[-77.062892,-12.092266],[-77.063031,-12.092153],[-77.063207,-12.092012],[-77.063497,-12.091738],[-77.063559,-12.091689],[-77.063778,-12.091516],[-77.063941,-12.09139]]}},{"type":"Feature","properties":{"id":"jose_granda_4","name":"Ciclovía José Granda","type":"segregada","km":0.889,"osm_ways":3},"geometry":{"type":"LineString","coordinates":[[-77.090235,-12.019329],[-77.090218,-12.019317],[-77.090196,-12.01931],[-77.090171,-12.019304],[-77.090142,-12.019305],[-77.090104,-12.019318],[-77.090073,-12.019338],[-77.090046,-12.019367],[-77.090033,-12.019392],[-77.090025,-12.019415],[-77.090027,-12.019438],[-77.090044,-12.019448],[-77.090069,-12.019454],[-77.090096,-12.019457],[-77.090133,-12.019452],[-77.090165,-12.019436],[-77.090196,-12.019414],[-77.090217,-12.01939],[-77.090228,-12.019369],[-77.090235,-12.019348],[-77.090235,-12.019329],[-77.090345,-12.019275],[-77.090446,-12.019228],[-77.090825,-12.019039],[-77.090983,-12.018961],[-77.091161,-12.018874],[-77.091296,-12.018808],[-77.091704,-12.018466],[-77.091753,-12.018406],[-77.091953,-12.018171],[-77.091998,-12.018119],[-77.092036,-12.018062],[-77.092146,-12.017893],[-77.092393,-12.017538],[-77.09255,-12.017302],[-77.092708,-12.017065],[-77.092738,-12.01701],[-77.092781,-12.01695],[-77.092861,-12.016815],[-77.092909,-12.016731],[-77.092935,-12.016691],[-77.093191,-12.016297],[-77.093446,-12.015903],[-77.093701,-12.01551],[-77.093956,-12.015116],[-77.094207,-12.014726],[-77.094457,-12.014336],[-77.094707,-12.013946],[-77.094727,-12.013917],[-77.094916,-12.013659]]}},{"type":"Feature","properties":{"id":"jose_granda_5","name":"Ciclovía José Granda","type":"segregada","km":1.724,"osm_ways":1},"geometry":{"type":"LineString","coordinates":[[-77.090027,-12.019438],[-77.089907,-12.019501],[-77.089813,-12.019547],[-77.089379,-12.019759],[-77.088944,-12.019971],[-77.08851,-12.020184],[-77.088075,-12.020396],[-77.087589,-12.020634],[-77.087104,-12.020871],[-77.086618,-12.021109],[-77.086262,-12.021272],[-77.086173,-12.021313],[-77.086029,-12.021387],[-77.085776,-12.021519],[-77.085689,-12.021561],[-77.085214,-12.021792],[-77.08474,-12.022023],[-77.084265,-12.022254],[-77.083791,-12.022484],[-77.083316,-12.022715],[-77.083101,-12.022816],[-77.082633,-12.023045],[-77.082165,-12.023274],[-77.081697,-12.023503],[-77.08123,-12.023733],[-77.080762,-12.023962],[-77.080294,-12.024191],[-77.07988,-12.024354],[-77.079796,-12.024393],[-77.079379,-12.024554],[-77.078963,-12.024715],[-77.078546,-12.024876],[-77.078129,-12.025037],[-77.077703,-12.0252],[-77.077277,-12.025364],[-77.07686,-12.025525],[-77.076442,-12.025686],[-77.076218,-12.025749],[-77.076027,-12.025777],[-77.075844,-12.025833],[-77.075695,-12.025899],[-77.075655,-12.02592]]}},{"type":"Feature","properties":{"id":"jose_granda_6","name":"Ciclovía José Granda","type":"segregada","km":1.516,"osm_ways":1},"geometry":{"type":"LineString","coordinates":[[-77.07502,-12.026394],[-77.074616,-12.02651],[-77.074347,-12.026585],[-77.074133,-12.026643],[-77.073996,-12.026695],[-77.073644,-12.026827],[-77.073286,-12.026949],[-77.073136,-12.027],[-77.072705,-12.027168],[-77.072381,-12.027296],[-77.072058,-12.027424],[-77.071713,-12.027555],[-77.071368,-12.027686],[-77.071292,-12.027716],[-77.071051,-12.027804],[-77.070945,-12.027851],[-77.070693,-12.027973],[-77.070437,-12.028118],[-77.07022,-12.028242],[-77.070115,-12.028297],[-77.070007,-12.028344],[-77.069898,-12.028359],[-77.069771,-12.02836],[-77.069666,-12.028351],[-77.069572,-12.028325],[-77.069128,-12.028145],[-77.068868,-12.028049],[-77.068679,-12.027985],[-77.068521,-12.027956],[-77.068344,-12.027931],[-77.067954,-12.027872],[-77.067768,-12.02786],[-77.06764,-12.027851],[-77.067527,-12.027847],[-77.067389,-12.02786],[-77.067221,-12.027924],[-77.066915,-12.028051],[-77.066608,-12.028177],[-77.066584,-12.028189],[-77.066452,-12.02825],[-77.066391,-12.028275],[-77.06619,-12.028387],[-77.066034,-12.028508],[-77.065716,-12.028799],[-77.065533,-12.028974],[-77.065399,-12.029076],[-77.065258,-12.029173],[-77.065118,-12.029241],[-77.064924,-12.029328],[-77.064728,-12.029393],[-77.064522,-12.029429],[-77.064377,-12.029456],[-77.06413,-12.029494],[-77.06402,-12.029511],[-77.063907,-12.029528],[-77.063638,-12.029574],[-77.06311,-12.029653],[-77.062581,-12.029732],[-77.062053,-12.029811]]}},{"type":"Feature","properties":{"id":"juan_de_arona","name":"Ciclovía Juan de Arona","type":"segregada","km":1.031,"osm_ways":3},"geometry":{"type":"LineString","coordinates":[[-77.02604,-12.096531],[-77.026068,-12.09658],[-77.026071,-12.096586],[-77.026077,-12.096591],[-77.026085,-12.096595],[-77.026094,-12.096595],[-77.026111,-12.096592],[-77.026128,-12.096586],[-77.026143,-12.096579],[-77.026214,-12.096532],[-77.026263,-12.096494],[-77.026306,-12.09645],[-77.026338,-12.09641],[-77.026374,-12.096376],[-77.026416,-12.096349],[-77.026476,-12.096325],[-77.026521,-12.096308],[-77.026574,-12.096292],[-77.026644,-12.096277],[-77.026711,-12.09627],[-77.026882,-12.096281],[-77.027023,-12.096301],[-77.027456,-12.096365],[-77.027895,-12.09643],[-77.028334,-12.096495],[-77.028773,-12.09656],[-77.029226,-12.096622],[-77.029535,-12.096664],[-77.030053,-12.096728],[-77.030578,-12.096804],[-77.031041,-12.096868],[-77.031524,-12.096938],[-77.032042,-12.097008],[-77.03256,-12.097078],[-77.032612,-12.097084],[-77.032711,-12.097096],[-77.033058,-12.097142],[-77.033298,-12.097172],[-77.033469,-12.097172],[-77.033579,-12.097159],[-77.03388,-12.097039],[-77.033951,-12.097008],[-77.034381,-12.096872],[-77.034655,-12.096797],[-77.034929,-12.096723],[-77.035185,-12.096653],[-77.035225,-12.096623]]}},{"type":"Feature","properties":{"id":"la_mar","name":"Ciclovía La Mar","type":"segregada","km":0.25,"osm_ways":1},"geometry":{"type":"LineString","coordinates":[[-77.08707,-12.073806],[-77.086618,-12.073969],[-77.086166,-12.074133],[-77.08581,-12.074232],[-77.085455,-12.074332],[-77.085167,-12.074398],[-77.084879,-12.074464]]}},{"type":"Feature","properties":{"id":"la_marina","name":"Ciclovía La Marina","type":"segregada","km":2.502,"osm_ways":4},"geometry":{"type":"LineString","coordinates":[[-77.060931,-12.087892],[-77.06096,-12.087868],[-77.061055,-12.087799],[-77.06112,-12.087753],[-77.061231,-12.087673],[-77.061589,-12.087493],[-77.06168,-12.087433],[-77.06203,-12.087205],[-77.062379,-12.086977],[-77.062639,-12.08682],[-77.062898,-12.086661],[-77.06324,-12.086389],[-77.063582,-12.086116],[-77.063924,-12.085843],[-77.064084,-12.085705],[-77.064199,-12.085584],[-77.064345,-12.085357],[-77.0644,-12.085239],[-77.064451,-12.085066],[-77.064485,-12.084854],[-77.06449,-12.084742],[-77.064492,-12.084654],[-77.064497,-12.084572],[-77.064553,-12.084436],[-77.064601,-12.084336],[-77.064673,-12.084229],[-77.064791,-12.0841],[-77.064903,-12.084008],[-77.065055,-12.083898],[-77.065224,-12.083792],[-77.065584,-12.083622],[-77.066067,-12.083447],[-77.066131,-12.083428],[-77.066343,-12.083358],[-77.06642,-12.08333],[-77.066769,-12.083212],[-77.067117,-12.083094],[-77.067179,-12.083071],[-77.067252,-12.083044],[-77.067347,-12.083009],[-77.067826,-12.082829],[-77.068305,-12.08265],[-77.068783,-12.082471],[-77.069262,-12.082291],[-77.069741,-12.082112],[-77.069848,-12.082099],[-77.070239,-12.081958],[-77.070307,-12.081915],[-77.070629,-12.081795],[-77.070698,-12.081769],[-77.0712,-12.081577],[-77.071697,-12.081396],[-77.072194,-12.081215],[-77.072692,-12.081035],[-77.073189,-12.080854],[-77.073686,-12.080673],[-77.074184,-12.080493],[-77.074681,-12.080312],[-77.075178,-12.080131],[-77.075676,-12.079951],[-77.075742,-12.079929],[-77.075824,-12.079901],[-77.076235,-12.079752],[-77.076645,-12.079604],[-77.076726,-12.079575],[-77.077147,-12.079423],[-77.077568,-12.079271],[-77.077989,-12.07912],[-77.07841,-12.078968],[-77.078831,-12.078816],[-77.079234,-12.078683],[-77.079636,-12.07855],[-77.080039,-12.078417],[-77.080472,-12.078326],[-77.080904,-12.078235],[-77.080967,-12.078223]]}},{"type":"Feature","properties":{"id":"la_marina_2","name":"Ciclovía La Marina","type":"segregada","km":1.715,"osm_ways":1},"geometry":{"type":"LineString","coordinates":[[-77.10509,-12.072072],[-77.10522,-12.07202],[-77.10526,-12.071989],[-77.105294,-12.071969],[-77.105332,-12.071952],[-77.105706,-12.07181],[-77.106001,-12.071693],[-77.106296,-12.071575],[-77.106374,-12.071546],[-77.106683,-12.07143],[-77.106993,-12.071314],[-77.107014,-12.071309],[-77.107046,-12.071309],[-77.107084,-12.071306],[-77.107109,-12.071295],[-77.107126,-12.071283],[-77.107157,-12.071253],[-77.107189,-12.071226],[-77.107215,-12.071213],[-77.107246,-12.071202],[-77.107317,-12.071176],[-77.107765,-12.07101],[-77.10809,-12.070895],[-77.108114,-12.070892],[-77.108131,-12.070898],[-77.108149,-12.070911],[-77.108188,-12.070963],[-77.108203,-12.070978],[-77.108223,-12.07099],[-77.108245,-12.070994],[-77.108302,-12.070985],[-77.108377,-12.070964],[-77.108444,-12.07094],[-77.108921,-12.070758],[-77.109399,-12.070576],[-77.109455,-12.070556],[-77.109506,-12.070547],[-77.109556,-12.070543],[-77.109596,-12.070542],[-77.109668,-12.070541],[-77.109698,-12.070538],[-77.109727,-12.070526],[-77.109788,-12.070501],[-77.109886,-12.070422],[-77.110145,-12.070322],[-77.110216,-12.070289],[-77.110285,-12.070226],[-77.110341,-12.070191],[-77.110599,-12.070076],[-77.110857,-12.069961],[-77.110976,-12.069903],[-77.111105,-12.069776],[-77.111152,-12.06975],[-77.111212,-12.069718],[-77.111484,-12.069618],[-77.111656,-12.069536],[-77.111881,-12.069414],[-77.112086,-12.069331],[-77.112379,-12.069214],[-77.112844,-12.06904],[-77.113309,-12.068867],[-77.11359,-12.068767],[-77.11396,-12.068636],[-77.114281,-12.068513],[-77.114601,-12.06839],[-77.114804,-12.06831],[-77.11484,-12.06829],[-77.114906,-12.068246],[-77.114916,-12.068228],[-77.114912,-12.068205],[-77.114888,-12.068146],[-77.114845,-12.068039],[-77.114813,-12.06796],[-77.114813,-12.067937],[-77.114826,-12.067923],[-77.114851,-12.067911],[-77.114937,-12.06787],[-77.114994,-12.067845],[-77.115317,-12.067698],[-77.11561,-12.067579],[-77.11605,-12.067381],[-77.116124,-12.067346],[-77.116185,-12.067316],[-77.116325,-12.067236],[-77.116536,-12.067087],[-77.116799,-12.066906],[-77.117062,-12.066725],[-77.117409,-12.06647],[-77.117712,-12.06628],[-77.118147,-12.065957],[-77.118582,-12.065634],[-77.11877,-12.065475]]}},{"type":"Feature","properties":{"id":"larco_2","name":"Ciclovía Larco","type":"segregada","km":0.785,"osm_ways":2},"geometry":{"type":"LineString","coordinates":[[-77.029443,-12.124545],[-77.029461,-12.125019],[-77.02948,-12.125494],[-77.029498,-12.125969],[-77.029499,-12.125985],[-77.029537,-12.126419],[-77.029574,-12.126853],[-77.029568,-12.126947],[-77.029567,-12.127],[-77.029602,-12.127383],[-77.029637,-12.127766],[-77.029667,-12.12808],[-77.029713,-12.128577],[-77.02972,-12.128671],[-77.029722,-12.128735],[-77.029769,-12.129226],[-77.029816,-12.129717],[-77.029822,-12.129778],[-77.029828,-12.129853],[-77.02985,-12.130136],[-77.029876,-12.130461],[-77.029901,-12.130786],[-77.029908,-12.130867],[-77.029912,-12.130967],[-77.029941,-12.131363],[-77.029944,-12.131372],[-77.029949,-12.131376],[-77.029954,-12.131378],[-77.029959,-12.131379],[-77.029983,-12.131376],[-77.030032,-12.131371],[-77.030044,-12.131373],[-77.030056,-12.131378],[-77.030102,-12.131428],[-77.030126,-12.131453]]}},{"type":"Feature","properties":{"id":"las_azucenas","name":"Ciclovía Las Azucenas","type":"segregada","km":0.085,"osm_ways":1},"geometry":{"type":"LineString","coordinates":[[-77.026979,-12.096655],[-77.026928,-12.096644],[-77.026714,-12.096618],[-77.026259,-12.096553],[-77.026233,-12.096544],[-77.026214,-12.096532]]}},{"type":"Feature","properties":{"id":"las_flores","name":"Ciclovía Las Flores","type":"segregada","km":0.487,"osm_ways":4},"geometry":{"type":"LineString","coordinates":[[-77.010731,-12.008064],[-77.01076,-12.008062],[-77.010807,-12.008059],[-77.010835,-12.008057],[-77.010919,-12.008052],[-77.010971,-12.008463],[-77.011015,-12.008807],[-77.011059,-12.009152],[-77.011066,-12.009216],[-77.011069,-12.009249],[-77.011071,-12.009265],[-77.01104,-12.009267],[-77.011015,-12.00927],[-77.011073,-12.009782],[-77.011131,-12.010294],[-77.011189,-12.010806],[-77.011246,-12.011257],[-77.011302,-12.011709],[-77.011359,-12.01216],[-77.01136,-12.012171]]}},{"type":"Feature","properties":{"id":"las_flores_2","name":"Ciclovía Las Flores","type":"segregada","km":1.868,"osm_ways":21},"geometry":{"type":"LineString","coordinates":[[-77.010919,-12.008052],[-77.010905,-12.007908],[-77.010909,-12.007845],[-77.010923,-12.007778],[-77.010944,-12.007699],[-77.010952,-12.007676],[-77.011039,-12.007418],[-77.011096,-12.00726],[-77.011141,-12.007221],[-77.011154,-12.007183],[-77.011185,-12.007094],[-77.011196,-12.007057],[-77.011173,-12.006969],[-77.011276,-12.006651],[-77.011379,-12.006333],[-77.011425,-12.006295],[-77.011457,-12.006276],[-77.011482,-12.006259],[-77.011507,-12.006205],[-77.011501,-12.006148],[-77.011479,-12.006092],[-77.011482,-12.006008],[-77.011521,-12.005908],[-77.011567,-12.005852],[-77.011646,-12.005759],[-77.011659,-12.005749],[-77.011674,-12.005716],[-77.011688,-12.005637],[-77.011754,-12.005514],[-77.011899,-12.005052],[-77.012044,-12.004589],[-77.012189,-12.004127],[-77.012168,-12.004066],[-77.01219,-12.004],[-77.012221,-12.003901],[-77.012242,-12.003837],[-77.012214,-12.003778],[-77.012282,-12.003546],[-77.012409,-12.003246],[-77.012537,-12.002947],[-77.012708,-12.002534],[-77.012766,-12.002498],[-77.012794,-12.002456],[-77.012821,-12.002387],[-77.012846,-12.002288],[-77.012864,-12.002167],[-77.01307,-12.001687],[-77.013276,-12.001206],[-77.013346,-12.001043],[-77.013403,-12.001],[-77.013452,-12.000925],[-77.013492,-12.000839],[-77.013504,-12.000749],[-77.013499,-12.000692],[-77.013549,-12.000577],[-77.013623,-12.000527],[-77.013688,-12.000461],[-77.013731,-12.000348],[-77.013887,-11.999963],[-77.014043,-11.999579],[-77.014089,-11.9995],[-77.014184,-11.999392],[-77.014334,-11.999015],[-77.014349,-11.998848],[-77.01435,-11.998829],[-77.014361,-11.998802],[-77.01443,-11.998636],[-77.01445,-11.998587],[-77.014454,-11.998575],[-77.01449,-11.998503],[-77.014499,-11.998401],[-77.014481,-11.998322],[-77.01455,-11.998197],[-77.014699,-11.997928],[-77.014784,-11.997874],[-77.014918,-11.997644],[-77.015119,-11.997269],[-77.015319,-11.996895],[-77.015392,-11.996831],[-77.015417,-11.996815],[-77.015434,-11.996808],[-77.015445,-11.9968],[-77.015446,-11.99679],[-77.015442,-11.996783],[-77.015433,-11.996763],[-77.01541,-11.99673],[-77.01537,-11.996674],[-77.015382,-11.996656],[-77.01539,-11.99663],[-77.01539,-11.99661],[-77.015447,-11.99659],[-77.01551,-11.996569],[-77.015535,-11.996561],[-77.015543,-11.996558],[-77.015591,-11.996542],[-77.015609,-11.996535],[-77.015615,-11.996525],[-77.015618,-11.996512],[-77.015617,-11.996494],[-77.015604,-11.99646],[-77.015471,-11.996144],[-77.015337,-11.995828],[-77.015324,-11.995796],[-77.015311,-11.995773],[-77.015289,-11.995713],[-77.015281,-11.995694],[-77.015272,-11.995686],[-77.015259,-11.995682],[-77.01519,-11.99569],[-77.015111,-11.995698],[-77.015034,-11.995709],[-77.015,-11.995709],[-77.014967,-11.995661],[-77.014953,-11.995654],[-77.014852,-11.995654],[-77.01479,-11.995648],[-77.014752,-11.995636],[-77.01469,-11.99561],[-77.014659,-11.995614],[-77.014611,-11.995624],[-77.014559,-11.995608],[-77.014342,-11.995472],[-77.014291,-11.995439],[-77.014252,-11.995412],[-77.013971,-11.995239],[-77.01369,-11.995067],[-77.013627,-11.995028],[-77.013558,-11.994985],[-77.013252,-11.994796],[-77.012947,-11.994606],[-77.01288,-11.994634],[-77.01282,-11.994599],[-77.012796,-11.99452],[-77.012863,-11.994496],[-77.012928,-11.994532],[-77.012947,-11.994606]]}},{"type":"Feature","properties":{"id":"las_flores_3","name":"Ciclovía Las Flores","type":"segregada","km":0.163,"osm_ways":4},"geometry":{"type":"LineString","coordinates":[[-77.015111,-11.995698],[-77.015089,-11.995637],[-77.015088,-11.995632],[-77.015082,-11.995555],[-77.015158,-11.995487],[-77.015181,-11.995071],[-77.0152,-11.99473],[-77.015209,-11.994569],[-77.015212,-11.994508],[-77.015181,-11.994559],[-77.015171,-11.994698],[-77.0152,-11.99473]]}},{"type":"Feature","properties":{"id":"las_flores_4","name":"Ciclovía Las Flores","type":"segregada","km":0.084,"osm_ways":3},"geometry":{"type":"LineString","coordinates":[[-77.015212,-11.994508],[-77.015227,-11.994238],[-77.015238,-11.994053],[-77.015216,-11.994011],[-77.01522,-11.993953],[-77.015246,-11.993911],[-77.015238,-11.994053]]}},{"type":"Feature","properties":{"id":"las_flores_5","name":"Ciclovía Las Flores","type":"segregada","km":0.133,"osm_ways":3},"geometry":{"type":"LineString","coordinates":[[-77.015246,-11.993911],[-77.015257,-11.993666],[-77.015277,-11.993246],[-77.015284,-11.993105],[-77.015263,-11.993045],[-77.015265,-11.992968],[-77.015289,-11.992916],[-77.015291,-11.992939],[-77.015284,-11.993105]]}},{"type":"Feature","properties":{"id":"las_flores_6","name":"Ciclovía Las Flores","type":"segregada","km":0.087,"osm_ways":3},"geometry":{"type":"LineString","coordinates":[[-77.015289,-11.992916],[-77.015283,-11.992849],[-77.015274,-11.99275],[-77.015247,-11.992632],[-77.015221,-11.992536],[-77.015191,-11.992427],[-77.01517,-11.992349],[-77.015167,-11.992363],[-77.015165,-11.992382],[-77.015162,-11.992419],[-77.015164,-11.992439],[-77.01518,-11.992482],[-77.015197,-11.992512],[-77.015221,-11.992536]]}},{"type":"Feature","properties":{"id":"las_flores_7","name":"Ciclovía Las Flores","type":"segregada","km":2.507,"osm_ways":9},"geometry":{"type":"LineString","coordinates":[[-77.01517,-11.992349],[-77.015127,-11.992194],[-77.015075,-11.992186],[-77.015071,-11.992168],[-77.015013,-11.991954],[-77.015021,-11.991884],[-77.015035,-11.991824],[-77.015052,-11.991787],[-77.015077,-11.99177],[-77.015096,-11.991684],[-77.015086,-11.99158],[-77.015091,-11.991513],[-77.015111,-11.991472],[-77.015136,-11.991435],[-77.01514,-11.99141],[-77.015139,-11.991366],[-77.015134,-11.991348],[-77.015129,-11.991323],[-77.015122,-11.991298],[-77.015177,-11.990908],[-77.015219,-11.990609],[-77.015267,-11.990289],[-77.015205,-11.990279],[-77.015185,-11.990275],[-77.015126,-11.990265],[-77.01512,-11.990238],[-77.015102,-11.990222],[-77.015119,-11.990134],[-77.015123,-11.990111],[-77.015092,-11.990064],[-77.015071,-11.990009],[-77.014982,-11.989975],[-77.014862,-11.990018],[-77.014362,-11.98991],[-77.013952,-11.989832],[-77.013905,-11.989823],[-77.01382,-11.989825],[-77.013728,-11.989843],[-77.013369,-11.989779],[-77.01301,-11.989715],[-77.012911,-11.989627],[-77.012826,-11.9896],[-77.012481,-11.989538],[-77.012212,-11.989489],[-77.012182,-11.989487],[-77.012119,-11.989484],[-77.011958,-11.989478],[-77.011892,-11.989463],[-77.011606,-11.9894],[-77.011522,-11.989382],[-77.011438,-11.989374],[-77.011391,-11.989383],[-77.011332,-11.989395],[-77.011246,-11.989422],[-77.011143,-11.989453],[-77.011114,-11.989464],[-77.011073,-11.989479],[-77.010949,-11.989526],[-77.010885,-11.98955],[-77.01087,-11.989563],[-77.010767,-11.989648],[-77.01061,-11.989826],[-77.010532,-11.989924],[-77.010424,-11.989974],[-77.010263,-11.990018],[-77.009961,-11.990065],[-77.009658,-11.990113],[-77.009519,-11.99012],[-77.009271,-11.990125],[-77.009128,-11.990119],[-77.008992,-11.990111],[-77.008886,-11.990092],[-77.008547,-11.990025],[-77.008483,-11.990013],[-77.007977,-11.989906],[-77.007783,-11.989874],[-77.007631,-11.98987],[-77.00749,-11.98987],[-77.007407,-11.989867],[-77.007118,-11.989859],[-77.00683,-11.989851],[-77.00644,-11.989857],[-77.006274,-11.989859],[-77.00585,-11.989972],[-77.005517,-11.990101],[-77.005183,-11.990229],[-77.005168,-11.990235],[-77.005103,-11.990261],[-77.005051,-11.990282],[-77.00499,-11.990308],[-77.004904,-11.990342],[-77.004872,-11.990352],[-77.004375,-11.990546],[-77.004314,-11.990558],[-77.004059,-11.990666],[-77.00398,-11.990715],[-77.003523,-11.990891],[-77.003429,-11.99092],[-77.002981,-11.991111],[-77.002718,-11.991219],[-77.002352,-11.991369],[-77.002128,-11.991456],[-77.001905,-11.991524],[-77.001462,-11.991696],[-77.001018,-11.991869],[-77.000575,-11.992041],[-77.00061,-11.992117],[-77.000626,-11.992179],[-77.000612,-11.992213],[-77.000564,-11.99224],[-77.000529,-11.992267],[-77.000524,-11.992301],[-77.000533,-11.992356],[-77.000538,-11.992396],[-77.000628,-11.992552],[-77.00067,-11.992639],[-77.000689,-11.992698],[-77.00071,-11.992741],[-77.000728,-11.992757],[-77.000758,-11.992782],[-77.00077,-11.992797],[-77.000773,-11.992816],[-77.00075,-11.992846],[-77.000724,-11.992884],[-77.000706,-11.992913],[-77.000694,-11.993117],[-77.000677,-11.993589],[-77.000667,-11.993893],[-77.000657,-11.994197],[-77.000642,-11.994651],[-77.000626,-11.995105],[-77.000617,-11.995413],[-77.000608,-11.99572],[-77.000626,-11.995815],[-77.00063,-11.995869],[-77.000626,-11.99591],[-77.000624,-11.995936],[-77.000614,-11.995976],[-77.000604,-11.996013],[-77.000595,-11.996094],[-77.000591,-11.996179],[-77.000586,-11.996261],[-77.000615,-11.996259],[-77.000661,-11.996259],[-77.000707,-11.996253],[-77.000751,-11.996246],[-77.000764,-11.996238],[-77.000774,-11.996227],[-77.000781,-11.996215],[-77.000798,-11.996187],[-77.000826,-11.996115],[-77.000816,-11.996014],[-77.000798,-11.995977],[-77.000782,-11.995951],[-77.000763,-11.995931],[-77.000719,-11.995917],[-77.000667,-11.995913],[-77.000626,-11.99591]]}},{"type":"Feature","properties":{"id":"las_flores_8","name":"Ciclovía Las Flores","type":"segregada","km":0.177,"osm_ways":3},"geometry":{"type":"LineString","coordinates":[[-77.012796,-11.99452],[-77.01253,-11.994373],[-77.012483,-11.994353],[-77.012435,-11.99434],[-77.012402,-11.994348],[-77.012365,-11.994348],[-77.012342,-11.994341],[-77.012312,-11.994323],[-77.012247,-11.994283],[-77.012063,-11.994182],[-77.011654,-11.993965],[-77.011621,-11.993945],[-77.0116,-11.993927],[-77.011552,-11.993909],[-77.011413,-11.993851],[-77.011345,-11.993826]]}},{"type":"Feature","properties":{"id":"las_flores_9","name":"Ciclovía Las Flores","type":"segregada","km":1.159,"osm_ways":5},"geometry":{"type":"LineString","coordinates":[[-77.012462,-12.020482],[-77.012409,-12.020055],[-77.012356,-12.019628],[-77.012302,-12.019202],[-77.012249,-12.018775],[-77.01224,-12.018699],[-77.012234,-12.018654],[-77.012183,-12.018219],[-77.012132,-12.017784],[-77.012133,-12.017769],[-77.012138,-12.017754],[-77.012156,-12.017729],[-77.012179,-12.017753],[-77.012185,-12.017763],[-77.012191,-12.017779],[-77.012248,-12.018212],[-77.012305,-12.018645],[-77.01231,-12.01869],[-77.01232,-12.018766],[-77.012373,-12.019185],[-77.012426,-12.019605],[-77.012479,-12.020024],[-77.012533,-12.020444],[-77.012537,-12.020476],[-77.012541,-12.020506],[-77.012559,-12.02064],[-77.012561,-12.020665],[-77.012593,-12.02095],[-77.012625,-12.021235],[-77.012689,-12.021729],[-77.012752,-12.022223],[-77.012765,-12.022338],[-77.012769,-12.022386],[-77.012771,-12.022441],[-77.01277,-12.02253],[-77.012765,-12.022634],[-77.01276,-12.022697],[-77.01273,-12.022852],[-77.012708,-12.022875],[-77.012692,-12.022886],[-77.01267,-12.022826],[-77.012674,-12.022801],[-77.012679,-12.022752],[-77.012685,-12.022676],[-77.012691,-12.02258],[-77.012691,-12.022398],[-77.012677,-12.022241],[-77.012615,-12.021742],[-77.012554,-12.021244],[-77.012519,-12.020958],[-77.012485,-12.020672],[-77.012482,-12.020649],[-77.012467,-12.020515],[-77.012462,-12.020482]]}},{"type":"Feature","properties":{"id":"las_flores_10","name":"Ciclovía Las Flores","type":"segregada","km":0.275,"osm_ways":2},"geometry":{"type":"LineString","coordinates":[[-77.011878,-12.025124],[-77.011894,-12.025067],[-77.011917,-12.024875],[-77.011954,-12.024593],[-77.011992,-12.024311],[-77.011997,-12.02428],[-77.012017,-12.024193],[-77.012036,-12.024123],[-77.01206,-12.024058],[-77.01209,-12.02399],[-77.012156,-12.023863],[-77.012294,-12.023602],[-77.012431,-12.023341],[-77.012462,-12.023282],[-77.012478,-12.023248],[-77.012515,-12.023162],[-77.012536,-12.023103],[-77.012576,-12.022994],[-77.012582,-12.02298],[-77.012588,-12.022972],[-77.012597,-12.02297],[-77.012607,-12.022972],[-77.012671,-12.022987],[-77.01268,-12.022944],[-77.012692,-12.022886]]}},{"type":"Feature","properties":{"id":"las_flores_11","name":"Ciclovía Las Flores","type":"segregada","km":0.265,"osm_ways":1},"geometry":{"type":"LineString","coordinates":[[-77.012671,-12.022987],[-77.012731,-12.023005],[-77.012756,-12.023013],[-77.012763,-12.023022],[-77.012765,-12.023034],[-77.012745,-12.023102],[-77.01272,-12.023171],[-77.012674,-12.023271],[-77.012616,-12.023381],[-77.012398,-12.023789],[-77.01227,-12.024033],[-77.01222,-12.024134],[-77.012189,-12.024223],[-77.012162,-12.02434],[-77.01213,-12.024499],[-77.012104,-12.024672],[-77.012047,-12.025083],[-77.012046,-12.025143],[-77.012045,-12.025162]]}},{"type":"Feature","properties":{"id":"las_flores_12","name":"Ciclovía Las Flores","type":"segregada","km":0.704,"osm_ways":1},"geometry":{"type":"LineString","coordinates":[[-77.01211,-12.017577],[-77.012058,-12.01715],[-77.012006,-12.016723],[-77.011954,-12.016296],[-77.011903,-12.01587],[-77.011852,-12.015445],[-77.011801,-12.015019],[-77.01175,-12.014594],[-77.011751,-12.014574],[-77.011754,-12.014556],[-77.011772,-12.014516],[-77.0118,-12.014551],[-77.011808,-12.014568],[-77.011815,-12.014588],[-77.011866,-12.015012],[-77.011916,-12.015435],[-77.011967,-12.015859],[-77.012017,-12.016282],[-77.012068,-12.016713],[-77.012118,-12.017143],[-77.012168,-12.017573],[-77.012168,-12.017589],[-77.012164,-12.017604],[-77.012147,-12.017648],[-77.01212,-12.01761],[-77.012113,-12.017592],[-77.01211,-12.017577]]}},{"type":"Feature","properties":{"id":"las_flores_13","name":"Ciclovía Las Flores","type":"segregada","km":0.135,"osm_ways":1},"geometry":{"type":"LineString","coordinates":[[-77.011723,-12.014347],[-77.011675,-12.013933],[-77.011672,-12.01391],[-77.011675,-12.013892],[-77.011714,-12.013829],[-77.011777,-12.014341],[-77.011778,-12.014365],[-77.011774,-12.014382],[-77.011759,-12.014422],[-77.011734,-12.014386],[-77.011727,-12.01437],[-77.011723,-12.014347]]}},{"type":"Feature","properties":{"id":"las_flores_14","name":"Ciclovía Las Flores","type":"segregada","km":0.295,"osm_ways":1},"geometry":{"type":"LineString","coordinates":[[-77.01154,-12.012373],[-77.011541,-12.012383],[-77.01155,-12.012457],[-77.011588,-12.012794],[-77.011643,-12.013237],[-77.011697,-12.013679],[-77.011641,-12.013615],[-77.011633,-12.013598],[-77.011624,-12.013575],[-77.011576,-12.013189],[-77.011528,-12.012803],[-77.011482,-12.012462],[-77.011472,-12.012389],[-77.01147,-12.012379]]}},{"type":"Feature","properties":{"id":"las_flores_15","name":"Ciclovía Las Flores","type":"segregada","km":0.909,"osm_ways":7},"geometry":{"type":"LineString","coordinates":[[-77.010974,-11.993731],[-77.011003,-11.993635],[-77.01103,-11.993652],[-77.011054,-11.993666],[-77.011272,-11.993766],[-77.011303,-11.993784],[-77.011329,-11.993806],[-77.011345,-11.993826],[-77.01132,-11.993829],[-77.011292,-11.993826],[-77.011255,-11.993817],[-77.011027,-11.993749],[-77.010974,-11.993731],[-77.010946,-11.993808],[-77.010931,-11.993858],[-77.010897,-11.99384],[-77.010812,-11.993758],[-77.010634,-11.993524],[-77.010557,-11.993388],[-77.010276,-11.993238],[-77.009995,-11.993088],[-77.00955,-11.992853],[-77.009104,-11.992618],[-77.009035,-11.992581],[-77.008988,-11.992555],[-77.008566,-11.992338],[-77.008144,-11.99212],[-77.007723,-11.991903],[-77.007284,-11.99167],[-77.006853,-11.991438],[-77.006403,-11.991195],[-77.006026,-11.991002],[-77.005842,-11.990932],[-77.00571,-11.990908],[-77.005574,-11.9909],[-77.005395,-11.990914],[-77.005347,-11.990923],[-77.005306,-11.99092],[-77.00528,-11.990903],[-77.005238,-11.990784],[-77.005099,-11.990411],[-77.005091,-11.990391],[-77.005147,-11.990366],[-77.005216,-11.990338],[-77.005191,-11.990286],[-77.005168,-11.990235]]}},{"type":"Feature","properties":{"id":"las_flores_16","name":"Ciclovía Las Flores","type":"segregada","km":0.718,"osm_ways":3},"geometry":{"type":"LineString","coordinates":[[-77.005238,-11.990784],[-77.00531,-11.990788],[-77.00535,-11.990785],[-77.005433,-11.990781],[-77.005613,-11.990785],[-77.005748,-11.990794],[-77.005802,-11.990802],[-77.006078,-11.990872],[-77.00612,-11.990886],[-77.006469,-11.991078],[-77.006901,-11.991346],[-77.007331,-11.991588],[-77.007768,-11.991823],[-77.008189,-11.992042],[-77.008611,-11.992261],[-77.009032,-11.99248],[-77.00951,-11.99272],[-77.009766,-11.992864],[-77.010021,-11.993008],[-77.010303,-11.99315],[-77.010586,-11.993293],[-77.01069,-11.993331],[-77.010903,-11.99345],[-77.01099,-11.993513],[-77.01102,-11.993539],[-77.011013,-11.993578],[-77.011003,-11.993635]]}},{"type":"Feature","properties":{"id":"las_flores_17","name":"Ciclovía Las Flores","type":"segregada","km":0.104,"osm_ways":1},"geometry":{"type":"LineString","coordinates":[[-77.0116,-11.993927],[-77.011629,-11.993924],[-77.01166,-11.993929],[-77.011906,-11.994039],[-77.012349,-11.99426],[-77.012403,-11.994286],[-77.012424,-11.994311],[-77.012435,-11.99434]]}},{"type":"Feature","properties":{"id":"las_flores_18","name":"Ciclovía Las Flores","type":"segregada","km":0.73,"osm_ways":1},"geometry":{"type":"LineString","coordinates":[[-77.000586,-11.996261],[-77.000579,-11.996529],[-77.000583,-11.996617],[-77.00058,-11.996697],[-77.000578,-11.996802],[-77.000571,-11.996881],[-77.000553,-11.997002],[-77.00053,-11.997499],[-77.000517,-11.997861],[-77.000519,-11.998035],[-77.000517,-11.998113],[-77.000516,-11.998171],[-77.0005,-11.998224],[-77.000482,-11.99854],[-77.000466,-11.998694],[-77.000451,-11.998798],[-77.000431,-11.998883],[-77.000324,-11.99917],[-77.000217,-11.999457],[-77.000081,-11.999819],[-77.000073,-11.999893],[-77.000065,-11.999939],[-77.000034,-12.000023],[-77.000009,-12.000088],[-76.999987,-12.00013],[-76.999961,-12.00017],[-76.999914,-12.000259],[-76.99982,-12.000498],[-76.999681,-12.000882],[-76.999541,-12.001265],[-76.999389,-12.001675],[-76.999346,-12.001782],[-76.999243,-12.002072],[-76.999169,-12.002285],[-76.999157,-12.002379],[-76.999126,-12.00249],[-76.999128,-12.002507],[-76.999159,-12.00254],[-76.999194,-12.002564]]}},{"type":"Feature","properties":{"id":"las_gaviotas","name":"Ciclovía Las Gaviotas","type":"segregada","km":0.257,"osm_ways":1},"geometry":{"type":"LineString","coordinates":[[-77.007858,-12.183762],[-77.007865,-12.183721],[-77.007865,-12.183665],[-77.007859,-12.183598],[-77.007805,-12.183103],[-77.007751,-12.182608],[-77.007697,-12.182112],[-77.007643,-12.181617],[-77.007641,-12.181571],[-77.007644,-12.18154],[-77.007657,-12.181467]]}},{"type":"Feature","properties":{"id":"los_alisos","name":"Ciclovía Los Alisos","type":"segregada","km":1.144,"osm_ways":4},"geometry":{"type":"LineString","coordinates":[[-77.078141,-11.983206],[-77.07807,-11.983216],[-77.07787,-11.983232],[-77.077771,-11.983278],[-77.077678,-11.983286],[-77.077308,-11.983318],[-77.077113,-11.983334],[-77.076883,-11.983356],[-77.076523,-11.983392],[-77.076135,-11.98343],[-77.07604,-11.983416],[-77.07593,-11.983429],[-77.075855,-11.983455],[-77.075371,-11.983495],[-77.074874,-11.983545],[-77.074378,-11.983594],[-77.074072,-11.983624],[-77.073627,-11.983666],[-77.073181,-11.983707],[-77.073071,-11.983717],[-77.072529,-11.983768],[-77.072357,-11.983787],[-77.072171,-11.983807],[-77.072042,-11.983821],[-77.071525,-11.983866],[-77.071198,-11.983895],[-77.07087,-11.983924],[-77.070402,-11.983966],[-77.069935,-11.984007],[-77.069467,-11.984048],[-77.068999,-11.98409],[-77.068532,-11.984131],[-77.068053,-11.984173],[-77.067834,-11.984193],[-77.067729,-11.984202],[-77.067725,-11.984155]]}},{"type":"Feature","properties":{"id":"los_alisos_2","name":"Ciclovía Los Alisos","type":"segregada","km":1.95,"osm_ways":1},"geometry":{"type":"LineString","coordinates":[[-77.078601,-11.983218],[-77.079,-11.983177],[-77.079399,-11.983136],[-77.079798,-11.983095],[-77.079922,-11.983079],[-77.080467,-11.983027],[-77.081012,-11.982975],[-77.081558,-11.982924],[-77.082103,-11.982872],[-77.082648,-11.982821],[-77.082705,-11.982813],[-77.083101,-11.982773],[-77.083497,-11.982734],[-77.083893,-11.982694],[-77.084318,-11.982655],[-77.084744,-11.982615],[-77.08517,-11.982576],[-77.085641,-11.982551],[-77.085645,-11.982551],[-77.085666,-11.982567],[-77.085682,-11.982598],[-77.085686,-11.982613],[-77.085692,-11.982622],[-77.085702,-11.982625],[-77.086067,-11.982626],[-77.086078,-11.982622],[-77.086089,-11.982617],[-77.086096,-11.982605],[-77.086105,-11.98254],[-77.08611,-11.98253],[-77.086121,-11.982526],[-77.086135,-11.982524],[-77.08649,-11.982532],[-77.086631,-11.982527],[-77.08678,-11.982517],[-77.087028,-11.982497],[-77.087341,-11.982471],[-77.087648,-11.982441],[-77.087954,-11.982411],[-77.088487,-11.982361],[-77.088521,-11.982362],[-77.08855,-11.982364],[-77.088581,-11.98237],[-77.088608,-11.982372],[-77.08864,-11.982372],[-77.088669,-11.98237],[-77.088798,-11.98236],[-77.088831,-11.982352],[-77.088874,-11.982333],[-77.088906,-11.982319],[-77.088944,-11.98231],[-77.089432,-11.982262],[-77.089919,-11.982215],[-77.090407,-11.982167],[-77.090694,-11.982142],[-77.091199,-11.982096],[-77.091704,-11.982051],[-77.092208,-11.982005],[-77.092713,-11.98196],[-77.093218,-11.981914],[-77.093722,-11.981868],[-77.093983,-11.981847],[-77.094317,-11.981814],[-77.09465,-11.981781],[-77.095159,-11.98173],[-77.095667,-11.98168],[-77.096175,-11.98163],[-77.096218,-11.981621],[-77.096249,-11.98161],[-77.096273,-11.981589],[-77.096295,-11.981548]]}},{"type":"Feature","properties":{"id":"los_jardines","name":"Ciclovía Los Jardines","type":"segregada","km":1.157,"osm_ways":11},"geometry":{"type":"LineString","coordinates":[[-77.008413,-12.007097],[-77.008444,-12.00709],[-77.008447,-12.00709],[-77.008451,-12.007091],[-77.008798,-12.007258],[-77.009214,-12.007451],[-77.009631,-12.007644],[-77.009948,-12.007796],[-77.010026,-12.007825],[-77.010102,-12.00785],[-77.010158,-12.007861],[-77.01024,-12.007869],[-77.010352,-12.007865],[-77.010445,-12.007848],[-77.010509,-12.007832],[-77.010594,-12.007791],[-77.010812,-12.007653],[-77.01073,-12.007891],[-77.010731,-12.008064],[-77.010805,-12.008452],[-77.010651,-12.008265],[-77.01056,-12.008172],[-77.010475,-12.008102],[-77.010434,-12.008078],[-77.01012,-12.007931],[-77.009861,-12.007815],[-77.009602,-12.0077],[-77.009189,-12.007503],[-77.008777,-12.007305],[-77.008417,-12.007128],[-77.008413,-12.007097],[-77.008373,-12.00708],[-77.008332,-12.007063],[-77.008317,-12.007031],[-77.007933,-12.006844],[-77.007456,-12.006628],[-77.00698,-12.006412],[-77.006513,-12.006199],[-77.0064,-12.00622],[-77.006452,-12.006244],[-77.006951,-12.006473],[-77.007426,-12.006691],[-77.007901,-12.006909],[-77.008286,-12.007074],[-77.008332,-12.007063]]}},{"type":"Feature","properties":{"id":"los_jardines_2","name":"Ciclovía Los Jardines","type":"segregada","km":0.251,"osm_ways":7},"geometry":{"type":"LineString","coordinates":[[-77.006218,-12.006135],[-77.006198,-12.006168],[-77.006112,-12.006306],[-77.006095,-12.006335],[-77.006039,-12.006305],[-77.005943,-12.006254],[-77.005911,-12.006237],[-77.005762,-12.006158],[-77.005735,-12.006144],[-77.005647,-12.006097],[-77.005554,-12.006047],[-77.005662,-12.005885],[-77.005702,-12.005824],[-77.005742,-12.005765],[-77.005797,-12.005681],[-77.005884,-12.005727],[-77.005973,-12.005775],[-77.006182,-12.005886],[-77.006273,-12.005935],[-77.006326,-12.005963],[-77.006272,-12.006039],[-77.006245,-12.006084],[-77.006218,-12.006135],[-77.006254,-12.006153],[-77.006354,-12.006198],[-77.0064,-12.00622]]}},{"type":"Feature","properties":{"id":"los_jardines_3","name":"Ciclovía Los Jardines","type":"segregada","km":0.8,"osm_ways":3},"geometry":{"type":"LineString","coordinates":[[-77.005702,-12.005824],[-77.00568,-12.005777],[-77.005392,-12.00561],[-77.005353,-12.005615],[-77.005309,-12.00559],[-77.005266,-12.005566],[-77.005232,-12.005568],[-77.004848,-12.00534],[-77.004465,-12.005111],[-77.004433,-12.005032],[-77.004015,-12.004787],[-77.003848,-12.004686],[-77.003765,-12.004697],[-77.003401,-12.004486],[-77.003037,-12.004275],[-77.002673,-12.004065],[-77.002633,-12.004042],[-77.002574,-12.004008],[-77.002542,-12.003989],[-77.002486,-12.003957],[-77.002439,-12.00393],[-77.002367,-12.003897],[-77.002297,-12.003883],[-77.002246,-12.003863],[-77.002217,-12.003796],[-77.001818,-12.003648],[-77.001418,-12.0035],[-77.001018,-12.003353],[-77.00092,-12.003316],[-77.000645,-12.003216],[-77.000332,-12.003103],[-77.000019,-12.002989],[-76.999941,-12.002961],[-76.999869,-12.002993],[-76.999535,-12.002874],[-76.999202,-12.002755]]}},{"type":"Feature","properties":{"id":"los_postes","name":"Ciclovía Los Postes","type":"segregada","km":1.526,"osm_ways":3},"geometry":{"type":"LineString","coordinates":[[-77.014349,-11.998848],[-77.014239,-11.998822],[-77.014182,-11.998809],[-77.01417,-11.998797],[-77.01417,-11.99878],[-77.014179,-11.998758],[-77.014197,-11.998709],[-77.014197,-11.998696],[-77.014194,-11.998691],[-77.014186,-11.998681],[-77.013797,-11.998581],[-77.013566,-11.998518],[-77.013356,-11.998462],[-77.01318,-11.998404],[-77.012885,-11.998292],[-77.012591,-11.998181],[-77.012139,-11.998016],[-77.011688,-11.997851],[-77.011236,-11.997687],[-77.010787,-11.997541],[-77.010338,-11.997395],[-77.009958,-11.99728],[-77.009877,-11.997257],[-77.009765,-11.997226],[-77.009538,-11.997161],[-77.009443,-11.997137],[-77.009082,-11.997063],[-77.008768,-11.996982],[-77.008454,-11.996901],[-77.008028,-11.996795],[-77.007745,-11.996734],[-77.007508,-11.996685],[-77.007225,-11.996627],[-77.006941,-11.996569],[-77.006551,-11.996489],[-77.00616,-11.996409],[-77.005747,-11.996332],[-77.005562,-11.996307],[-77.005438,-11.996296],[-77.005264,-11.996287],[-77.005143,-11.996283],[-77.004662,-11.996261],[-77.004181,-11.996239],[-77.0037,-11.996217],[-77.003192,-11.996193],[-77.002684,-11.99617],[-77.00222,-11.996156],[-77.001755,-11.996142],[-77.00129,-11.996129],[-77.000826,-11.996115]]}},{"type":"Feature","properties":{"id":"los_tusilagos","name":"Ciclovía Los Tusílagos","type":"segregada","km":0.559,"osm_ways":13},"geometry":{"type":"LineString","coordinates":[[-77.01133,-12.012283],[-77.01132,-12.012283],[-77.011291,-12.012285],[-77.01125,-12.012314],[-77.011045,-12.012339],[-77.010616,-12.01239],[-77.010187,-12.012441],[-77.009757,-12.012492],[-77.009749,-12.012491],[-77.009742,-12.012484],[-77.009742,-12.012475],[-77.009698,-12.012479],[-77.009666,-12.012483],[-77.009544,-12.012496],[-77.009474,-12.012502],[-77.009428,-12.012514],[-77.009397,-12.012536],[-77.009321,-12.012545],[-77.009308,-12.012531],[-77.009295,-12.012518],[-77.009283,-12.012509],[-77.00926,-12.012505],[-77.009225,-12.012509],[-77.009215,-12.012516],[-77.009211,-12.01252],[-77.009199,-12.012536],[-77.009191,-12.012541],[-77.009164,-12.012545],[-77.009111,-12.012551],[-77.009059,-12.012554],[-77.009012,-12.012586],[-77.008866,-12.012604],[-77.008809,-12.012611],[-77.008484,-12.012651],[-77.008159,-12.012691],[-77.008141,-12.012684],[-77.008124,-12.012677],[-77.008114,-12.012668],[-77.008108,-12.01266],[-77.008097,-12.012651],[-77.008086,-12.012647],[-77.008058,-12.01265],[-77.008049,-12.012662],[-77.008041,-12.012672],[-77.008026,-12.012677],[-77.008012,-12.012679],[-77.007959,-12.012685],[-77.007922,-12.012689],[-77.0079,-12.012691],[-77.007885,-12.012706],[-77.007872,-12.012718],[-77.00737,-12.012778],[-77.006867,-12.012838],[-77.006365,-12.012898],[-77.006338,-12.01287]]}},{"type":"Feature","properties":{"id":"los_tusilagos_2","name":"Ciclovía Los Tusílagos","type":"segregada","km":1.13,"osm_ways":16},"geometry":{"type":"LineString","coordinates":[[-77.00569,-12.012963],[-77.005692,-12.012973],[-77.005701,-12.01298],[-77.005713,-12.012979],[-77.00621,-12.012911],[-77.006232,-12.012883],[-77.006212,-12.012861],[-77.005703,-12.012931],[-77.005694,-12.012936],[-77.005689,-12.012947],[-77.00569,-12.012963],[-77.005647,-12.012968],[-77.005601,-12.012974],[-77.005584,-12.012987],[-77.005554,-12.01301],[-77.005129,-12.013059],[-77.005006,-12.013073],[-77.004582,-12.013122],[-77.004209,-12.013165],[-77.003902,-12.0132],[-77.003852,-12.013206],[-77.003506,-12.013246],[-77.003387,-12.013261],[-77.003266,-12.013274],[-77.003145,-12.013279],[-77.002988,-12.013282],[-77.002859,-12.01328],[-77.002839,-12.013249],[-77.002765,-12.013243],[-77.002707,-12.013242],[-77.002706,-12.013253],[-77.002698,-12.01326],[-77.002684,-12.013262],[-77.002333,-12.013234],[-77.002322,-12.013227],[-77.002289,-12.01321],[-77.002253,-12.013207],[-77.002147,-12.013199],[-77.002124,-12.013197],[-77.001955,-12.013172],[-77.001919,-12.013167],[-77.0018,-12.013155],[-77.00176,-12.013148],[-77.001621,-12.013134],[-77.001521,-12.013101],[-77.001328,-12.013051],[-77.0013,-12.013042],[-77.001271,-12.013035],[-77.001231,-12.013021],[-77.00102,-12.01295],[-77.000825,-12.012849],[-77.000629,-12.012721],[-77.000478,-12.012618],[-77.000265,-12.012472],[-77.000233,-12.012449],[-77.000202,-12.012426],[-76.999793,-12.012163],[-76.999384,-12.0119],[-76.999255,-12.011817],[-76.998975,-12.011634],[-76.998695,-12.011451],[-76.998647,-12.01142],[-76.998626,-12.011406],[-76.998576,-12.011371],[-76.998556,-12.011355],[-76.998506,-12.01134],[-76.998474,-12.011329],[-76.998436,-12.011314],[-76.998293,-12.011258],[-76.998087,-12.011177],[-76.998037,-12.011168],[-76.997944,-12.011134],[-76.997847,-12.011078],[-76.997699,-12.011007],[-76.997624,-12.010971],[-76.997472,-12.010919],[-76.997335,-12.010865],[-76.997311,-12.010834],[-76.997291,-12.010801],[-76.99722,-12.010774],[-76.997194,-12.010764]]}},{"type":"Feature","properties":{"id":"los_tusilagos_3","name":"Ciclovía Los Tusílagos","type":"segregada","km":0.185,"osm_ways":3},"geometry":{"type":"LineString","coordinates":[[-77.006232,-12.012883],[-77.006271,-12.012879],[-77.00631,-12.012876],[-77.006338,-12.01287],[-77.006357,-12.012841],[-77.006859,-12.012785],[-77.007362,-12.012729],[-77.007864,-12.012674],[-77.0079,-12.012691]]}},{"type":"Feature","properties":{"id":"los_tusilagos_4","name":"Ciclovía Los Tusílagos","type":"segregada","km":0.085,"osm_ways":2},"geometry":{"type":"LineString","coordinates":[[-77.008124,-12.012677],[-77.00815,-12.012674],[-77.008161,-12.012663],[-77.00818,-12.012635],[-77.008496,-12.012596],[-77.008812,-12.012557],[-77.008841,-12.012582],[-77.008866,-12.012604]]}},{"type":"Feature","properties":{"id":"malachowsky","name":"Ciclovía Malachowsky","type":"segregada","km":0.578,"osm_ways":1},"geometry":{"type":"LineString","coordinates":[[-77.003466,-12.111806],[-77.003468,-12.111787],[-77.003477,-12.111689],[-77.003504,-12.111427],[-77.003516,-12.11137],[-77.003534,-12.111302],[-77.003581,-12.111241],[-77.003963,-12.110943],[-77.004345,-12.110645],[-77.004765,-12.110309],[-77.005191,-12.109967],[-77.005411,-12.109797],[-77.005631,-12.109628],[-77.005857,-12.109451],[-77.006083,-12.109273],[-77.006224,-12.10916],[-77.006335,-12.10913],[-77.006512,-12.109139],[-77.006599,-12.109144],[-77.00703,-12.109172],[-77.007462,-12.1092],[-77.0075,-12.109199],[-77.007538,-12.109189]]}},{"type":"Feature","properties":{"id":"malachowsky_2","name":"Ciclovía Malachowsky","type":"segregada","km":0.568,"osm_ways":1},"geometry":{"type":"LineString","coordinates":[[-77.00753,-12.109262],[-77.007472,-12.109244],[-77.007447,-12.109242],[-77.007411,-12.109239],[-77.007003,-12.10921],[-77.006595,-12.109182],[-77.006508,-12.109177],[-77.00635,-12.109169],[-77.006244,-12.1092],[-77.006111,-12.109307],[-77.005883,-12.109483],[-77.005656,-12.10966],[-77.005436,-12.109829],[-77.005216,-12.109998],[-77.005002,-12.110169],[-77.004788,-12.110339],[-77.004367,-12.110672],[-77.004019,-12.110957],[-77.003672,-12.111242],[-77.003621,-12.111291],[-77.003594,-12.11133],[-77.003576,-12.111376],[-77.003564,-12.111408],[-77.003538,-12.111692],[-77.003528,-12.111792],[-77.003525,-12.11181]]}},{"type":"Feature","properties":{"id":"armendariz_2","name":"Ciclovía Malecón Armendáriz","type":"segregada","km":0.389,"osm_ways":1},"geometry":{"type":"LineString","coordinates":[[-77.027096,-12.137402],[-77.027011,-12.137378],[-77.026965,-12.13735],[-77.026923,-12.137311],[-77.026881,-12.137251],[-77.026848,-12.137182],[-77.026826,-12.137109],[-77.026813,-12.137052],[-77.026812,-12.137],[-77.026818,-12.136925],[-77.026859,-12.136746],[-77.026854,-12.136688],[-77.026842,-12.136644],[-77.026813,-12.136587],[-77.026764,-12.136506],[-77.02668,-12.136426],[-77.026614,-12.136377],[-77.026573,-12.136336],[-77.02654,-12.136288],[-77.026416,-12.136009],[-77.026362,-12.135902],[-77.026315,-12.135835],[-77.026283,-12.135807],[-77.026251,-12.135792],[-77.026203,-12.135782],[-77.026097,-12.13576],[-77.026032,-12.13574],[-77.025993,-12.135715],[-77.025735,-12.135513],[-77.025683,-12.135481],[-77.025626,-12.13546],[-77.025563,-12.13544],[-77.025507,-12.135433],[-77.025442,-12.135431],[-77.025394,-12.13543],[-77.025273,-12.135428],[-77.025161,-12.135414],[-77.025084,-12.135396],[-77.024977,-12.135368],[-77.024955,-12.13535],[-77.024916,-12.13533],[-77.024783,-12.135302]]}},{"type":"Feature","properties":{"id":"balta_2","name":"Ciclovía Malecón Balta","type":"segregada","km":0.635,"osm_ways":2},"geometry":{"type":"LineString","coordinates":[[-77.035898,-12.126757],[-77.03553,-12.126769],[-77.035466,-12.126768],[-77.035406,-12.126759],[-77.035344,-12.126741],[-77.035281,-12.126713],[-77.035214,-12.126675],[-77.035154,-12.12663],[-77.034992,-12.126491],[-77.034921,-12.126421],[-77.034846,-12.126335],[-77.034789,-12.126272],[-77.034454,-12.125889],[-77.034118,-12.125506],[-77.033783,-12.125123],[-77.033447,-12.12474],[-77.033111,-12.124357],[-77.032796,-12.123997],[-77.032481,-12.123637],[-77.032174,-12.123289],[-77.031927,-12.123022],[-77.031873,-12.12295],[-77.03184,-12.122893]]}},{"type":"Feature","properties":{"id":"cisneros","name":"Ciclovía Malecón Cisneros","type":"segregada","km":1.539,"osm_ways":1},"geometry":{"type":"LineString","coordinates":[[-77.044028,-12.118961],[-77.043895,-12.119296],[-77.043879,-12.119339],[-77.043872,-12.119391],[-77.043874,-12.119426],[-77.043882,-12.119461],[-77.043907,-12.119505],[-77.043939,-12.119538],[-77.043972,-12.119559],[-77.043983,-12.119567],[-77.044496,-12.119749],[-77.044534,-12.11977],[-77.044555,-12.119793],[-77.044567,-12.119818],[-77.044571,-12.11985],[-77.044571,-12.119879],[-77.044563,-12.119907],[-77.044553,-12.119928],[-77.044337,-12.120129],[-77.044311,-12.120149],[-77.044283,-12.120166],[-77.044258,-12.120173],[-77.044221,-12.120175],[-77.044185,-12.120168],[-77.043953,-12.120092],[-77.043919,-12.12008],[-77.043869,-12.120073],[-77.043823,-12.120079],[-77.043636,-12.120127],[-77.04355,-12.120157],[-77.043503,-12.120175],[-77.043474,-12.120193],[-77.043443,-12.120223],[-77.043423,-12.120253],[-77.043398,-12.120303],[-77.04325,-12.120672],[-77.04307,-12.121113],[-77.043059,-12.121135],[-77.043044,-12.121156],[-77.043025,-12.121171],[-77.042991,-12.12119],[-77.042637,-12.12136],[-77.042586,-12.12139],[-77.042547,-12.121414],[-77.04251,-12.121442],[-77.042186,-12.121745],[-77.041863,-12.122048],[-77.041809,-12.122091],[-77.04177,-12.122107],[-77.041733,-12.122115],[-77.041697,-12.122112],[-77.041652,-12.122102],[-77.041609,-12.122086],[-77.041559,-12.12206],[-77.041514,-12.122029],[-77.041488,-12.121987],[-77.041444,-12.121815],[-77.041431,-12.121764],[-77.041409,-12.121722],[-77.041367,-12.121687],[-77.041316,-12.121664],[-77.041253,-12.121647],[-77.041189,-12.121638],[-77.041113,-12.121644],[-77.041046,-12.12166],[-77.040988,-12.121686],[-77.04094,-12.12172],[-77.040868,-12.121792],[-77.040815,-12.121859],[-77.040621,-12.122151],[-77.040426,-12.122443],[-77.040236,-12.12274],[-77.040141,-12.122862],[-77.040076,-12.122932],[-77.039992,-12.123011],[-77.039909,-12.123076],[-77.039777,-12.123161],[-77.039701,-12.123198],[-77.039338,-12.123356],[-77.038971,-12.123498],[-77.038864,-12.123537],[-77.038784,-12.123568],[-77.038699,-12.123603],[-77.038459,-12.123735],[-77.038095,-12.123945],[-77.03795,-12.124029],[-77.037804,-12.124123],[-77.037662,-12.124224],[-77.037471,-12.124376],[-77.037441,-12.12442],[-77.037408,-12.124469],[-77.037383,-12.12452],[-77.037243,-12.124879],[-77.037141,-12.125161],[-77.037038,-12.125444],[-77.036985,-12.125559],[-77.036954,-12.125625],[-77.036739,-12.126022],[-77.036711,-12.126076],[-77.036684,-12.126116],[-77.036494,-12.126381],[-77.036303,-12.126646],[-77.036082,-12.126945],[-77.035992,-12.127066]]}},{"type":"Feature","properties":{"id":"grau","name":"Ciclovía Malecón Grau","type":"segregada","km":1.32,"osm_ways":9},"geometry":{"type":"LineString","coordinates":[[-77.023722,-12.162448],[-77.023748,-12.162617],[-77.023796,-12.162859],[-77.02385,-12.163124],[-77.023893,-12.163339],[-77.024032,-12.163795],[-77.024094,-12.163939],[-77.024145,-12.164029],[-77.024219,-12.164102],[-77.024249,-12.164124],[-77.024576,-12.164439],[-77.024798,-12.164652],[-77.02502,-12.164865],[-77.025289,-12.165162],[-77.025558,-12.16546],[-77.025812,-12.165665],[-77.026065,-12.165871],[-77.026343,-12.166059],[-77.02662,-12.166247],[-77.02666,-12.166273],[-77.026717,-12.16631],[-77.026761,-12.166339],[-77.026797,-12.166363],[-77.026863,-12.166406],[-77.027113,-12.166566],[-77.0275,-12.166788],[-77.027747,-12.166924],[-77.027993,-12.16706],[-77.02845,-12.167291],[-77.0288,-12.167458],[-77.02886,-12.167488],[-77.029223,-12.167661],[-77.029259,-12.167675],[-77.029283,-12.167675],[-77.029308,-12.167667],[-77.029324,-12.167656],[-77.02953,-12.167462],[-77.03001,-12.167535],[-77.030489,-12.167608],[-77.030625,-12.167627],[-77.031152,-12.1677],[-77.03168,-12.167773],[-77.031767,-12.167779],[-77.031923,-12.167779],[-77.032015,-12.167769],[-77.032141,-12.167746],[-77.032308,-12.16769],[-77.032737,-12.16755],[-77.033167,-12.167411]]}},{"type":"Feature","properties":{"id":"paul_harris","name":"Ciclovía Malecón Paúl Harris","type":"segregada","km":0.905,"osm_ways":3},"geometry":{"type":"LineString","coordinates":[[-77.023114,-12.135523],[-77.023118,-12.135551],[-77.023123,-12.135585],[-77.023141,-12.135655],[-77.02316,-12.135704],[-77.023179,-12.135746],[-77.023237,-12.135831],[-77.02328,-12.135877],[-77.023358,-12.135936],[-77.023439,-12.135981],[-77.023532,-12.136021],[-77.02389,-12.136097],[-77.02397,-12.136124],[-77.024058,-12.136155],[-77.024149,-12.1362],[-77.024258,-12.13627],[-77.02432,-12.136312],[-77.024616,-12.136424],[-77.025119,-12.136609],[-77.025208,-12.13665],[-77.025269,-12.13669],[-77.025323,-12.136743],[-77.0254,-12.136824],[-77.025452,-12.13692],[-77.025478,-12.136993],[-77.025504,-12.137113],[-77.025603,-12.137609],[-77.025655,-12.137808],[-77.025695,-12.137902],[-77.025768,-12.138021],[-77.025861,-12.138159],[-77.026012,-12.138374],[-77.02617,-12.138605],[-77.026225,-12.138706],[-77.026258,-12.138793],[-77.026284,-12.138898],[-77.026295,-12.138981],[-77.026299,-12.139083],[-77.026302,-12.13924],[-77.026303,-12.13935],[-77.026319,-12.139431],[-77.026342,-12.139523],[-77.026398,-12.139761],[-77.026409,-12.139852],[-77.026403,-12.139926],[-77.026388,-12.14],[-77.026376,-12.140039],[-77.026338,-12.140143],[-77.026292,-12.140209],[-77.026051,-12.140468],[-77.025987,-12.140546],[-77.02595,-12.140606],[-77.025941,-12.14063],[-77.025925,-12.140694],[-77.025892,-12.140913],[-77.025866,-12.140988],[-77.025829,-12.141072],[-77.025768,-12.141145],[-77.025705,-12.14119],[-77.02558,-12.141248],[-77.025438,-12.141309],[-77.025272,-12.141371],[-77.025115,-12.141452]]}},{"type":"Feature","properties":{"id":"souza","name":"Ciclovía Malecón Souza","type":"segregada","km":0.53,"osm_ways":1},"geometry":{"type":"LineString","coordinates":[[-77.025115,-12.141452],[-77.025062,-12.141506],[-77.025006,-12.141594],[-77.024965,-12.141693],[-77.024947,-12.141794],[-77.024942,-12.141901],[-77.024958,-12.141981],[-77.025006,-12.14207],[-77.025084,-12.142164],[-77.025165,-12.142245],[-77.025243,-12.142331],[-77.025289,-12.142414],[-77.025323,-12.142498],[-77.025339,-12.142599],[-77.025344,-12.142681],[-77.025332,-12.14275],[-77.025294,-12.142834],[-77.025244,-12.142936],[-77.025173,-12.143028],[-77.025038,-12.143179],[-77.024943,-12.143307],[-77.024882,-12.143427],[-77.02483,-12.143593],[-77.024678,-12.144042],[-77.024526,-12.144491],[-77.024493,-12.144614],[-77.024469,-12.14472],[-77.024446,-12.144874],[-77.024426,-12.145001],[-77.024407,-12.145157],[-77.024383,-12.145323],[-77.024358,-12.145421],[-77.024301,-12.145519],[-77.024169,-12.145694],[-77.02412,-12.145741],[-77.024096,-12.145748]]}},{"type":"Feature","properties":{"id":"de_la_marina_4","name":"Ciclovía Malecón de la Marina","type":"segregada","km":2.09,"osm_ways":8},"geometry":{"type":"LineString","coordinates":[[-77.055898,-12.107837],[-77.055909,-12.107974],[-77.055886,-12.108021],[-77.055849,-12.108071],[-77.055595,-12.108286],[-77.055564,-12.108326],[-77.055583,-12.108399],[-77.055849,-12.108701],[-77.05586,-12.108715],[-77.055889,-12.108762],[-77.055882,-12.108799],[-77.055847,-12.108846],[-77.05576,-12.108896],[-77.055539,-12.10905],[-77.055406,-12.109144],[-77.055317,-12.109237],[-77.055182,-12.109383],[-77.054928,-12.10955],[-77.054794,-12.109629],[-77.054668,-12.109603],[-77.054281,-12.109329],[-77.054104,-12.109374],[-77.053842,-12.109151],[-77.05381,-12.109141],[-77.053783,-12.109148],[-77.053739,-12.109188],[-77.053538,-12.109367],[-77.053532,-12.109373],[-77.05331,-12.109603],[-77.053267,-12.109676],[-77.053256,-12.109768],[-77.05325,-12.110099],[-77.053244,-12.110429],[-77.053225,-12.110522],[-77.053174,-12.110617],[-77.053119,-12.110681],[-77.053015,-12.11071],[-77.052886,-12.110731],[-77.052636,-12.11075],[-77.052529,-12.110775],[-77.052445,-12.110846],[-77.052371,-12.110906],[-77.052256,-12.111068],[-77.052166,-12.111193],[-77.051966,-12.111394],[-77.05192,-12.11142],[-77.051903,-12.111442],[-77.051865,-12.111512],[-77.051833,-12.111542],[-77.051802,-12.11155],[-77.051765,-12.111546],[-77.051722,-12.111544],[-77.051658,-12.111546],[-77.051634,-12.111555],[-77.051617,-12.111568],[-77.051602,-12.111591],[-77.051582,-12.111631],[-77.051548,-12.11168],[-77.051508,-12.111719],[-77.051454,-12.111751],[-77.051393,-12.111783],[-77.050914,-12.111959],[-77.050844,-12.111986],[-77.050773,-12.112026],[-77.050715,-12.112062],[-77.050674,-12.112098],[-77.05037,-12.112416],[-77.050065,-12.112733],[-77.050032,-12.112768],[-77.049986,-12.112803],[-77.049934,-12.112833],[-77.04982,-12.112884],[-77.049738,-12.112918],[-77.049681,-12.112949],[-77.049634,-12.112982],[-77.049295,-12.113346],[-77.049228,-12.113424],[-77.049179,-12.113494],[-77.049171,-12.113512],[-77.049148,-12.113561],[-77.049129,-12.113638],[-77.049117,-12.113738],[-77.04911,-12.113842],[-77.049105,-12.114124],[-77.0491,-12.114405],[-77.049089,-12.114593],[-77.049081,-12.114619],[-77.049068,-12.114652],[-77.049051,-12.114677],[-77.048763,-12.114974],[-77.048476,-12.115271],[-77.04817,-12.115583],[-77.04789,-12.115868],[-77.047611,-12.116154],[-77.047331,-12.11644],[-77.047032,-12.116746],[-77.046732,-12.117052],[-77.046685,-12.117096],[-77.046649,-12.117127],[-77.046622,-12.117145],[-77.046592,-12.117154],[-77.046461,-12.117153],[-77.046157,-12.117135],[-77.046085,-12.117141],[-77.046015,-12.11715],[-77.045965,-12.117165],[-77.04591,-12.117195],[-77.04587,-12.117232],[-77.045839,-12.117274],[-77.045738,-12.117483],[-77.045708,-12.117577],[-77.0457,-12.117612],[-77.045694,-12.117654],[-77.045683,-12.117768],[-77.045671,-12.117992],[-77.045669,-12.118017],[-77.04566,-12.118055],[-77.045642,-12.118102],[-77.045606,-12.118162],[-77.045563,-12.118218],[-77.045513,-12.118275],[-77.045365,-12.118387],[-77.045313,-12.118419],[-77.045263,-12.118439],[-77.04521,-12.118451],[-77.044825,-12.118483],[-77.044288,-12.118519],[-77.044245,-12.118529],[-77.044206,-12.118548],[-77.044185,-12.118571],[-77.044169,-12.118595],[-77.044157,-12.11862],[-77.044028,-12.118961]]}},{"type":"Feature","properties":{"id":"de_la_reserva","name":"Ciclovía Malecón de la Reserva","type":"segregada","km":1.737,"osm_ways":1},"geometry":{"type":"LineString","coordinates":[[-77.035462,-12.127896],[-77.035451,-12.127911],[-77.035415,-12.127974],[-77.03518,-12.128366],[-77.034945,-12.128757],[-77.034846,-12.128929],[-77.034589,-12.129336],[-77.034318,-12.129753],[-77.034291,-12.129785],[-77.034234,-12.129854],[-77.034178,-12.129917],[-77.034114,-12.129969],[-77.034047,-12.130013],[-77.033979,-12.130054],[-77.033926,-12.130079],[-77.033869,-12.1301],[-77.033801,-12.130121],[-77.033552,-12.130166],[-77.033486,-12.130175],[-77.033437,-12.130177],[-77.033211,-12.130131],[-77.03316,-12.130125],[-77.03311,-12.130121],[-77.033053,-12.130124],[-77.033011,-12.130138],[-77.032969,-12.130157],[-77.032941,-12.130175],[-77.032922,-12.130201],[-77.03291,-12.130236],[-77.032841,-12.130437],[-77.032799,-12.130509],[-77.032763,-12.130545],[-77.032729,-12.130572],[-77.03269,-12.130601],[-77.032584,-12.130641],[-77.032517,-12.130662],[-77.032477,-12.13068],[-77.032441,-12.130702],[-77.032421,-12.130732],[-77.03232,-12.130874],[-77.032281,-12.130923],[-77.032226,-12.130969],[-77.03217,-12.131004],[-77.032105,-12.131031],[-77.032032,-12.131053],[-77.03194,-12.131075],[-77.031879,-12.131082],[-77.031795,-12.131081],[-77.031667,-12.131058],[-77.031614,-12.131039],[-77.031548,-12.131011],[-77.031428,-12.13095],[-77.031379,-12.130929],[-77.031325,-12.130913],[-77.031273,-12.1309],[-77.031213,-12.130886],[-77.031152,-12.130876],[-77.031075,-12.130878],[-77.030964,-12.130894],[-77.030891,-12.130913],[-77.030833,-12.130935],[-77.030769,-12.130967],[-77.030707,-12.131013],[-77.030424,-12.131227],[-77.030141,-12.131442],[-77.030126,-12.131453],[-77.029961,-12.131582],[-77.029715,-12.131784],[-77.029469,-12.131985],[-77.029208,-12.13218],[-77.029198,-12.132196],[-77.029193,-12.132215],[-77.029193,-12.132234],[-77.029231,-12.132357],[-77.029312,-12.132421],[-77.029335,-12.132437],[-77.029366,-12.132451],[-77.029541,-12.132517],[-77.029561,-12.132531],[-77.029571,-12.132547],[-77.029579,-12.13257],[-77.029583,-12.132605],[-77.029585,-12.132654],[-77.029581,-12.132684],[-77.029575,-12.132708],[-77.029563,-12.132728],[-77.029515,-12.132776],[-77.029158,-12.133172],[-77.029126,-12.133236],[-77.02909,-12.133317],[-77.029085,-12.133353],[-77.029083,-12.133406],[-77.029082,-12.133467],[-77.029137,-12.133797],[-77.029142,-12.133837],[-77.029143,-12.133859],[-77.029143,-12.133874],[-77.029139,-12.133899],[-77.02913,-12.133926],[-77.029113,-12.133951],[-77.029092,-12.133966],[-77.02906,-12.133983],[-77.029037,-12.133992],[-77.02901,-12.133997],[-77.028975,-12.133997],[-77.028949,-12.133994],[-77.028912,-12.133981],[-77.02887,-12.133958],[-77.02883,-12.133921],[-77.028698,-12.133807],[-77.028664,-12.133789],[-77.028628,-12.133778],[-77.028581,-12.133771],[-77.028532,-12.133772],[-77.028476,-12.133783],[-77.028425,-12.133798],[-77.028383,-12.133819],[-77.02833,-12.133855],[-77.028308,-12.133891],[-77.028287,-12.133934],[-77.028261,-12.133995],[-77.028162,-12.134248],[-77.028146,-12.134284],[-77.028121,-12.134327],[-77.028055,-12.134434],[-77.028017,-12.134473],[-77.02798,-12.134505],[-77.027752,-12.134688],[-77.027544,-12.134846],[-77.027532,-12.134863],[-77.027528,-12.134886],[-77.027528,-12.134918],[-77.027536,-12.134956],[-77.027562,-12.135022],[-77.027607,-12.135113],[-77.027629,-12.135151],[-77.027652,-12.135176],[-77.02769,-12.135215],[-77.027851,-12.135357],[-77.02788,-12.135389],[-77.027904,-12.135428],[-77.027918,-12.135458],[-77.027924,-12.135487],[-77.027929,-12.135511],[-77.02794,-12.135607],[-77.027943,-12.135662],[-77.027943,-12.135701],[-77.02794,-12.135826],[-77.027931,-12.135938],[-77.027922,-12.135986],[-77.027913,-12.136022],[-77.027894,-12.136063],[-77.027861,-12.136114],[-77.027829,-12.136153],[-77.027804,-12.136184],[-77.027743,-12.13625],[-77.027715,-12.136307],[-77.027698,-12.136353],[-77.02769,-12.136394],[-77.02769,-12.136442],[-77.027701,-12.136605],[-77.027698,-12.136662],[-77.027691,-12.136713],[-77.027678,-12.136773],[-77.027656,-12.136838],[-77.027475,-12.13723],[-77.027471,-12.137238],[-77.027442,-12.137281],[-77.027411,-12.137317],[-77.027377,-12.137342],[-77.027342,-12.13736],[-77.027293,-12.137387],[-77.027241,-12.137402],[-77.027199,-12.137408],[-77.027139,-12.137407],[-77.027096,-12.137402]]}},{"type":"Feature","properties":{"id":"de_la_reserva_2","name":"Ciclovía Malecón de la Reserva","type":"segregada","km":0.196,"osm_ways":1},"geometry":{"type":"LineString","coordinates":[[-77.027471,-12.137238],[-77.027485,-12.137257],[-77.027515,-12.137299],[-77.027529,-12.137333],[-77.027531,-12.137363],[-77.02752,-12.13738],[-77.027499,-12.137399],[-77.027473,-12.137416],[-77.027335,-12.137501],[-77.027199,-12.137563],[-77.027024,-12.137644],[-77.026992,-12.137666],[-77.026956,-12.137697],[-77.026773,-12.137854],[-77.026723,-12.137897],[-77.026647,-12.137963],[-77.026585,-12.138016],[-77.026543,-12.138052],[-77.026219,-12.138331]]}},{"type":"Feature","properties":{"id":"manuel_villaran","name":"Ciclovía Manuel Villarán","type":"segregada","km":0.27,"osm_ways":2},"geometry":{"type":"LineString","coordinates":[[-77.005538,-12.122021],[-77.005213,-12.121808],[-77.004893,-12.121599],[-77.004573,-12.12139],[-77.00455,-12.121364],[-77.004525,-12.121328],[-77.004571,-12.121337],[-77.004606,-12.121351],[-77.004927,-12.121555],[-77.005248,-12.121759],[-77.005575,-12.121966]]}},{"type":"Feature","properties":{"id":"manuel_villaran_2","name":"Ciclovía Manuel Villarán","type":"segregada","km":0.323,"osm_ways":7},"geometry":{"type":"LineString","coordinates":[[-77.004525,-12.121328],[-77.004507,-12.121315],[-77.004492,-12.121305],[-77.004471,-12.121288],[-77.004425,-12.121258],[-77.004347,-12.121252],[-77.004076,-12.121077],[-77.003806,-12.120903],[-77.003759,-12.12086],[-77.003739,-12.120847],[-77.00371,-12.120833],[-77.003548,-12.120769],[-77.003447,-12.120738],[-77.003363,-12.120725],[-77.003129,-12.120686],[-77.003043,-12.120655],[-77.00302,-12.120649],[-77.002984,-12.120644],[-77.00295,-12.120614],[-77.002914,-12.120594],[-77.002858,-12.120579],[-77.00239,-12.120516],[-77.002517,-12.120608],[-77.002853,-12.120659],[-77.002906,-12.120662],[-77.002939,-12.120658],[-77.002984,-12.120644]]}},{"type":"Feature","properties":{"id":"manuel_villaran_3","name":"Ciclovía Manuel Villarán","type":"segregada","km":0.134,"osm_ways":1},"geometry":{"type":"LineString","coordinates":[[-77.003363,-12.120725],[-77.003459,-12.120703],[-77.003486,-12.120705],[-77.003517,-12.120712],[-77.003576,-12.120731],[-77.003684,-12.120772],[-77.003731,-12.120796],[-77.00379,-12.12083],[-77.00383,-12.120847],[-77.004127,-12.121053],[-77.004425,-12.121258]]}},{"type":"Feature","properties":{"id":"manuel_villaran_4","name":"Ciclovía Manuel Villarán","type":"segregada","km":0.137,"osm_ways":3},"geometry":{"type":"LineString","coordinates":[[-77.002212,-12.120491],[-77.002067,-12.120545],[-77.001789,-12.120506],[-77.001741,-12.120484],[-77.001687,-12.120454],[-77.001744,-12.120439],[-77.0018,-12.120436],[-77.002212,-12.120491],[-77.00239,-12.120516]]}},{"type":"Feature","properties":{"id":"manuel_villaran_5","name":"Ciclovía Manuel Villarán","type":"segregada","km":0.197,"osm_ways":3},"geometry":{"type":"LineString","coordinates":[[-77.001687,-12.120454],[-77.001633,-12.120447],[-77.001593,-12.120442],[-77.001558,-12.120446],[-77.001508,-12.120453],[-77.001445,-12.120454],[-77.001168,-12.120414],[-77.000892,-12.120374],[-77.000761,-12.120286],[-77.001098,-12.120335],[-77.001436,-12.120384],[-77.001504,-12.120403],[-77.001561,-12.120428],[-77.001593,-12.120442]]}},{"type":"Feature","properties":{"id":"manuel_villaran_6","name":"Ciclovía Manuel Villarán","type":"segregada","km":0.283,"osm_ways":3},"geometry":{"type":"LineString","coordinates":[[-77.000761,-12.120286],[-77.000492,-12.120247],[-77.000348,-12.120299],[-76.999889,-12.120234],[-76.99943,-12.120169],[-76.999383,-12.120152],[-76.999347,-12.120122],[-76.999398,-12.120108],[-76.999443,-12.120105],[-76.999967,-12.120176],[-77.000492,-12.120247]]}},{"type":"Feature","properties":{"id":"manuel_villaran_7","name":"Ciclovía Manuel Villarán","type":"segregada","km":0.101,"osm_ways":3},"geometry":{"type":"LineString","coordinates":[[-76.999347,-12.120122],[-76.999305,-12.12012],[-76.999195,-12.120107],[-76.999149,-12.120101],[-76.999095,-12.120064],[-76.999037,-12.120049],[-76.998868,-12.120028],[-76.998791,-12.120035],[-76.998708,-12.12006],[-76.99862,-12.120047],[-76.99859,-12.120031],[-76.998572,-12.120017],[-76.99854,-12.119999],[-76.998504,-12.119985],[-76.998455,-12.119975]]}},{"type":"Feature","properties":{"id":"mariano_carranza","name":"Ciclovía Mariano Carranza","type":"segregada","km":0.127,"osm_ways":1},"geometry":{"type":"LineString","coordinates":[[-77.036936,-12.075784],[-77.036845,-12.075772],[-77.036374,-12.075704],[-77.035932,-12.075643],[-77.035874,-12.075654],[-77.03582,-12.075647],[-77.035781,-12.075641]]}},{"type":"Feature","properties":{"id":"mariategui","name":"Ciclovía Mariátegui","type":"segregada","km":2.396,"osm_ways":1},"geometry":{"type":"LineString","coordinates":[[-76.922355,-12.214625],[-76.922426,-12.214671],[-76.922426,-12.214757],[-76.922445,-12.21487],[-76.922505,-12.214959],[-76.922697,-12.215088],[-76.922671,-12.215134],[-76.922627,-12.215209],[-76.922913,-12.215373],[-76.923343,-12.215619],[-76.923798,-12.215879],[-76.924253,-12.21614],[-76.924603,-12.21634],[-76.924925,-12.216524],[-76.925112,-12.216631],[-76.925517,-12.216866],[-76.925922,-12.2171],[-76.926234,-12.21728],[-76.926363,-12.217407],[-76.926702,-12.217607],[-76.926782,-12.217763],[-76.926828,-12.217797],[-76.926951,-12.217863],[-76.927018,-12.217902],[-76.927165,-12.217982],[-76.927303,-12.218064],[-76.927383,-12.21811],[-76.927413,-12.218127],[-76.927491,-12.218133],[-76.927562,-12.218115],[-76.927621,-12.218121],[-76.927684,-12.218127],[-76.927773,-12.218177],[-76.928206,-12.218431],[-76.928675,-12.218706],[-76.929016,-12.218906],[-76.929357,-12.219105],[-76.929588,-12.219241],[-76.929619,-12.219297],[-76.92969,-12.219364],[-76.929725,-12.219396],[-76.92982,-12.219447],[-76.929899,-12.219493],[-76.930127,-12.219619],[-76.930152,-12.219624],[-76.930182,-12.219631],[-76.930249,-12.219629],[-76.930633,-12.21985],[-76.931017,-12.220072],[-76.931402,-12.220294],[-76.93141,-12.220325],[-76.931415,-12.220347],[-76.93145,-12.220367],[-76.93151,-12.220403],[-76.931601,-12.220424],[-76.931669,-12.220462],[-76.931737,-12.2205],[-76.931931,-12.220606],[-76.931989,-12.220691],[-76.932026,-12.220719],[-76.932116,-12.220792],[-76.932161,-12.220828],[-76.932228,-12.220866],[-76.932278,-12.220896],[-76.932301,-12.220901],[-76.932355,-12.220914],[-76.932489,-12.220948],[-76.932526,-12.220969],[-76.93282,-12.221138],[-76.932857,-12.221219],[-76.933013,-12.22131],[-76.933042,-12.221328],[-76.933171,-12.221354],[-76.933352,-12.221457],[-76.933721,-12.221668],[-76.933772,-12.221738],[-76.933838,-12.221792],[-76.933938,-12.221838],[-76.934044,-12.221856],[-76.93445,-12.222096],[-76.934578,-12.222174],[-76.934642,-12.22221],[-76.934695,-12.222241],[-76.934755,-12.222274],[-76.934842,-12.222325],[-76.934938,-12.222382],[-76.935218,-12.222545],[-76.935497,-12.222709],[-76.935748,-12.222855],[-76.935999,-12.223],[-76.936239,-12.22314],[-76.93652,-12.223304],[-76.936802,-12.223468],[-76.936835,-12.223493],[-76.936852,-12.223506],[-76.936879,-12.223526],[-76.93692,-12.223586],[-76.936956,-12.223614],[-76.937042,-12.223683],[-76.937099,-12.223715],[-76.937222,-12.223787],[-76.937226,-12.22379],[-76.937338,-12.223784],[-76.93735,-12.223791],[-76.937549,-12.223906],[-76.937882,-12.224099],[-76.938273,-12.224327],[-76.938401,-12.224401],[-76.938674,-12.22456],[-76.938801,-12.224634],[-76.938911,-12.224697],[-76.939257,-12.224898],[-76.939414,-12.22499],[-76.939659,-12.225132],[-76.939903,-12.225274],[-76.93997,-12.225312],[-76.940232,-12.225463],[-76.940671,-12.22572],[-76.94072,-12.225748]]}},{"type":"Feature","properties":{"id":"mariategui_2","name":"Ciclovía Mariátegui","type":"segregada","km":2.173,"osm_ways":1},"geometry":{"type":"LineString","coordinates":[[-77.056635,-12.078657],[-77.056128,-12.078584],[-77.055621,-12.078511],[-77.055185,-12.078447],[-77.054749,-12.078383],[-77.054388,-12.078328],[-77.054196,-12.0783],[-77.053896,-12.078257],[-77.053581,-12.07821],[-77.053265,-12.078164],[-77.052898,-12.07811],[-77.052531,-12.078056],[-77.052164,-12.078002],[-77.051804,-12.077948],[-77.051393,-12.077891],[-77.050983,-12.077834],[-77.050573,-12.077777],[-77.050462,-12.07776],[-77.050325,-12.077742],[-77.050192,-12.077721],[-77.049774,-12.077661],[-77.049356,-12.0776],[-77.048937,-12.07754],[-77.048836,-12.077525],[-77.048724,-12.077508],[-77.048574,-12.077484],[-77.048186,-12.077429],[-77.047799,-12.077374],[-77.047412,-12.077319],[-77.046982,-12.077258],[-77.046543,-12.077195],[-77.046104,-12.077132],[-77.045658,-12.077063],[-77.045212,-12.076993],[-77.04483,-12.076935],[-77.044449,-12.076878],[-77.043956,-12.076803],[-77.043463,-12.076728],[-77.04302,-12.076665],[-77.042492,-12.076584],[-77.04232,-12.076615],[-77.042198,-12.076615],[-77.042085,-12.076612],[-77.042016,-12.076607],[-77.041996,-12.076577],[-77.041983,-12.076515],[-77.041523,-12.076446],[-77.041042,-12.076376],[-77.04056,-12.076305],[-77.040201,-12.076253],[-77.039842,-12.076201],[-77.039491,-12.07615],[-77.03921,-12.076109],[-77.038743,-12.076042],[-77.038277,-12.075975],[-77.0382,-12.075964],[-77.038126,-12.075954],[-77.037759,-12.075904],[-77.037628,-12.075884],[-77.037338,-12.075842],[-77.037048,-12.0758],[-77.036936,-12.075784]]}},{"type":"Feature","properties":{"id":"metropolitana_2","name":"Ciclovía Metropolitana","type":"segregada","km":2.117,"osm_ways":2},"geometry":{"type":"LineString","coordinates":[[-76.960657,-12.040588],[-76.960614,-12.040662],[-76.960498,-12.04061],[-76.960216,-12.040489],[-76.959933,-12.040368],[-76.959529,-12.040195],[-76.959082,-12.039999],[-76.958824,-12.039887],[-76.958566,-12.039775],[-76.958125,-12.03958],[-76.957684,-12.039385],[-76.957503,-12.039313],[-76.957237,-12.039196],[-76.956913,-12.039057],[-76.956589,-12.038918],[-76.956255,-12.038773],[-76.95592,-12.038629],[-76.955594,-12.038487],[-76.955268,-12.038345],[-76.954816,-12.038145],[-76.954364,-12.037945],[-76.954296,-12.037913],[-76.954149,-12.037844],[-76.953995,-12.03777],[-76.953633,-12.037624],[-76.953271,-12.037478],[-76.952909,-12.037332],[-76.952521,-12.037178],[-76.952133,-12.037024],[-76.951743,-12.03687],[-76.951354,-12.036716],[-76.950901,-12.036536],[-76.950448,-12.036355],[-76.949995,-12.036174],[-76.949733,-12.036065],[-76.949679,-12.03604],[-76.949646,-12.036024],[-76.949585,-12.035981],[-76.949483,-12.035936],[-76.949431,-12.035931],[-76.949267,-12.035857],[-76.94914,-12.03581],[-76.94899,-12.035734],[-76.948873,-12.035686],[-76.948846,-12.035675],[-76.948719,-12.035645],[-76.948384,-12.035527],[-76.948099,-12.035429],[-76.947813,-12.035332],[-76.947487,-12.035217],[-76.947161,-12.035101],[-76.946729,-12.034937],[-76.946296,-12.034772],[-76.945993,-12.034668],[-76.94569,-12.034565],[-76.945346,-12.034445],[-76.945002,-12.034326],[-76.944631,-12.034199],[-76.944259,-12.034071],[-76.943786,-12.0339],[-76.943312,-12.033728],[-76.943025,-12.033623],[-76.942895,-12.03358],[-76.942678,-12.033546]]}},{"type":"Feature","properties":{"id":"mexico","name":"Ciclovía México","type":"segregada","km":0.908,"osm_ways":4},"geometry":{"type":"LineString","coordinates":[[-77.030196,-12.077005],[-77.029648,-12.076947],[-77.029603,-12.07693],[-77.029584,-12.076938],[-77.029439,-12.077047],[-77.029421,-12.07706],[-77.029405,-12.077077],[-77.02935,-12.077164],[-77.029339,-12.077172],[-77.029323,-12.077171],[-77.0293,-12.077153],[-77.029259,-12.077122],[-77.02921,-12.077099],[-77.029072,-12.077028],[-77.029046,-12.077018],[-77.028659,-12.07687],[-77.028625,-12.076846],[-77.028603,-12.076828],[-77.028584,-12.076807],[-77.028522,-12.076742],[-77.028448,-12.076689],[-77.028367,-12.07665],[-77.028029,-12.076516],[-77.02769,-12.076382],[-77.027656,-12.076375],[-77.027608,-12.07637],[-77.027563,-12.076366],[-77.027531,-12.076362],[-77.027493,-12.076348],[-77.027458,-12.076327],[-77.027328,-12.076259],[-77.02729,-12.07624],[-77.027252,-12.076225],[-77.02684,-12.076075],[-77.026428,-12.075926],[-77.02638,-12.075905],[-77.026353,-12.07589],[-77.026278,-12.075845],[-77.026245,-12.075826],[-77.026205,-12.075808],[-77.026015,-12.075731],[-77.025773,-12.075648],[-77.02563,-12.075596],[-77.025269,-12.075463],[-77.025219,-12.075452],[-77.025199,-12.075452],[-77.025115,-12.07545],[-77.025079,-12.075442],[-77.02504,-12.075428],[-77.024704,-12.075316],[-77.024679,-12.075302],[-77.024657,-12.075288],[-77.024545,-12.075222],[-77.024492,-12.075197],[-77.024434,-12.075174],[-77.024,-12.075016],[-77.023567,-12.074857],[-77.023416,-12.074803],[-77.023314,-12.074766],[-77.023244,-12.074741],[-77.022982,-12.074653],[-77.022968,-12.074665],[-77.022948,-12.074675],[-77.022925,-12.074671],[-77.0229,-12.074664],[-77.022817,-12.074631],[-77.022797,-12.074621],[-77.022761,-12.074587],[-77.022804,-12.074598],[-77.02283,-12.074605],[-77.022869,-12.074616],[-77.022982,-12.074653]]}},{"type":"Feature","properties":{"id":"mexico_2","name":"Ciclovía México","type":"segregada","km":0.203,"osm_ways":2},"geometry":{"type":"LineString","coordinates":[[-77.021968,-12.07438],[-77.021896,-12.074401],[-77.021854,-12.074407],[-77.02182,-12.074407],[-77.02171,-12.074394],[-77.021565,-12.074376],[-77.021537,-12.074372],[-77.021514,-12.074366],[-77.021492,-12.074359],[-77.021457,-12.074338],[-77.021495,-12.074334],[-77.021521,-12.074332],[-77.021549,-12.074332],[-77.021575,-12.074333],[-77.021817,-12.074359],[-77.021908,-12.07437],[-77.021968,-12.07438],[-77.022242,-12.07443],[-77.022279,-12.07444],[-77.022309,-12.074451],[-77.022391,-12.074494],[-77.022414,-12.074505],[-77.022434,-12.074512],[-77.022457,-12.074518],[-77.022586,-12.074542],[-77.022761,-12.074587]]}},{"type":"Feature","properties":{"id":"mexico_3","name":"Ciclovía México","type":"segregada","km":0.653,"osm_ways":2},"geometry":{"type":"LineString","coordinates":[[-77.021457,-12.074338],[-77.021402,-12.074328],[-77.021283,-12.074309],[-77.021208,-12.074298],[-77.02109,-12.074281],[-77.020569,-12.074207],[-77.02041,-12.074184],[-77.020403,-12.074182],[-77.020396,-12.074179],[-77.020387,-12.074175],[-77.020382,-12.074174],[-77.020376,-12.074174],[-77.020367,-12.074174],[-77.020357,-12.074177],[-77.020347,-12.074177],[-77.019973,-12.074123],[-77.019599,-12.074068],[-77.019225,-12.074014],[-77.019213,-12.07401],[-77.019204,-12.074005],[-77.019199,-12.074003],[-77.019196,-12.074002],[-77.019191,-12.074002],[-77.019187,-12.074003],[-77.019178,-12.074004],[-77.019168,-12.074006],[-77.019044,-12.07399],[-77.018911,-12.07397],[-77.018883,-12.073965],[-77.018861,-12.07396],[-77.018845,-12.073953],[-77.018786,-12.073917],[-77.018763,-12.073907],[-77.018734,-12.0739],[-77.018647,-12.073884],[-77.018537,-12.073865],[-77.018405,-12.07384],[-77.018386,-12.073837],[-77.018371,-12.073837],[-77.018322,-12.073847],[-77.018301,-12.07385],[-77.018281,-12.073848],[-77.018184,-12.073827],[-77.018168,-12.073823],[-77.018156,-12.073815],[-77.01812,-12.073784],[-77.018108,-12.073777],[-77.018089,-12.07377],[-77.017809,-12.073709],[-77.017621,-12.073666],[-77.01751,-12.073639],[-77.017434,-12.07362],[-77.017311,-12.073591],[-77.017121,-12.073538],[-77.017081,-12.073534],[-77.017021,-12.07353],[-77.016983,-12.073526],[-77.016944,-12.073513],[-77.016874,-12.073477],[-77.016808,-12.073451],[-77.016744,-12.073433],[-77.016547,-12.073385],[-77.016519,-12.073379],[-77.016532,-12.073295],[-77.016534,-12.073277],[-77.01653,-12.073266],[-77.016522,-12.073259],[-77.016512,-12.073256],[-77.016489,-12.073249],[-77.016375,-12.07322],[-77.016334,-12.07321],[-77.016329,-12.07321],[-77.016323,-12.073213],[-77.016319,-12.073216],[-77.016316,-12.073238],[-77.016301,-12.073335],[-77.016289,-12.073417],[-77.016287,-12.073454],[-77.01629,-12.073465],[-77.016297,-12.07347],[-77.016331,-12.073479],[-77.016442,-12.073504],[-77.016472,-12.073509],[-77.016482,-12.073509],[-77.016491,-12.073504],[-77.016496,-12.073496],[-77.016501,-12.073473],[-77.016519,-12.073379]]}},{"type":"Feature","properties":{"id":"mexico_4","name":"Ciclovía México","type":"segregada","km":1.395,"osm_ways":1},"geometry":{"type":"LineString","coordinates":[[-77.002478,-12.062958],[-77.002741,-12.063339],[-77.003005,-12.063719],[-77.003268,-12.0641],[-77.003532,-12.064481],[-77.003795,-12.064861],[-77.00407,-12.065252],[-77.004344,-12.065643],[-77.004619,-12.066034],[-77.004893,-12.066425],[-77.005168,-12.066816],[-77.005443,-12.067207],[-77.00551,-12.067291],[-77.005593,-12.067387],[-77.005774,-12.067603],[-77.005955,-12.067818],[-77.005968,-12.067834],[-77.006134,-12.067998],[-77.006239,-12.068099],[-77.006428,-12.068271],[-77.006569,-12.068378],[-77.006978,-12.068678],[-77.007387,-12.068977],[-77.007708,-12.069213],[-77.008029,-12.069449],[-77.008349,-12.069686],[-77.008648,-12.069905],[-77.008946,-12.070125],[-77.009045,-12.070193],[-77.009139,-12.070262],[-77.009485,-12.070515],[-77.009831,-12.070769],[-77.010188,-12.071034],[-77.010545,-12.0713],[-77.010901,-12.071565],[-77.011258,-12.071831],[-77.011297,-12.071859]]}},{"type":"Feature","properties":{"id":"mexico_5","name":"Ciclovía México","type":"segregada","km":0.175,"osm_ways":1},"geometry":{"type":"LineString","coordinates":[[-77.011707,-12.072159],[-77.011695,-12.072248],[-77.011692,-12.07226],[-77.011682,-12.072263],[-77.011668,-12.072266],[-77.011567,-12.072258],[-77.011541,-12.072253],[-77.011521,-12.072241],[-77.011506,-12.072225],[-77.011436,-12.072111],[-77.011337,-12.072001],[-77.011292,-12.07196],[-77.011286,-12.071948],[-77.011285,-12.071933],[-77.01129,-12.071898],[-77.011297,-12.071859],[-77.011319,-12.071737],[-77.011322,-12.071723],[-77.011327,-12.071718],[-77.011336,-12.071717],[-77.01137,-12.071734],[-77.011626,-12.071863],[-77.011715,-12.071907],[-77.011729,-12.071916],[-77.011737,-12.071928],[-77.011742,-12.071947],[-77.011737,-12.071979],[-77.011725,-12.07205],[-77.011722,-12.072067],[-77.011707,-12.072159]]}},{"type":"Feature","properties":{"id":"mexico_6","name":"Ciclovía México","type":"segregada","km":0.285,"osm_ways":2},"geometry":{"type":"LineString","coordinates":[[-77.016301,-12.073335],[-77.016275,-12.073328],[-77.015938,-12.073234],[-77.015601,-12.07314],[-77.015579,-12.073131],[-77.01556,-12.07312],[-77.015503,-12.073085],[-77.015475,-12.073069],[-77.015437,-12.073056],[-77.01528,-12.073018],[-77.014816,-12.07291],[-77.014438,-12.072815],[-77.014408,-12.072805],[-77.014371,-12.072789],[-77.014304,-12.07276],[-77.014605,-12.072836],[-77.014638,-12.072844],[-77.014673,-12.072854],[-77.014816,-12.07291]]}},{"type":"Feature","properties":{"id":"mexico_7","name":"Ciclovía México","type":"segregada","km":0.14,"osm_ways":2},"geometry":{"type":"LineString","coordinates":[[-77.014304,-12.07276],[-77.014159,-12.072724],[-77.014033,-12.072696],[-77.013867,-12.072658],[-77.01373,-12.072625],[-77.013554,-12.072584],[-77.013437,-12.072574],[-77.01342,-12.072573],[-77.013401,-12.072568],[-77.01338,-12.072559],[-77.013306,-12.072524],[-77.013384,-12.072528],[-77.013404,-12.072531],[-77.013423,-12.072536],[-77.013443,-12.072543],[-77.013554,-12.072584]]}},{"type":"Feature","properties":{"id":"mexico_8","name":"Ciclovía México","type":"segregada","km":0.112,"osm_ways":2},"geometry":{"type":"LineString","coordinates":[[-77.013154,-12.072484],[-77.013046,-12.07249],[-77.013018,-12.072486],[-77.012967,-12.072473],[-77.012921,-12.07246],[-77.012878,-12.072447],[-77.012832,-12.072429],[-77.01281,-12.072418],[-77.012804,-12.072415],[-77.012739,-12.072371],[-77.012818,-12.072376],[-77.01286,-12.072383],[-77.012905,-12.072393],[-77.012935,-12.072401],[-77.013045,-12.07243],[-77.013091,-12.072447],[-77.013154,-12.072484],[-77.013306,-12.072524]]}},{"type":"Feature","properties":{"id":"mexico_9","name":"Ciclovía México","type":"segregada","km":0.08,"osm_ways":1},"geometry":{"type":"LineString","coordinates":[[-77.012739,-12.072371],[-77.012313,-12.07226],[-77.012288,-12.072251],[-77.012268,-12.07224],[-77.01224,-12.072209],[-77.012223,-12.0722],[-77.0122,-12.072193],[-77.012045,-12.07215]]}},{"type":"Feature","properties":{"id":"parque_sur","name":"Ciclovía Parque Sur","type":"segregada","km":0.397,"osm_ways":3},"geometry":{"type":"LineString","coordinates":[[-77.008895,-12.100325],[-77.009035,-12.100494],[-77.009223,-12.100668],[-77.009424,-12.100827],[-77.009585,-12.100945],[-77.009815,-12.101139],[-77.009954,-12.101281],[-77.010126,-12.101451],[-77.010197,-12.101536],[-77.01025,-12.101603],[-77.01039,-12.101695],[-77.010461,-12.101722],[-77.010577,-12.101939],[-77.010616,-12.101972],[-77.010766,-12.102272],[-77.010816,-12.102315],[-77.010925,-12.102502],[-77.010983,-12.102527],[-77.011337,-12.102907]]}},{"type":"Feature","properties":{"id":"26","name":"Ciclovía Pasaje 26","type":"segregada","km":0.089,"osm_ways":1},"geometry":{"type":"LineString","coordinates":[[-77.013606,-12.098358],[-77.013202,-12.098424],[-77.012798,-12.09849]]}},{"type":"Feature","properties":{"id":"paseo_de_la_republica","name":"Ciclovía Paseo de la República","type":"segregada","km":0.249,"osm_ways":1},"geometry":{"type":"LineString","coordinates":[[-77.026877,-12.082419],[-77.026904,-12.08236],[-77.02705,-12.082],[-77.027196,-12.08164],[-77.027367,-12.081204],[-77.027538,-12.080768],[-77.027709,-12.080332]]}},{"type":"Feature","properties":{"id":"pastor_sevilla","name":"Ciclovía Pastor Sevilla","type":"segregada","km":0.971,"osm_ways":6},"geometry":{"type":"LineString","coordinates":[[-76.952782,-12.206331],[-76.952761,-12.206257],[-76.952756,-12.2062],[-76.952767,-12.206176],[-76.952847,-12.206034],[-76.952873,-12.206011],[-76.952899,-12.20612],[-76.952901,-12.206135],[-76.952893,-12.20616],[-76.952819,-12.206273],[-76.952782,-12.206331],[-76.95262,-12.2066],[-76.952594,-12.206624],[-76.952511,-12.206644],[-76.952472,-12.206717],[-76.952411,-12.206816],[-76.952143,-12.207284],[-76.951875,-12.207751],[-76.951723,-12.208014],[-76.95157,-12.208278],[-76.951554,-12.208343],[-76.951515,-12.208405],[-76.951471,-12.208447],[-76.951268,-12.208783],[-76.951065,-12.209119],[-76.950818,-12.209519],[-76.950572,-12.209918],[-76.95036,-12.210302],[-76.950147,-12.210686],[-76.950122,-12.210733],[-76.950068,-12.210822],[-76.950044,-12.210863],[-76.949784,-12.211259],[-76.949636,-12.211491],[-76.949487,-12.211723],[-76.949352,-12.21196],[-76.949217,-12.212198],[-76.949206,-12.212426],[-76.949054,-12.21267],[-76.948903,-12.212914],[-76.948751,-12.212983],[-76.948715,-12.213046],[-76.948651,-12.213158]]}},{"type":"Feature","properties":{"id":"pastor_sevilla_2","name":"Ciclovía Pastor Sevilla","type":"segregada","km":0.111,"osm_ways":2},"geometry":{"type":"LineString","coordinates":[[-76.948751,-12.212983],[-76.948823,-12.212863],[-76.948837,-12.21283],[-76.948814,-12.212767],[-76.948783,-12.212693],[-76.949007,-12.212305],[-76.94909,-12.212264],[-76.949217,-12.212198]]}},{"type":"Feature","properties":{"id":"pastor_sevilla_3","name":"Ciclovía Pastor Sevilla","type":"segregada","km":0.78,"osm_ways":2},"geometry":{"type":"LineString","coordinates":[[-76.948358,-12.21359],[-76.948353,-12.213664],[-76.948183,-12.213921],[-76.948013,-12.214177],[-76.947733,-12.214641],[-76.947596,-12.214901],[-76.947457,-12.215161],[-76.94727,-12.215478],[-76.947083,-12.215795],[-76.947038,-12.215874],[-76.946992,-12.215928],[-76.946966,-12.215971],[-76.946745,-12.216347],[-76.946525,-12.216722],[-76.946304,-12.217098],[-76.946077,-12.217465],[-76.94585,-12.217832],[-76.945623,-12.218199],[-76.94556,-12.218308],[-76.945512,-12.21839],[-76.945412,-12.218559],[-76.945361,-12.218647],[-76.945328,-12.218702],[-76.94506,-12.218825],[-76.944863,-12.219178],[-76.944791,-12.219299],[-76.944803,-12.219401],[-76.94483,-12.219563]]}},{"type":"Feature","properties":{"id":"pastor_sevilla_4","name":"Ciclovía Pastor Sevilla","type":"segregada","km":1.204,"osm_ways":1},"geometry":{"type":"LineString","coordinates":[[-76.952873,-12.206011],[-76.952919,-12.205917],[-76.953039,-12.205714],[-76.953143,-12.205535],[-76.953174,-12.205475],[-76.953208,-12.205407],[-76.953221,-12.205383],[-76.953367,-12.205134],[-76.953514,-12.204885],[-76.95374,-12.204522],[-76.953967,-12.204159],[-76.954193,-12.203796],[-76.954263,-12.203668],[-76.954411,-12.203422],[-76.954559,-12.203176],[-76.954581,-12.20314],[-76.954597,-12.203115],[-76.954636,-12.203051],[-76.954683,-12.202974],[-76.954736,-12.202888],[-76.954947,-12.202533],[-76.955157,-12.202178],[-76.955326,-12.201892],[-76.955495,-12.201607],[-76.955754,-12.20119],[-76.956013,-12.200773],[-76.956065,-12.200725],[-76.95611,-12.200649],[-76.956118,-12.200635],[-76.956126,-12.200599],[-76.956131,-12.200573],[-76.956332,-12.20023],[-76.956533,-12.199887],[-76.956734,-12.199545],[-76.956857,-12.199334],[-76.957013,-12.199088],[-76.957231,-12.198734],[-76.957448,-12.198379],[-76.957523,-12.198306],[-76.95762,-12.19815],[-76.957657,-12.19809],[-76.957673,-12.198067],[-76.957711,-12.198015],[-76.957715,-12.198008],[-76.95781,-12.197838],[-76.958044,-12.19746],[-76.958279,-12.197082],[-76.958513,-12.196704]]}},{"type":"Feature","properties":{"id":"pastor_sevilla_5","name":"Ciclovía Pastor Sevilla","type":"segregada","km":0.92,"osm_ways":4},"geometry":{"type":"LineString","coordinates":[[-76.944863,-12.219178],[-76.944911,-12.219392],[-76.94483,-12.219563],[-76.944567,-12.220008],[-76.944304,-12.220452],[-76.944041,-12.220896],[-76.944,-12.220965],[-76.943957,-12.221039],[-76.943917,-12.221105],[-76.943686,-12.221483],[-76.943464,-12.221849],[-76.943208,-12.222269],[-76.943062,-12.22251],[-76.942961,-12.222528],[-76.942868,-12.222547],[-76.942647,-12.222918],[-76.942691,-12.22311],[-76.942632,-12.223218],[-76.94259,-12.223287],[-76.942554,-12.223346],[-76.942497,-12.223432],[-76.942468,-12.223479],[-76.942291,-12.223781],[-76.942113,-12.224084],[-76.941925,-12.224402],[-76.941737,-12.22472],[-76.941549,-12.225038],[-76.941544,-12.225046],[-76.941366,-12.225331],[-76.941189,-12.225616],[-76.94114,-12.225695],[-76.941104,-12.225754],[-76.941085,-12.225743],[-76.941052,-12.225725],[-76.940919,-12.225653],[-76.940813,-12.225596],[-76.940758,-12.225566],[-76.940712,-12.225647],[-76.940671,-12.22572]]}},{"type":"Feature","properties":{"id":"pastor_sevilla_6","name":"Ciclovía Pastor Sevilla","type":"segregada","km":1.061,"osm_ways":3},"geometry":{"type":"LineString","coordinates":[[-76.93477,-12.234102],[-76.934844,-12.234086],[-76.934892,-12.234093],[-76.934931,-12.234089],[-76.935278,-12.233847],[-76.935626,-12.233604],[-76.935973,-12.233362],[-76.93632,-12.233119],[-76.936615,-12.232899],[-76.93691,-12.232678],[-76.936956,-12.232634],[-76.937003,-12.232572],[-76.93728,-12.232142],[-76.93731,-12.232111],[-76.937341,-12.232092],[-76.937386,-12.232078],[-76.937437,-12.232069],[-76.937645,-12.231705],[-76.937703,-12.231495],[-76.937895,-12.23116],[-76.937926,-12.231106],[-76.937966,-12.231041],[-76.938002,-12.230984],[-76.938237,-12.230625],[-76.938442,-12.230256],[-76.938531,-12.230093],[-76.938692,-12.229797],[-76.938828,-12.229566],[-76.938978,-12.229311],[-76.939127,-12.229057],[-76.939314,-12.228749],[-76.939341,-12.228708],[-76.939392,-12.228622],[-76.939416,-12.22858],[-76.939438,-12.22854],[-76.939704,-12.228097],[-76.939941,-12.227687],[-76.940179,-12.227277],[-76.940416,-12.226866],[-76.940246,-12.226768]]}},{"type":"Feature","properties":{"id":"paul_linder","name":"Ciclovía Paul Linder","type":"segregada","km":0.513,"osm_ways":1},"geometry":{"type":"LineString","coordinates":[[-77.00418,-12.10584],[-77.004165,-12.105875],[-77.004159,-12.105898],[-77.004154,-12.105951],[-77.004119,-12.106233],[-77.004083,-12.106515],[-77.004077,-12.106539],[-77.004067,-12.106555],[-77.004049,-12.106576],[-77.004025,-12.106608],[-77.003952,-12.106667],[-77.003736,-12.106838],[-77.00352,-12.107009],[-77.003294,-12.10719],[-77.003068,-12.107371],[-77.002851,-12.107542],[-77.002633,-12.107713],[-77.002407,-12.107886],[-77.00218,-12.108059],[-77.001771,-12.108384],[-77.001495,-12.108607],[-77.001456,-12.108635],[-77.001427,-12.108651],[-77.001381,-12.108669],[-77.001325,-12.108685],[-77.000969,-12.108646],[-77.000894,-12.108637],[-77.000862,-12.108634]]}},{"type":"Feature","properties":{"id":"paul_linder_2","name":"Ciclovía Paul Linder","type":"segregada","km":0.503,"osm_ways":1},"geometry":{"type":"LineString","coordinates":[[-77.000871,-12.108576],[-77.000902,-12.108579],[-77.000978,-12.108586],[-77.001295,-12.108621],[-77.001342,-12.108619],[-77.00139,-12.10861],[-77.00143,-12.108593],[-77.001458,-12.108576],[-77.001738,-12.108347],[-77.00215,-12.10802],[-77.002374,-12.107846],[-77.002598,-12.107672],[-77.002814,-12.107497],[-77.003029,-12.107322],[-77.003257,-12.107145],[-77.003486,-12.106967],[-77.003702,-12.106793],[-77.003918,-12.106618],[-77.003987,-12.106561],[-77.004022,-12.106522],[-77.004038,-12.106495],[-77.004049,-12.106459],[-77.004085,-12.106177],[-77.004121,-12.105895],[-77.004109,-12.10584]]}},{"type":"Feature","properties":{"id":"pedro_heraud","name":"Ciclovía Pedro Heraud","type":"segregada","km":0.563,"osm_ways":1},"geometry":{"type":"LineString","coordinates":[[-77.017316,-12.138883],[-77.017298,-12.138895],[-77.016976,-12.139178],[-77.016655,-12.139462],[-77.016366,-12.139716],[-77.016118,-12.139935],[-77.0159,-12.140123],[-77.015682,-12.140312],[-77.015425,-12.140533],[-77.015167,-12.140754],[-77.014945,-12.140952],[-77.014665,-12.141202],[-77.014513,-12.141337],[-77.014237,-12.141581],[-77.014016,-12.141776],[-77.013833,-12.141937],[-77.013613,-12.142131],[-77.013529,-12.142204],[-77.01351,-12.142221],[-77.013445,-12.142226]]}},{"type":"Feature","properties":{"id":"pedro_miotta","name":"Ciclovía Pedro Miotta","type":"segregada","km":3.401,"osm_ways":3},"geometry":{"type":"LineString","coordinates":[[-76.97208,-12.190869],[-76.972013,-12.190796],[-76.972017,-12.190729],[-76.972003,-12.190669],[-76.972029,-12.190435],[-76.972103,-12.189961],[-76.972078,-12.189799],[-76.972142,-12.189485],[-76.972206,-12.189172],[-76.972283,-12.188854],[-76.97236,-12.188536],[-76.97243,-12.188262],[-76.9725,-12.187988],[-76.972583,-12.188003],[-76.972663,-12.188019],[-76.972787,-12.187547],[-76.972911,-12.187076],[-76.973031,-12.186606],[-76.973151,-12.186137],[-76.97327,-12.185667],[-76.97339,-12.185198],[-76.97351,-12.184728],[-76.97363,-12.184258],[-76.973749,-12.183789],[-76.973869,-12.183319],[-76.973891,-12.183232],[-76.973922,-12.18311],[-76.974058,-12.182597],[-76.974195,-12.182084],[-76.974331,-12.181572],[-76.974468,-12.181059],[-76.974604,-12.180546],[-76.97474,-12.180034],[-76.974877,-12.179521],[-76.974918,-12.179342],[-76.974958,-12.17919],[-76.975074,-12.178758],[-76.97519,-12.178325],[-76.97527,-12.178061],[-76.975351,-12.177796],[-76.975443,-12.177557],[-76.975457,-12.177499],[-76.975467,-12.177401],[-76.975485,-12.177318],[-76.975591,-12.176949],[-76.975601,-12.176889],[-76.975615,-12.176798],[-76.975624,-12.176757],[-76.97564,-12.176705],[-76.975669,-12.176637],[-76.975707,-12.176496],[-76.97574,-12.176371],[-76.975767,-12.176269],[-76.975803,-12.176134],[-76.975854,-12.175948],[-76.975917,-12.175449],[-76.976055,-12.174933],[-76.976194,-12.174416],[-76.976332,-12.1739],[-76.97647,-12.173383],[-76.976541,-12.173058],[-76.976665,-12.172587],[-76.976789,-12.172117],[-76.976799,-12.17208],[-76.97683,-12.171974],[-76.976857,-12.171882],[-76.976878,-12.171804],[-76.97699,-12.171389],[-76.977102,-12.170974],[-76.977214,-12.170559],[-76.977326,-12.170144],[-76.977439,-12.169719],[-76.977551,-12.169295],[-76.977566,-12.169231],[-76.977579,-12.169176],[-76.977704,-12.16871],[-76.977829,-12.168243],[-76.977949,-12.167777],[-76.978068,-12.16731],[-76.978188,-12.166843],[-76.978201,-12.166795],[-76.978235,-12.166663],[-76.978247,-12.166618],[-76.978373,-12.166173],[-76.978499,-12.165727],[-76.978567,-12.165495],[-76.978591,-12.165391],[-76.97863,-12.165241],[-76.978758,-12.164761],[-76.978885,-12.16428],[-76.979012,-12.1638],[-76.979139,-12.16332],[-76.979254,-12.162874],[-76.979368,-12.162428],[-76.979483,-12.161982],[-76.979598,-12.161536],[-76.979622,-12.161422]]}},{"type":"Feature","properties":{"id":"pentagonito","name":"Ciclovía Pentagonito","type":"segregada","km":2.336,"osm_ways":12},"geometry":{"type":"LineString","coordinates":[[-76.989457,-12.103413],[-76.989399,-12.103444],[-76.989373,-12.103396],[-76.989294,-12.103245],[-76.989274,-12.103207],[-76.989268,-12.103174],[-76.989256,-12.103136],[-76.989174,-12.102946],[-76.989135,-12.102844],[-76.989074,-12.102627],[-76.989034,-12.10244],[-76.989013,-12.102292],[-76.988976,-12.102009],[-76.988914,-12.101594],[-76.988852,-12.101179],[-76.988779,-12.100663],[-76.98877,-12.100595],[-76.988749,-12.100468],[-76.988742,-12.100421],[-76.988672,-12.099925],[-76.98867,-12.099912],[-76.988608,-12.099459],[-76.988545,-12.099006],[-76.988539,-12.098937],[-76.988524,-12.098784],[-76.988512,-12.098517],[-76.988511,-12.098364],[-76.988537,-12.098186],[-76.988582,-12.097772],[-76.988633,-12.097379],[-76.988649,-12.097247],[-76.988661,-12.097099],[-76.98867,-12.096996],[-76.988659,-12.096825],[-76.98864,-12.096673],[-76.988606,-12.096516],[-76.988572,-12.096409],[-76.988525,-12.096387],[-76.988089,-12.09653],[-76.98778,-12.096614],[-76.987633,-12.096642],[-76.987479,-12.096657],[-76.987275,-12.096661],[-76.987099,-12.096649],[-76.986596,-12.096621],[-76.986092,-12.096594],[-76.985666,-12.096573],[-76.985585,-12.09657],[-76.985474,-12.096566],[-76.985461,-12.096565],[-76.985184,-12.096597],[-76.985093,-12.096614],[-76.984907,-12.096673],[-76.984696,-12.096758],[-76.984501,-12.096857],[-76.984331,-12.096963],[-76.983984,-12.097193],[-76.983803,-12.097317],[-76.983658,-12.097417],[-76.983419,-12.097568],[-76.983191,-12.097665],[-76.983016,-12.097719],[-76.982833,-12.097753],[-76.98268,-12.097775],[-76.982444,-12.097784],[-76.982226,-12.097766],[-76.981803,-12.09771],[-76.981465,-12.097658],[-76.981127,-12.097606],[-76.981098,-12.097606],[-76.981074,-12.097614],[-76.981052,-12.097626],[-76.981035,-12.097644],[-76.981026,-12.097665],[-76.980975,-12.098037],[-76.980924,-12.09841],[-76.980873,-12.098782],[-76.980868,-12.098824],[-76.980793,-12.099344],[-76.980719,-12.099865],[-76.980644,-12.100385],[-76.980584,-12.100909],[-76.980524,-12.101433],[-76.980464,-12.101957],[-76.98044,-12.102161],[-76.980381,-12.102418],[-76.980336,-12.102816],[-76.980319,-12.102978],[-76.980367,-12.103005],[-76.980361,-12.103058],[-76.980354,-12.10311],[-76.980342,-12.103199],[-76.98032,-12.10337],[-76.98031,-12.103442],[-76.980234,-12.103433],[-76.98016,-12.103425],[-76.98014,-12.103423]]}},{"type":"Feature","properties":{"id":"pentagonito_2","name":"Ciclovía Pentagonito","type":"segregada","km":2.01,"osm_ways":5},"geometry":{"type":"LineString","coordinates":[[-76.980367,-12.103005],[-76.980402,-12.103027],[-76.980805,-12.103056],[-76.981208,-12.103084],[-76.981611,-12.103112],[-76.981993,-12.103138],[-76.982375,-12.103163],[-76.982757,-12.103189],[-76.982811,-12.103191],[-76.982846,-12.103172],[-76.982917,-12.103177],[-76.983109,-12.103191],[-76.983114,-12.103192],[-76.983187,-12.103197],[-76.983223,-12.103223],[-76.983588,-12.103252],[-76.984067,-12.103289],[-76.984546,-12.103326],[-76.984637,-12.103331],[-76.984729,-12.103353],[-76.984813,-12.103379],[-76.984892,-12.103424],[-76.984942,-12.103463],[-76.985007,-12.103528],[-76.985053,-12.1036],[-76.985098,-12.103706],[-76.985112,-12.103763],[-76.985118,-12.103821],[-76.985087,-12.104263],[-76.985056,-12.104705],[-76.98503,-12.10513],[-76.985004,-12.105555],[-76.984977,-12.10598],[-76.984951,-12.106405],[-76.984921,-12.106811],[-76.984892,-12.107218],[-76.984863,-12.107624],[-76.984863,-12.107682],[-76.984875,-12.107708],[-76.984887,-12.107727],[-76.984893,-12.10773],[-76.984927,-12.107736],[-76.984993,-12.107741],[-76.985408,-12.107776],[-76.985746,-12.1078],[-76.986085,-12.107824],[-76.986366,-12.107841],[-76.98652,-12.107833],[-76.986619,-12.107822],[-76.98676,-12.107792],[-76.986893,-12.107772],[-76.987001,-12.107759],[-76.987118,-12.107755],[-76.987225,-12.107762],[-76.987636,-12.107792],[-76.987734,-12.107803],[-76.987889,-12.107809],[-76.987987,-12.107802],[-76.98805,-12.107788],[-76.988124,-12.107764],[-76.988191,-12.107734],[-76.988281,-12.107684],[-76.988355,-12.10762],[-76.988429,-12.107533],[-76.988488,-12.107448],[-76.988536,-12.107328],[-76.988562,-12.107214],[-76.988578,-12.107021],[-76.988602,-12.106694],[-76.988625,-12.106366],[-76.988657,-12.105916],[-76.98868,-12.10555],[-76.988702,-12.105209],[-76.988726,-12.104914],[-76.988744,-12.104576],[-76.988765,-12.104294],[-76.988786,-12.104012],[-76.988798,-12.103879],[-76.988816,-12.103781],[-76.988844,-12.103691],[-76.988899,-12.103574],[-76.988949,-12.103498],[-76.988993,-12.10344],[-76.989064,-12.103366],[-76.989129,-12.103307],[-76.989199,-12.103264],[-76.989248,-12.103238],[-76.989274,-12.103207],[-76.98934,-12.103174],[-76.989372,-12.103158],[-76.989397,-12.10317],[-76.989812,-12.102944],[-76.990227,-12.102717],[-76.990243,-12.102683]]}},{"type":"Feature","properties":{"id":"pizarro","name":"Ciclovía Pizarro","type":"segregada","km":1.745,"osm_ways":3},"geometry":{"type":"LineString","coordinates":[[-77.032381,-12.038725],[-77.032527,-12.038609],[-77.032661,-12.038502],[-77.032958,-12.038284],[-77.033129,-12.038154],[-77.033404,-12.037947],[-77.033473,-12.037894],[-77.033644,-12.037765],[-77.033739,-12.037693],[-77.033873,-12.037592],[-77.034231,-12.037321],[-77.034354,-12.037228],[-77.034617,-12.03703],[-77.034844,-12.036858],[-77.035162,-12.036615],[-77.035311,-12.036501],[-77.035459,-12.036388],[-77.035787,-12.036146],[-77.03602,-12.035961],[-77.036136,-12.03587],[-77.036206,-12.035814],[-77.036268,-12.035765],[-77.036288,-12.03575],[-77.036412,-12.035657],[-77.036495,-12.035594],[-77.03655,-12.035553],[-77.036774,-12.035384],[-77.036913,-12.035281],[-77.037175,-12.035084],[-77.037402,-12.034887],[-77.037564,-12.034747],[-77.037654,-12.034668],[-77.037959,-12.034403],[-77.03817,-12.034234],[-77.03837,-12.034079],[-77.038466,-12.033996],[-77.038576,-12.033908],[-77.038762,-12.033741],[-77.038826,-12.033691],[-77.038823,-12.033675],[-77.038821,-12.033658],[-77.038815,-12.033637],[-77.038951,-12.033519],[-77.039227,-12.033281],[-77.039503,-12.033043],[-77.039792,-12.032785],[-77.040081,-12.032528],[-77.040393,-12.032252],[-77.040706,-12.031976],[-77.041018,-12.0317],[-77.041349,-12.031407],[-77.041681,-12.031114],[-77.041795,-12.031006],[-77.041865,-12.030949],[-77.041914,-12.030904],[-77.042117,-12.030688],[-77.04232,-12.030473],[-77.042469,-12.030289],[-77.042664,-12.030048],[-77.042859,-12.029808],[-77.0431,-12.029522],[-77.04334,-12.029236],[-77.04358,-12.028949],[-77.043817,-12.028693],[-77.044054,-12.028437],[-77.044216,-12.028239]]}},{"type":"Feature","properties":{"id":"plaza_butters","name":"Ciclovía Plaza Butters","type":"segregada","km":0.197,"osm_ways":1},"geometry":{"type":"LineString","coordinates":[[-77.016028,-12.143215],[-77.016115,-12.143324],[-77.016122,-12.143338],[-77.016125,-12.143358],[-77.01612,-12.143369],[-77.016097,-12.143393],[-77.015692,-12.143725],[-77.01566,-12.143747],[-77.015633,-12.143754],[-77.015607,-12.143753],[-77.015585,-12.143748],[-77.015564,-12.143737],[-77.015548,-12.143717],[-77.015519,-12.143682],[-77.015513,-12.143661],[-77.01551,-12.143639],[-77.01551,-12.143612],[-77.015513,-12.143531],[-77.015522,-12.143503],[-77.015531,-12.143487],[-77.015547,-12.143471],[-77.015906,-12.143175],[-77.015927,-12.143161],[-77.015945,-12.143156],[-77.015962,-12.143156],[-77.01598,-12.143163],[-77.016028,-12.143215]]}},{"type":"Feature","properties":{"id":"precursores","name":"Ciclovía Precursores","type":"segregada","km":0.945,"osm_ways":4},"geometry":{"type":"LineString","coordinates":[[-77.087031,-12.072838],[-77.087299,-12.072741],[-77.087567,-12.072644],[-77.087689,-12.072609],[-77.087776,-12.072571],[-77.087826,-12.072549],[-77.088076,-12.072418],[-77.088148,-12.07238],[-77.088208,-12.07236],[-77.088273,-12.072332],[-77.088531,-12.072203],[-77.088818,-12.072053],[-77.089106,-12.071903],[-77.089464,-12.071718],[-77.089822,-12.071533],[-77.090181,-12.071347],[-77.090584,-12.071146],[-77.090936,-12.070977],[-77.091223,-12.070845],[-77.091243,-12.070832],[-77.091254,-12.070816],[-77.091277,-12.070766],[-77.091291,-12.070748],[-77.091311,-12.070736],[-77.091435,-12.070662],[-77.091349,-12.070688],[-77.091217,-12.07075],[-77.091092,-12.070821],[-77.090999,-12.070875],[-77.090876,-12.070945],[-77.09071,-12.071035],[-77.090304,-12.071244],[-77.089898,-12.071452],[-77.089493,-12.07166],[-77.089087,-12.071869],[-77.088799,-12.072019],[-77.088512,-12.072169],[-77.088272,-12.072296],[-77.088195,-12.072342],[-77.088148,-12.07238]]}},{"type":"Feature","properties":{"id":"precursores_2","name":"Ciclovía Precursores","type":"segregada","km":1.453,"osm_ways":2},"geometry":{"type":"LineString","coordinates":[[-77.104158,-12.068924],[-77.104046,-12.06895],[-77.10403,-12.068949],[-77.104018,-12.068946],[-77.104013,-12.068937],[-77.104007,-12.068917],[-77.103999,-12.068874],[-77.103975,-12.068755],[-77.103955,-12.068732],[-77.103904,-12.068712],[-77.103873,-12.068713],[-77.103804,-12.06873],[-77.103729,-12.068744],[-77.103617,-12.068755],[-77.103542,-12.06876],[-77.103417,-12.068761],[-77.103362,-12.068772],[-77.103163,-12.068813],[-77.103069,-12.068829],[-77.103002,-12.068839],[-77.10284,-12.068856],[-77.102536,-12.068886],[-77.102395,-12.068896],[-77.102304,-12.068903],[-77.102183,-12.068909],[-77.102109,-12.06893],[-77.102005,-12.068965],[-77.101934,-12.068978],[-77.101819,-12.06899],[-77.101614,-12.069014],[-77.101525,-12.069018],[-77.101415,-12.069007],[-77.101363,-12.069008],[-77.101244,-12.069024],[-77.100982,-12.069057],[-77.100816,-12.069077],[-77.100342,-12.069126],[-77.100114,-12.069154],[-77.099935,-12.069162],[-77.099852,-12.069172],[-77.099668,-12.069202],[-77.099548,-12.06921],[-77.099464,-12.069221],[-77.099366,-12.069229],[-77.099157,-12.069266],[-77.099052,-12.069288],[-77.098942,-12.069296],[-77.098803,-12.069293],[-77.098631,-12.0693],[-77.098517,-12.069322],[-77.098449,-12.069353],[-77.098396,-12.069378],[-77.098353,-12.069389],[-77.09829,-12.069401],[-77.098225,-12.069446],[-77.098176,-12.069466],[-77.098116,-12.069478],[-77.098041,-12.069488],[-77.098028,-12.069469],[-77.098009,-12.069419],[-77.097995,-12.069415],[-77.097963,-12.069434],[-77.097879,-12.069449],[-77.097819,-12.069465],[-77.097746,-12.069473],[-77.097667,-12.069474],[-77.097559,-12.069466],[-77.097496,-12.06946],[-77.097451,-12.069463],[-77.097393,-12.069468],[-77.097277,-12.069505],[-77.097189,-12.0696],[-77.097171,-12.069615],[-77.097083,-12.069627],[-77.097038,-12.069614],[-77.096965,-12.069606],[-77.096888,-12.069607],[-77.096808,-12.069627],[-77.096729,-12.069661],[-77.096698,-12.069678],[-77.096318,-12.069722],[-77.095966,-12.069762],[-77.095921,-12.069767],[-77.095861,-12.069764],[-77.095721,-12.069726],[-77.095658,-12.06973],[-77.095375,-12.069761],[-77.095316,-12.06977],[-77.09517,-12.069843],[-77.095123,-12.069854],[-77.094673,-12.069904],[-77.094473,-12.069934],[-77.094426,-12.06993],[-77.094384,-12.069899],[-77.094334,-12.069843],[-77.0943,-12.069824],[-77.094261,-12.069817],[-77.094218,-12.069819],[-77.093903,-12.069853],[-77.093563,-12.069896],[-77.093493,-12.069923],[-77.093457,-12.069925],[-77.093391,-12.069921],[-77.093234,-12.06994],[-77.093047,-12.069966],[-77.092916,-12.069998],[-77.092653,-12.070091],[-77.092437,-12.070177],[-77.092234,-12.070272],[-77.092112,-12.070345],[-77.092053,-12.070381],[-77.091908,-12.070462],[-77.091681,-12.070563],[-77.0916,-12.070596],[-77.091435,-12.070662]]}},{"type":"Feature","properties":{"id":"primavera","name":"Ciclovía Primavera","type":"segregada","km":1.943,"osm_ways":8},"geometry":{"type":"LineString","coordinates":[[-76.997156,-12.111638],[-76.996631,-12.1116],[-76.996106,-12.111562],[-76.995581,-12.111523],[-76.995056,-12.111485],[-76.994531,-12.111447],[-76.994006,-12.111409],[-76.994009,-12.111441],[-76.994007,-12.111472],[-76.993972,-12.111472],[-76.993817,-12.111469],[-76.993422,-12.111462],[-76.993319,-12.11146],[-76.993323,-12.111401],[-76.993326,-12.111359],[-76.993039,-12.111337],[-76.992751,-12.111314],[-76.992338,-12.111285],[-76.991924,-12.111257],[-76.991877,-12.111255],[-76.991806,-12.11125],[-76.991765,-12.111249],[-76.991245,-12.111214],[-76.990725,-12.111179],[-76.990205,-12.111144],[-76.990042,-12.111142],[-76.989922,-12.111142],[-76.989412,-12.11111],[-76.989007,-12.111088],[-76.988602,-12.111066],[-76.98834,-12.111048],[-76.988296,-12.111044],[-76.987756,-12.11101],[-76.987216,-12.110975],[-76.986751,-12.110943],[-76.986286,-12.11091],[-76.98582,-12.110877],[-76.985355,-12.110845],[-76.985016,-12.110822],[-76.984676,-12.110799],[-76.98458,-12.110791],[-76.984437,-12.110782],[-76.984352,-12.110776],[-76.983897,-12.110745],[-76.983444,-12.110713],[-76.98299,-12.110682],[-76.982537,-12.110652],[-76.982084,-12.110622],[-76.981647,-12.110592],[-76.98121,-12.110561],[-76.980773,-12.11053],[-76.980737,-12.110528],[-76.98065,-12.110526],[-76.980568,-12.110521],[-76.980512,-12.110517],[-76.980059,-12.110486],[-76.979606,-12.110456],[-76.979575,-12.110461],[-76.979551,-12.11047],[-76.979533,-12.110488],[-76.979525,-12.11051]]}},{"type":"Feature","properties":{"id":"primero_de_mayo","name":"Ciclovía Primero de Mayo","type":"segregada","km":1.742,"osm_ways":1},"geometry":{"type":"LineString","coordinates":[[-76.95762,-12.19815],[-76.957602,-12.198139],[-76.957498,-12.198078],[-76.957403,-12.198023],[-76.957268,-12.197941],[-76.957228,-12.197923],[-76.957194,-12.197897],[-76.957169,-12.19787],[-76.957149,-12.197838],[-76.957125,-12.197817],[-76.957087,-12.19779],[-76.957039,-12.197768],[-76.956989,-12.197754],[-76.956617,-12.197541],[-76.956246,-12.197328],[-76.956177,-12.197288],[-76.956117,-12.197253],[-76.955733,-12.19703],[-76.95535,-12.196807],[-76.95506,-12.196638],[-76.955001,-12.196605],[-76.954932,-12.196566],[-76.954552,-12.196351],[-76.954313,-12.196214],[-76.954074,-12.196077],[-76.953969,-12.196084],[-76.953855,-12.196091],[-76.953817,-12.196069],[-76.95374,-12.196025],[-76.953692,-12.195997],[-76.953587,-12.195937],[-76.953236,-12.195735],[-76.953209,-12.19571],[-76.953186,-12.195682],[-76.953169,-12.195654],[-76.953155,-12.195624],[-76.953088,-12.195488],[-76.952988,-12.19543],[-76.952793,-12.195317],[-76.952773,-12.195319],[-76.952719,-12.195322],[-76.952556,-12.195333],[-76.952491,-12.195298],[-76.952434,-12.195266],[-76.952192,-12.195133],[-76.952151,-12.195105],[-76.952115,-12.195072],[-76.952076,-12.195029],[-76.952071,-12.195021],[-76.951965,-12.19487],[-76.951944,-12.194847],[-76.95192,-12.194825],[-76.951894,-12.194806],[-76.951729,-12.1947],[-76.951433,-12.194529],[-76.951367,-12.194491],[-76.95131,-12.194458],[-76.951231,-12.194413],[-76.951104,-12.19434],[-76.950923,-12.194273],[-76.950829,-12.194242],[-76.950631,-12.194133],[-76.950597,-12.194114],[-76.950565,-12.194094],[-76.950535,-12.194072],[-76.950517,-12.194053],[-76.950421,-12.193948],[-76.950399,-12.193922],[-76.950368,-12.193895],[-76.950334,-12.193873],[-76.950193,-12.193798],[-76.950115,-12.193754],[-76.950054,-12.193719],[-76.950012,-12.193695],[-76.949875,-12.193683],[-76.949835,-12.19368],[-76.949795,-12.193673],[-76.949752,-12.193662],[-76.949711,-12.193647],[-76.949619,-12.193611],[-76.949347,-12.193455],[-76.949273,-12.193371],[-76.949094,-12.193168],[-76.94901,-12.19312],[-76.948936,-12.193078],[-76.948865,-12.193038],[-76.948814,-12.193008],[-76.948451,-12.192801],[-76.948088,-12.192594],[-76.948004,-12.192546],[-76.947746,-12.192399],[-76.947674,-12.192357],[-76.947626,-12.19233],[-76.947247,-12.192113],[-76.94696,-12.191949],[-76.9468,-12.19194],[-76.946524,-12.191786],[-76.946456,-12.191748],[-76.946399,-12.191716],[-76.946331,-12.191679],[-76.946237,-12.191626],[-76.94615,-12.191472],[-76.945897,-12.191332],[-76.945727,-12.191315],[-76.945679,-12.191311],[-76.945637,-12.191308],[-76.945595,-12.191297],[-76.945557,-12.191278],[-76.945528,-12.191255],[-76.945503,-12.191228],[-76.945483,-12.191196],[-76.94547,-12.19118],[-76.945463,-12.191171],[-76.945308,-12.190983],[-76.94525,-12.190948],[-76.945182,-12.190907],[-76.944854,-12.190716],[-76.944792,-12.190679],[-76.944456,-12.190483],[-76.94412,-12.190287]]}},{"type":"Feature","properties":{"id":"principal","name":"Ciclovía Principal","type":"segregada","km":2.12,"osm_ways":4},"geometry":{"type":"LineString","coordinates":[[-77.007259,-12.112148],[-77.00726,-12.112259],[-77.007261,-12.112329],[-77.007263,-12.112378],[-77.007219,-12.112872],[-77.007176,-12.113366],[-77.007132,-12.11386],[-77.007098,-12.114382],[-77.007063,-12.114904],[-77.007028,-12.115409],[-77.006951,-12.115841],[-77.006922,-12.115933],[-77.006863,-12.11609],[-77.006791,-12.116245],[-77.006608,-12.116574],[-77.006495,-12.116763],[-77.006182,-12.117122],[-77.005938,-12.117381],[-77.005883,-12.117441],[-77.005833,-12.117513],[-77.005762,-12.117613],[-77.005608,-12.117844],[-77.005373,-12.118183],[-77.005336,-12.118245],[-77.00507,-12.118644],[-77.004846,-12.118978],[-77.004622,-12.119312],[-77.004397,-12.119646],[-77.004355,-12.119711],[-77.004097,-12.120079],[-77.003902,-12.120361],[-77.003708,-12.120643],[-77.003697,-12.120659],[-77.003687,-12.120664],[-77.003669,-12.120665],[-77.003652,-12.120659],[-77.003645,-12.120655],[-77.003637,-12.120646],[-77.003632,-12.120635],[-77.003629,-12.120624],[-77.003628,-12.120616],[-77.003632,-12.120594],[-77.003847,-12.120282],[-77.004063,-12.119969],[-77.004278,-12.119656],[-77.004317,-12.119597],[-77.004541,-12.119262],[-77.004765,-12.118927],[-77.004988,-12.118592],[-77.005255,-12.118193],[-77.005291,-12.118141],[-77.005469,-12.117874],[-77.005666,-12.117573],[-77.005722,-12.11749],[-77.005804,-12.117378],[-77.005973,-12.117209],[-77.006125,-12.117067],[-77.006306,-12.11688],[-77.006384,-12.116792],[-77.006439,-12.116711],[-77.006501,-12.116616],[-77.006652,-12.116345],[-77.006721,-12.116211],[-77.006742,-12.116163],[-77.006806,-12.115976],[-77.00685,-12.115816],[-77.006878,-12.115686],[-77.006897,-12.115571],[-77.006914,-12.1154],[-77.006951,-12.114896],[-77.006988,-12.114375],[-77.007025,-12.113853],[-77.007061,-12.11336],[-77.007096,-12.112866],[-77.007131,-12.112372],[-77.007137,-12.112329],[-77.007149,-12.11225],[-77.007171,-12.112143]]}},{"type":"Feature","properties":{"id":"puente_villena_rey","name":"Ciclovía Puente Villena Rey","type":"segregada","km":0.109,"osm_ways":1},"geometry":{"type":"LineString","coordinates":[[-77.035992,-12.127066],[-77.035727,-12.127481],[-77.035462,-12.127896]]}},{"type":"Feature","properties":{"id":"rivera_navarrete","name":"Ciclovía Rivera Navarrete","type":"segregada","km":0.552,"osm_ways":2},"geometry":{"type":"LineString","coordinates":[[-77.027033,-12.091465],[-77.02701,-12.091492],[-77.026992,-12.091518],[-77.026977,-12.091561],[-77.02692,-12.092013],[-77.026863,-12.092465],[-77.026817,-12.09277],[-77.026771,-12.093075],[-77.026753,-12.093193],[-77.026713,-12.093473],[-77.026673,-12.093753],[-77.02664,-12.093983],[-77.026567,-12.094516],[-77.026495,-12.09505],[-77.026442,-12.095435],[-77.02639,-12.095819],[-77.026345,-12.096122],[-77.026345,-12.096134],[-77.026349,-12.096142],[-77.026355,-12.096149],[-77.026379,-12.096161],[-77.026401,-12.096175],[-77.026418,-12.096192],[-77.026432,-12.096211],[-77.026442,-12.096236],[-77.026464,-12.09629],[-77.026476,-12.096325]]}},{"type":"Feature","properties":{"id":"salaverry","name":"Ciclovía Salaverry","type":"segregada","km":4.94,"osm_ways":10},"geometry":{"type":"LineString","coordinates":[[-77.058134,-12.102721],[-77.058211,-12.102723],[-77.058243,-12.102716],[-77.05801,-12.102263],[-77.057777,-12.101811],[-77.057543,-12.101358],[-77.057509,-12.101293],[-77.05748,-12.101232],[-77.057439,-12.101154],[-77.057255,-12.100798],[-77.057071,-12.100442],[-77.056888,-12.100087],[-77.056704,-12.099732],[-77.05652,-12.099377],[-77.056336,-12.099022],[-77.056161,-12.098687],[-77.055986,-12.098352],[-77.055812,-12.098017],[-77.055761,-12.097908],[-77.055538,-12.097466],[-77.055315,-12.097025],[-77.05507,-12.096543],[-77.054824,-12.096061],[-77.054636,-12.095694],[-77.054448,-12.095327],[-77.054438,-12.095307],[-77.054421,-12.095271],[-77.05434,-12.095113],[-77.054303,-12.095043],[-77.054294,-12.095025],[-77.054052,-12.094554],[-77.05381,-12.094084],[-77.053568,-12.093613],[-77.053326,-12.093142],[-77.053319,-12.093128],[-77.0533,-12.093093],[-77.053224,-12.092944],[-77.053196,-12.092894],[-77.053186,-12.092879],[-77.052971,-12.092475],[-77.052757,-12.092071],[-77.052728,-12.092011],[-77.052495,-12.091555],[-77.052369,-12.091308],[-77.052243,-12.091061],[-77.05205,-12.090686],[-77.051856,-12.090312],[-77.051663,-12.089937],[-77.051649,-12.089908],[-77.051419,-12.089444],[-77.051381,-12.089366],[-77.051191,-12.088992],[-77.051001,-12.088619],[-77.050811,-12.088245],[-77.050749,-12.088116],[-77.050688,-12.087995],[-77.050629,-12.087895],[-77.050408,-12.087478],[-77.050276,-12.087216],[-77.050144,-12.086955],[-77.049944,-12.086612],[-77.049749,-12.086313],[-77.049554,-12.086013],[-77.049235,-12.085608],[-77.048973,-12.085355],[-77.048866,-12.085253],[-77.048817,-12.085205],[-77.048712,-12.085109],[-77.04864,-12.085047],[-77.048244,-12.084703],[-77.047936,-12.084426],[-77.047629,-12.084149],[-77.047509,-12.084038],[-77.047276,-12.083845],[-77.047043,-12.083652],[-77.046725,-12.08337],[-77.046406,-12.083088],[-77.046184,-12.082887],[-77.045962,-12.082686],[-77.045877,-12.082607],[-77.04576,-12.082527],[-77.045644,-12.082463],[-77.045524,-12.082412],[-77.045417,-12.082371],[-77.045014,-12.082243],[-77.044735,-12.08216],[-77.044456,-12.082077],[-77.044206,-12.082002],[-77.043955,-12.081949],[-77.043697,-12.081826],[-77.043349,-12.081591],[-77.043103,-12.081409],[-77.04288,-12.081124],[-77.04274,-12.080938],[-77.042656,-12.080792],[-77.042545,-12.080566],[-77.042508,-12.080465],[-77.042399,-12.080258],[-77.042372,-12.080176],[-77.042403,-12.080101],[-77.04241,-12.080052],[-77.042408,-12.080041],[-77.042394,-12.079972],[-77.042336,-12.079739],[-77.04229,-12.079684],[-77.042278,-12.079572],[-77.042275,-12.079458],[-77.042265,-12.07897],[-77.04226,-12.07874],[-77.04224,-12.078218],[-77.042219,-12.077695],[-77.042214,-12.077556],[-77.042206,-12.077103],[-77.042198,-12.07665],[-77.042198,-12.076615],[-77.042196,-12.07654],[-77.042197,-12.076504],[-77.042195,-12.076399],[-77.042188,-12.076233],[-77.042163,-12.075842],[-77.042138,-12.075451],[-77.042119,-12.075293],[-77.042115,-12.075263],[-77.042108,-12.075199],[-77.042084,-12.075084],[-77.042082,-12.075033],[-77.042078,-12.075016],[-77.042005,-12.074505],[-77.041961,-12.074212],[-77.041917,-12.073918],[-77.041903,-12.073822],[-77.041893,-12.073773],[-77.041852,-12.073561],[-77.041776,-12.073357],[-77.04155,-12.072896],[-77.041392,-12.072549],[-77.041235,-12.072202],[-77.041199,-12.072124],[-77.041141,-12.072053],[-77.040949,-12.07162],[-77.040757,-12.071188],[-77.040733,-12.071134],[-77.040644,-12.071077],[-77.040541,-12.070835],[-77.040484,-12.070716],[-77.040414,-12.070571],[-77.04044,-12.070503],[-77.04042,-12.070412],[-77.040292,-12.070127],[-77.040164,-12.069843],[-77.039968,-12.06941],[-77.039773,-12.068977],[-77.039749,-12.068926],[-77.039651,-12.068682],[-77.039552,-12.06839],[-77.039483,-12.06799],[-77.039421,-12.067645],[-77.03936,-12.067299],[-77.039288,-12.066901],[-77.039216,-12.066503],[-77.039162,-12.06615],[-77.039108,-12.065807],[-77.039045,-12.065459],[-77.038983,-12.065112],[-77.038966,-12.065079],[-77.038933,-12.065053],[-77.038877,-12.065015],[-77.038819,-12.064988],[-77.038789,-12.064863],[-77.038771,-12.064838],[-77.038746,-12.064826],[-77.038702,-12.064816],[-77.038669,-12.064811],[-77.038666,-12.064779]]}},{"type":"Feature","properties":{"id":"salaverry_2","name":"Ciclovía Salaverry","type":"segregada","km":0.211,"osm_ways":3},"geometry":{"type":"LineString","coordinates":[[-77.04042,-12.070412],[-77.040504,-12.070455],[-77.040563,-12.070589],[-77.040674,-12.070809],[-77.040719,-12.070912],[-77.040741,-12.070961],[-77.040799,-12.07111],[-77.040995,-12.071572],[-77.041191,-12.072033],[-77.041199,-12.072124]]}},{"type":"Feature","properties":{"id":"san_borja_norte_2","name":"Ciclovía San Borja Norte","type":"segregada","km":1.95,"osm_ways":7},"geometry":{"type":"LineString","coordinates":[[-77.008819,-12.095048],[-77.008684,-12.095012],[-77.008148,-12.094886],[-77.00804,-12.094886],[-77.007953,-12.094919],[-77.007902,-12.094948],[-77.007786,-12.094929],[-77.007685,-12.09491],[-77.007599,-12.094834],[-77.007409,-12.094683],[-77.006935,-12.094579],[-77.006462,-12.094474],[-77.006153,-12.094268],[-77.006113,-12.094246],[-77.006058,-12.09422],[-77.005923,-12.094195],[-77.005885,-12.094197],[-77.00585,-12.094203],[-77.005813,-12.09421],[-77.005775,-12.094225],[-77.005715,-12.094247],[-77.005656,-12.094259],[-77.005577,-12.094274],[-77.005486,-12.094274],[-77.005437,-12.094268],[-77.004911,-12.094261],[-77.004385,-12.094253],[-77.004363,-12.094218],[-77.004324,-12.094181],[-77.004171,-12.094191],[-77.00381,-12.09421],[-77.003533,-12.094404],[-77.00345,-12.094427],[-77.003146,-12.094432],[-77.002842,-12.094437],[-77.002819,-12.094452],[-77.002746,-12.094453],[-77.002595,-12.094447],[-77.002497,-12.094442],[-77.00246,-12.09444],[-77.002424,-12.094413],[-77.002419,-12.094356],[-77.002386,-12.094323],[-77.002341,-12.094302],[-77.002221,-12.094271],[-77.002103,-12.094285],[-77.001995,-12.094317],[-77.001852,-12.094311],[-77.001674,-12.09427],[-77.001536,-12.094235],[-77.001381,-12.094224],[-77.001194,-12.094225],[-77.001009,-12.09419],[-77.000894,-12.094162],[-77.000662,-12.094133],[-77.000342,-12.094075],[-77.000204,-12.094044],[-77.000039,-12.094011],[-76.999774,-12.093933],[-76.999508,-12.093855],[-76.999266,-12.0938],[-76.999188,-12.093775],[-76.999084,-12.093729],[-76.998913,-12.093609],[-76.998571,-12.093473],[-76.99823,-12.093338],[-76.997974,-12.093236],[-76.997534,-12.093131],[-76.997063,-12.093086],[-76.996671,-12.093051],[-76.996279,-12.093016],[-76.99587,-12.093024],[-76.995818,-12.093014],[-76.995763,-12.093019],[-76.995739,-12.093001],[-76.995742,-12.092953],[-76.995735,-12.092926],[-76.995681,-12.092914],[-76.995607,-12.092912],[-76.995548,-12.092911],[-76.995479,-12.092913],[-76.995424,-12.092944],[-76.995396,-12.092996],[-76.995332,-12.093033],[-76.994897,-12.093061],[-76.994495,-12.093157],[-76.994093,-12.093253],[-76.993837,-12.093323],[-76.993397,-12.093507],[-76.993196,-12.093606],[-76.993044,-12.093705],[-76.992963,-12.093726],[-76.992802,-12.093723],[-76.992737,-12.093727],[-76.992655,-12.09375],[-76.992602,-12.093779],[-76.992485,-12.093839],[-76.992442,-12.093874],[-76.992403,-12.09391],[-76.99238,-12.093955],[-76.992364,-12.094042],[-76.992351,-12.094093],[-76.992292,-12.094185],[-76.992204,-12.094347],[-76.992152,-12.094377]]}},{"type":"Feature","properties":{"id":"san_borja_norte_3","name":"Ciclovía San Borja Norte","type":"segregada","km":0.202,"osm_ways":4},"geometry":{"type":"LineString","coordinates":[[-76.990137,-12.095793],[-76.990104,-12.095815],[-76.989949,-12.095812],[-76.98983,-12.095815],[-76.989805,-12.095835],[-76.989737,-12.095862],[-76.989504,-12.095884],[-76.989452,-12.0959],[-76.989321,-12.09595],[-76.989313,-12.096016],[-76.989305,-12.096084],[-76.989296,-12.096137],[-76.989223,-12.096165],[-76.989035,-12.096224],[-76.988663,-12.09634],[-76.988601,-12.096361],[-76.988525,-12.096387]]}},{"type":"Feature","properties":{"id":"san_borja_sur_4","name":"Ciclovía San Borja Sur","type":"segregada","km":0.623,"osm_ways":5},"geometry":{"type":"LineString","coordinates":[[-76.994771,-12.100358],[-76.994733,-12.100338],[-76.99459,-12.100345],[-76.994557,-12.100363],[-76.994448,-12.100341],[-76.994336,-12.100294],[-76.994219,-12.100243],[-76.994142,-12.10018],[-76.994007,-12.100019],[-76.99363,-12.100097],[-76.993289,-12.100204],[-76.992948,-12.100311],[-76.992655,-12.100453],[-76.992363,-12.100596],[-76.992114,-12.10077],[-76.991864,-12.100945],[-76.991807,-12.100984],[-76.991777,-12.101032],[-76.991512,-12.101498],[-76.991271,-12.101699],[-76.991029,-12.1019],[-76.991011,-12.101915],[-76.990691,-12.102176],[-76.990618,-12.102235],[-76.990521,-12.102373],[-76.990478,-12.102434],[-76.990386,-12.102536],[-76.9903,-12.102653],[-76.990243,-12.102683],[-76.990221,-12.102694]]}},{"type":"Feature","properties":{"id":"san_borja_sur_5","name":"Ciclovía San Borja Sur","type":"segregada","km":0.833,"osm_ways":6},"geometry":{"type":"LineString","coordinates":[[-77.008895,-12.10027],[-77.008803,-12.100307],[-77.008744,-12.100347],[-77.008671,-12.100391],[-77.008276,-12.100553],[-77.00795,-12.100649],[-77.007838,-12.100674],[-77.007713,-12.100712],[-77.007384,-12.100779],[-77.007055,-12.100846],[-77.006718,-12.100891],[-77.00638,-12.100936],[-77.006289,-12.100948],[-77.006117,-12.100962],[-77.006007,-12.100976],[-77.005625,-12.10106],[-77.005216,-12.101069],[-77.004787,-12.101112],[-77.004358,-12.101156],[-77.004271,-12.101138],[-77.004139,-12.101173],[-77.004008,-12.101223],[-77.003892,-12.101223],[-77.003787,-12.101191],[-77.00367,-12.101127],[-77.003466,-12.101056],[-77.003295,-12.101056],[-77.00311,-12.101095],[-77.002982,-12.101124],[-77.002808,-12.101116],[-77.002684,-12.101102],[-77.002568,-12.10106],[-77.002473,-12.101004],[-77.002426,-12.100978],[-77.00217,-12.100921],[-77.00209,-12.100899],[-77.002054,-12.100903],[-77.002019,-12.100912],[-77.001979,-12.100908],[-77.001946,-12.100898],[-77.001926,-12.100884],[-77.001901,-12.100863],[-77.001893,-12.10085],[-77.001893,-12.10083],[-77.001896,-12.100812],[-77.001903,-12.100762],[-77.001859,-12.100749],[-77.001838,-12.100746],[-77.001674,-12.100718],[-77.001661,-12.100715],[-77.001588,-12.100708]]}},{"type":"Feature","properties":{"id":"san_borja_sur_6","name":"Ciclovía San Borja Sur","type":"segregada","km":0.579,"osm_ways":1},"geometry":{"type":"LineString","coordinates":[[-77.008836,-12.095054],[-77.008852,-12.095132],[-77.008878,-12.0952],[-77.008911,-12.095269],[-77.008944,-12.095314],[-77.009014,-12.095368],[-77.009077,-12.095399],[-77.009137,-12.09543],[-77.009126,-12.095485],[-77.00914,-12.095515],[-77.009187,-12.095567],[-77.009283,-12.095695],[-77.00934,-12.095784],[-77.009388,-12.095886],[-77.009489,-12.096158],[-77.009543,-12.096404],[-77.009603,-12.096645],[-77.009627,-12.09673],[-77.009716,-12.097013],[-77.0098,-12.09734],[-77.009843,-12.09766],[-77.009861,-12.097871],[-77.00987,-12.097976],[-77.009878,-12.098018],[-77.009914,-12.098085],[-77.009959,-12.098154],[-77.010207,-12.098274],[-77.010455,-12.098395],[-77.010469,-12.098421],[-77.010514,-12.098604],[-77.010534,-12.098698],[-77.010541,-12.098736],[-77.010495,-12.098796],[-77.010501,-12.098833],[-77.010549,-12.09885],[-77.01057,-12.098894],[-77.010576,-12.098971],[-77.01058,-12.099013],[-77.01059,-12.099416],[-77.010564,-12.099448],[-77.010537,-12.099591]]}},{"type":"Feature","properties":{"id":"san_luis","name":"Ciclovía San Luis","type":"segregada","km":0.11,"osm_ways":1},"geometry":{"type":"LineString","coordinates":[[-76.992333,-12.107959],[-76.992315,-12.10791],[-76.992354,-12.10789],[-76.992574,-12.107777],[-76.992589,-12.10777],[-76.992599,-12.107769],[-76.992606,-12.107772],[-76.992611,-12.10778],[-76.99262,-12.107799],[-76.992628,-12.107821],[-76.99266,-12.107899],[-76.992667,-12.107919],[-76.992676,-12.107944],[-76.992676,-12.107955],[-76.99267,-12.107963],[-76.992657,-12.10797],[-76.992541,-12.108009],[-76.992422,-12.10805],[-76.992387,-12.10806],[-76.992379,-12.10806],[-76.992371,-12.108055],[-76.992367,-12.108049],[-76.992357,-12.108025],[-76.992333,-12.107959]]}},{"type":"Feature","properties":{"id":"san_luis_2","name":"Ciclovía San Luis","type":"segregada","km":0.095,"osm_ways":3},"geometry":{"type":"LineString","coordinates":[[-76.992315,-12.10791],[-76.992303,-12.107881],[-76.992245,-12.107746],[-76.992217,-12.107643],[-76.992186,-12.107524],[-76.992153,-12.107384],[-76.992137,-12.107257],[-76.992116,-12.107085]]}},{"type":"Feature","properties":{"id":"san_luis_3","name":"Ciclovía San Luis","type":"segregada","km":0.4,"osm_ways":3},"geometry":{"type":"LineString","coordinates":[[-76.992541,-12.108009],[-76.992549,-12.108035],[-76.992739,-12.108488],[-76.992928,-12.10894],[-76.993118,-12.109393],[-76.993303,-12.109844],[-76.993488,-12.110296],[-76.993496,-12.110323],[-76.993499,-12.110346],[-76.993499,-12.110369],[-76.993492,-12.110385],[-76.993428,-12.110441],[-76.993414,-12.110457],[-76.993407,-12.110472],[-76.993403,-12.110491],[-76.993405,-12.110509],[-76.993443,-12.11063],[-76.993452,-12.110666],[-76.993457,-12.110703],[-76.993458,-12.110747],[-76.993446,-12.110802],[-76.993355,-12.111047],[-76.993349,-12.111102],[-76.993347,-12.111121],[-76.993328,-12.111336],[-76.993326,-12.111359]]}},{"type":"Feature","properties":{"id":"san_martin_4","name":"Ciclovía San Martín","type":"segregada","km":0.103,"osm_ways":3},"geometry":{"type":"LineString","coordinates":[[-77.022136,-12.147869],[-77.022143,-12.147954],[-77.022115,-12.148043],[-77.022063,-12.148189],[-77.022018,-12.148314],[-77.021984,-12.148409],[-77.021947,-12.148512],[-77.021929,-12.148571],[-77.021921,-12.148636],[-77.021928,-12.148695],[-77.021949,-12.148753]]}},{"type":"Feature","properties":{"id":"sanchez_carrion","name":"Ciclovía Sanchez Carrión","type":"segregada","km":0.439,"osm_ways":2},"geometry":{"type":"LineString","coordinates":[[-77.057593,-12.09011],[-77.057649,-12.090073],[-77.05775,-12.090009],[-77.057813,-12.089967],[-77.058193,-12.089714],[-77.058572,-12.089461],[-77.058952,-12.089208],[-77.059332,-12.088955],[-77.059712,-12.088703],[-77.060118,-12.088432],[-77.060524,-12.088162],[-77.060931,-12.087892]]}},{"type":"Feature","properties":{"id":"santiago_antunez_de_mayolo_3","name":"Ciclovía Santiago Antúnez de Mayolo","type":"segregada","km":0.854,"osm_ways":1},"geometry":{"type":"LineString","coordinates":[[-77.085541,-11.996278],[-77.085986,-11.996383],[-77.086431,-11.996487],[-77.086876,-11.996592],[-77.086903,-11.996606],[-77.087199,-11.996713],[-77.087319,-11.996764],[-77.087496,-11.996867],[-77.087797,-11.997088],[-77.088108,-11.997308],[-77.088418,-11.997528],[-77.088766,-11.997776],[-77.089114,-11.998024],[-77.089462,-11.998272],[-77.089678,-11.998515],[-77.089814,-11.998694],[-77.090068,-11.99908],[-77.090225,-11.999358],[-77.090382,-11.999636],[-77.090585,-12.000016],[-77.090788,-12.000396],[-77.090991,-12.000777],[-77.091052,-12.000891],[-77.091158,-12.001101]]}},{"type":"Feature","properties":{"id":"santiago_antunez_de_mayolo_4","name":"Ciclovía Santiago Antúnez de Mayolo","type":"segregada","km":0.592,"osm_ways":2},"geometry":{"type":"LineString","coordinates":[[-77.090991,-12.000777],[-77.090941,-12.000849],[-77.090908,-12.000892],[-77.090909,-12.000941],[-77.09098,-12.001058],[-77.091105,-12.001303],[-77.091127,-12.001343],[-77.091161,-12.001349],[-77.091206,-12.001324],[-77.091252,-12.0013],[-77.091282,-12.001296],[-77.091324,-12.001315],[-77.091519,-12.001687],[-77.091714,-12.002058],[-77.091909,-12.00243],[-77.092131,-12.002751],[-77.092422,-12.002948],[-77.092873,-12.003157],[-77.093324,-12.003366],[-77.093776,-12.003575],[-77.094227,-12.003784],[-77.094679,-12.003993],[-77.094715,-12.004016]]}},{"type":"Feature","properties":{"id":"separadora_industrial_3","name":"Ciclovía Separadora Industrial","type":"segregada","km":4.345,"osm_ways":1},"geometry":{"type":"LineString","coordinates":[[-76.933773,-12.207145],[-76.933724,-12.207126],[-76.933708,-12.207126],[-76.93369,-12.207134],[-76.933465,-12.20752],[-76.933239,-12.207905],[-76.933013,-12.20829],[-76.932787,-12.208676],[-76.932561,-12.209061],[-76.932325,-12.209471],[-76.932089,-12.20988],[-76.931826,-12.210308],[-76.931733,-12.210452],[-76.931646,-12.210586],[-76.93139,-12.210991],[-76.931134,-12.211397],[-76.930969,-12.211681],[-76.930804,-12.211964],[-76.930604,-12.212278],[-76.930403,-12.212592],[-76.930217,-12.212856],[-76.930211,-12.212869],[-76.930213,-12.212883],[-76.93022,-12.212895],[-76.930249,-12.212912],[-76.930287,-12.212934],[-76.930291,-12.21295],[-76.930289,-12.212965],[-76.930265,-12.213],[-76.930223,-12.213066],[-76.930049,-12.213356],[-76.929875,-12.213647],[-76.929654,-12.214002],[-76.929433,-12.214356],[-76.929213,-12.214711],[-76.928992,-12.215065],[-76.92894,-12.215161],[-76.928905,-12.215234],[-76.928783,-12.215507],[-76.92877,-12.215525],[-76.928755,-12.215532],[-76.928746,-12.21553],[-76.928717,-12.21552],[-76.928694,-12.215513],[-76.928673,-12.215511],[-76.928658,-12.215516],[-76.928645,-12.215527],[-76.928634,-12.215542],[-76.928579,-12.215688],[-76.928553,-12.21575],[-76.92853,-12.215789],[-76.928393,-12.21592],[-76.92837,-12.215927],[-76.92834,-12.215927],[-76.928307,-12.215917],[-76.928249,-12.215889],[-76.928223,-12.215884],[-76.928199,-12.215888],[-76.92818,-12.215903],[-76.928146,-12.215971],[-76.928089,-12.216074],[-76.927842,-12.216504],[-76.927595,-12.216933],[-76.927394,-12.217276],[-76.927193,-12.217619],[-76.927125,-12.217731],[-76.927018,-12.217902],[-76.926903,-12.2181],[-76.926844,-12.218206],[-76.926581,-12.218667],[-76.926318,-12.219129],[-76.926056,-12.21959],[-76.925793,-12.220052],[-76.925577,-12.220411],[-76.925362,-12.22077],[-76.925146,-12.221129],[-76.92493,-12.221488],[-76.924721,-12.221836],[-76.924511,-12.222183],[-76.924271,-12.222584],[-76.924032,-12.222984],[-76.923792,-12.223385],[-76.923552,-12.223785],[-76.923313,-12.224186],[-76.923073,-12.224586],[-76.922855,-12.224947],[-76.922638,-12.225307],[-76.922582,-12.2254],[-76.922448,-12.225638],[-76.922405,-12.225712],[-76.922375,-12.225764],[-76.922129,-12.22618],[-76.921884,-12.226596],[-76.921636,-12.227014],[-76.921389,-12.227432],[-76.921141,-12.22785],[-76.920893,-12.228268],[-76.920694,-12.228604],[-76.920494,-12.228941],[-76.920295,-12.229278],[-76.920197,-12.229442],[-76.919982,-12.229806],[-76.919766,-12.230171],[-76.919561,-12.230517],[-76.919356,-12.230863],[-76.91915,-12.231209],[-76.91891,-12.231617],[-76.918669,-12.232025],[-76.918431,-12.232425],[-76.918194,-12.232825],[-76.918146,-12.232924],[-76.918022,-12.233117],[-76.917916,-12.233267],[-76.917861,-12.233356],[-76.917694,-12.233624],[-76.917527,-12.233893],[-76.917355,-12.234186],[-76.917183,-12.234478],[-76.916946,-12.234873],[-76.916709,-12.235267],[-76.916472,-12.235662],[-76.916252,-12.236065],[-76.916113,-12.236311],[-76.915973,-12.236558],[-76.915843,-12.236685],[-76.915694,-12.236947],[-76.915545,-12.237209],[-76.915338,-12.237561],[-76.91513,-12.237912],[-76.914855,-12.238358],[-76.914691,-12.238645],[-76.914527,-12.238931],[-76.914313,-12.239308],[-76.914099,-12.239685],[-76.913885,-12.240062],[-76.913671,-12.240439],[-76.91365,-12.240476]]}},{"type":"Feature","properties":{"id":"separadora_industrial_4","name":"Ciclovía Separadora Industrial","type":"segregada","km":1.544,"osm_ways":1},"geometry":{"type":"LineString","coordinates":[[-76.971061,-12.064333],[-76.971043,-12.064576],[-76.971037,-12.064922],[-76.971041,-12.065206],[-76.971059,-12.065506],[-76.971077,-12.065806],[-76.971085,-12.065902],[-76.971053,-12.065906],[-76.970978,-12.065915],[-76.97103,-12.066351],[-76.971039,-12.066464],[-76.97103,-12.066542],[-76.971013,-12.066581],[-76.970994,-12.066635],[-76.970933,-12.066738],[-76.970856,-12.066824],[-76.970768,-12.066891],[-76.970681,-12.066921],[-76.970577,-12.066941],[-76.970472,-12.066945],[-76.970345,-12.066921],[-76.970171,-12.066856],[-76.969911,-12.066736],[-76.969767,-12.066663],[-76.969623,-12.066583],[-76.969534,-12.066546],[-76.969446,-12.066519],[-76.969357,-12.066466],[-76.969094,-12.066285],[-76.968766,-12.066023],[-76.968437,-12.065774],[-76.968109,-12.065525],[-76.968018,-12.065476],[-76.967927,-12.065434],[-76.967662,-12.065322],[-76.967601,-12.065301],[-76.967557,-12.065349],[-76.967524,-12.065383],[-76.96706,-12.065189],[-76.966596,-12.064996],[-76.966132,-12.064803],[-76.966023,-12.065079],[-76.96598,-12.065061],[-76.965479,-12.064863],[-76.964978,-12.064664],[-76.964855,-12.064607],[-76.96437,-12.064407],[-76.963884,-12.064207],[-76.963398,-12.064006],[-76.962912,-12.063806],[-76.962426,-12.063606],[-76.961941,-12.063405],[-76.961455,-12.063205],[-76.960969,-12.063004],[-76.960928,-12.062997],[-76.96089,-12.063011],[-76.960861,-12.063042],[-76.960778,-12.063205]]}},{"type":"Feature","properties":{"id":"sosa_pelaez","name":"Ciclovía Sosa Peláez","type":"segregada","km":0.71,"osm_ways":7},"geometry":{"type":"LineString","coordinates":[[-77.063906,-12.057163],[-77.06387,-12.057157],[-77.063794,-12.057557],[-77.063718,-12.057957],[-77.063659,-12.058259],[-77.0636,-12.058562],[-77.063596,-12.058581],[-77.063549,-12.058763],[-77.063537,-12.058837],[-77.063521,-12.058935],[-77.06346,-12.059253],[-77.0634,-12.059571],[-77.063345,-12.059847],[-77.063291,-12.060123],[-77.06323,-12.06042],[-77.063168,-12.060718],[-77.063141,-12.060836],[-77.063127,-12.060896],[-77.06311,-12.06097],[-77.063095,-12.061034],[-77.06308,-12.061163],[-77.06307,-12.061293],[-77.063061,-12.061559],[-77.063067,-12.061689],[-77.063082,-12.061791],[-77.063105,-12.061901],[-77.063133,-12.062052],[-77.063139,-12.062082],[-77.063141,-12.062107],[-77.063144,-12.062144],[-77.06314,-12.062176],[-77.063138,-12.0622],[-77.063141,-12.062282],[-77.063155,-12.062302],[-77.063168,-12.062326],[-77.06318,-12.062348],[-77.063186,-12.062363],[-77.063192,-12.062378],[-77.063214,-12.062499],[-77.063217,-12.06251],[-77.063218,-12.062525],[-77.063218,-12.062541],[-77.063218,-12.062567],[-77.063217,-12.062591],[-77.063215,-12.062599],[-77.063212,-12.06261],[-77.063214,-12.062625],[-77.063218,-12.062647],[-77.063243,-12.062643],[-77.063288,-12.062634],[-77.063312,-12.062632],[-77.063321,-12.062638],[-77.063324,-12.062648],[-77.063333,-12.062698],[-77.063352,-12.062805],[-77.063356,-12.062824],[-77.063352,-12.062834],[-77.063342,-12.06284],[-77.063325,-12.062843],[-77.063198,-12.062862],[-77.063181,-12.062864],[-77.06317,-12.062857],[-77.063166,-12.062838],[-77.063148,-12.06273],[-77.063138,-12.062672],[-77.063144,-12.062663],[-77.063164,-12.062659],[-77.063218,-12.062647]]}},{"type":"Feature","properties":{"id":"sosa_pelaez_2","name":"Ciclovía Sosa Peláez","type":"segregada","km":0.573,"osm_ways":1},"geometry":{"type":"LineString","coordinates":[[-77.06314,-12.062176],[-77.063128,-12.062159],[-77.063115,-12.062139],[-77.063103,-12.062117],[-77.063097,-12.062099],[-77.063091,-12.062081],[-77.063086,-12.062055],[-77.063072,-12.061974],[-77.06305,-12.06184],[-77.063046,-12.0618],[-77.063043,-12.061691],[-77.063027,-12.061559],[-77.063028,-12.061484],[-77.063027,-12.061294],[-77.063041,-12.061156],[-77.063072,-12.061027],[-77.063086,-12.060966],[-77.063102,-12.060892],[-77.063109,-12.060831],[-77.063123,-12.06071],[-77.063183,-12.060411],[-77.063242,-12.060113],[-77.063299,-12.059838],[-77.063355,-12.059562],[-77.063416,-12.059245],[-77.063478,-12.058927],[-77.063504,-12.058832],[-77.063524,-12.058757],[-77.063548,-12.058572],[-77.063557,-12.058527],[-77.063616,-12.058239],[-77.063675,-12.05795],[-77.063751,-12.05755],[-77.063827,-12.057149],[-77.063792,-12.057143]]}},{"type":"Feature","properties":{"id":"tomas_valle","name":"Ciclovía Tomás Valle","type":"segregada","km":3.173,"osm_ways":4},"geometry":{"type":"LineString","coordinates":[[-77.080338,-12.012735],[-77.080782,-12.012804],[-77.081225,-12.012873],[-77.081669,-12.012942],[-77.082043,-12.01296],[-77.082418,-12.012978],[-77.082516,-12.01298],[-77.082594,-12.012981],[-77.082679,-12.012976],[-77.082859,-12.012978],[-77.083407,-12.012949],[-77.083769,-12.012891],[-77.084131,-12.012833],[-77.08428,-12.01281],[-77.084543,-12.012753],[-77.084977,-12.012653],[-77.085412,-12.012553],[-77.085847,-12.012453],[-77.086278,-12.01235],[-77.086709,-12.012248],[-77.08714,-12.012145],[-77.087213,-12.012128],[-77.087351,-12.012094],[-77.087435,-12.012075],[-77.087954,-12.011957],[-77.088473,-12.011839],[-77.08865,-12.011813],[-77.088751,-12.011801],[-77.08922,-12.011748],[-77.089296,-12.011747],[-77.089592,-12.011729],[-77.089888,-12.01171],[-77.089988,-12.011704],[-77.090105,-12.011721],[-77.090166,-12.011688],[-77.090538,-12.011733],[-77.090924,-12.011807],[-77.091309,-12.011881],[-77.091694,-12.011955],[-77.092006,-12.012035],[-77.092318,-12.012114],[-77.092577,-12.012196],[-77.092849,-12.012304],[-77.093121,-12.012411],[-77.093432,-12.012549],[-77.093743,-12.012687],[-77.093991,-12.012814],[-77.094261,-12.012972],[-77.094544,-12.013158],[-77.094827,-12.013343],[-77.094903,-12.013397],[-77.095153,-12.013588],[-77.095229,-12.013641],[-77.095474,-12.013832],[-77.095699,-12.014038],[-77.095924,-12.014243],[-77.096177,-12.014513],[-77.09643,-12.014784],[-77.096681,-12.015037],[-77.096901,-12.01528],[-77.097224,-12.015638],[-77.097547,-12.015996],[-77.097871,-12.016354],[-77.098194,-12.016712],[-77.098235,-12.016759],[-77.098311,-12.016839],[-77.098405,-12.016946],[-77.098475,-12.017034],[-77.098825,-12.017406],[-77.099174,-12.017777],[-77.099524,-12.018148],[-77.099874,-12.018519],[-77.100095,-12.018716],[-77.100317,-12.018914],[-77.100723,-12.019188],[-77.101128,-12.019461],[-77.101211,-12.019519],[-77.101463,-12.019664],[-77.101552,-12.019706],[-77.102012,-12.019926],[-77.102471,-12.020147],[-77.102931,-12.020367],[-77.10339,-12.020587],[-77.10385,-12.020808],[-77.10431,-12.021028],[-77.104769,-12.021249],[-77.105229,-12.021469],[-77.105688,-12.021689],[-77.105842,-12.0217]]}},{"type":"Feature","properties":{"id":"tomas_valle_2","name":"Ciclovía Tomás Valle","type":"segregada","km":1.078,"osm_ways":1},"geometry":{"type":"LineString","coordinates":[[-77.098194,-12.016712],[-77.098175,-12.016744],[-77.097844,-12.016388],[-77.097513,-12.016032],[-77.097183,-12.015677],[-77.096852,-12.015321],[-77.096545,-12.014991],[-77.096237,-12.01466],[-77.096019,-12.014429],[-77.0958,-12.014197],[-77.09544,-12.013856],[-77.095202,-12.013678],[-77.095126,-12.013627],[-77.09488,-12.013432],[-77.094801,-12.013384],[-77.094621,-12.013266],[-77.094248,-12.013043],[-77.093875,-12.012819],[-77.093587,-12.01268],[-77.0933,-12.012542],[-77.092873,-12.012365],[-77.092453,-12.012214],[-77.092054,-12.012104],[-77.091651,-12.012003],[-77.091221,-12.011927],[-77.090791,-12.011851],[-77.090362,-12.011775],[-77.090184,-12.011746],[-77.090105,-12.011721]]}},{"type":"Feature","properties":{"id":"tomas_valle_3","name":"Ciclovía Tomás Valle","type":"segregada","km":0.972,"osm_ways":10},"geometry":{"type":"LineString","coordinates":[[-77.079062,-12.012574],[-77.0788,-12.012521],[-77.078773,-12.01254],[-77.078344,-12.012451],[-77.078251,-12.012414],[-77.078199,-12.012408],[-77.078138,-12.012401],[-77.077814,-12.012353],[-77.077505,-12.012306],[-77.077196,-12.01226],[-77.076775,-12.012192],[-77.076354,-12.012123],[-77.075933,-12.012055],[-77.075504,-12.011987],[-77.075074,-12.011919],[-77.074831,-12.011879],[-77.074788,-12.011873],[-77.074692,-12.011858],[-77.074634,-12.011848],[-77.074584,-12.011839],[-77.074191,-12.011774],[-77.073798,-12.011708],[-77.073405,-12.011643],[-77.073068,-12.011591],[-77.072732,-12.011539],[-77.072555,-12.011518],[-77.072529,-12.01149],[-77.07221,-12.011433],[-77.072163,-12.01145],[-77.071837,-12.011378],[-77.071511,-12.011306],[-77.071173,-12.011207],[-77.070777,-12.011083],[-77.07061,-12.011031],[-77.070577,-12.01102],[-77.070541,-12.011009],[-77.070507,-12.010998],[-77.070495,-12.011008],[-77.070478,-12.011012],[-77.070464,-12.011011],[-77.070452,-12.011006],[-77.070444,-12.010996],[-77.070438,-12.010977],[-77.070447,-12.010963],[-77.070456,-12.010958],[-77.070466,-12.010956],[-77.070482,-12.010959],[-77.070491,-12.010964],[-77.070498,-12.010977],[-77.070499,-12.010986],[-77.070507,-12.010998]]}},{"type":"Feature","properties":{"id":"tomas_valle_4","name":"Ciclovía Tomás Valle","type":"segregada","km":0.982,"osm_ways":7},"geometry":{"type":"LineString","coordinates":[[-77.070438,-12.010977],[-77.070404,-12.010966],[-77.070373,-12.010956],[-77.070308,-12.010933],[-77.069835,-12.010771],[-77.069381,-12.010613],[-77.068927,-12.010456],[-77.068799,-12.010411],[-77.068776,-12.010406],[-77.068621,-12.01036],[-77.068581,-12.010347],[-77.068469,-12.010311],[-77.068301,-12.010255],[-77.067998,-12.010155],[-77.067695,-12.010055],[-77.06722,-12.009895],[-77.066738,-12.009732],[-77.066701,-12.009719],[-77.066658,-12.009706],[-77.066279,-12.009581],[-77.065901,-12.009457],[-77.065626,-12.009365],[-77.065351,-12.009272],[-77.06496,-12.009147],[-77.064665,-12.009056],[-77.064292,-12.008957],[-77.064083,-12.008913],[-77.063832,-12.008875],[-77.063298,-12.008803],[-77.062846,-12.008739],[-77.062542,-12.008698],[-77.062238,-12.008656],[-77.06211,-12.008652],[-77.061995,-12.008681],[-77.061787,-12.008734]]}},{"type":"Feature","properties":{"id":"tomas_valle_5","name":"Ciclovía Tomás Valle","type":"segregada","km":0.71,"osm_ways":11},"geometry":{"type":"LineString","coordinates":[[-77.060261,-12.00832],[-77.060301,-12.008323],[-77.060316,-12.008323],[-77.060343,-12.008327],[-77.060353,-12.00833],[-77.060356,-12.008337],[-77.060356,-12.008346],[-77.060355,-12.008353],[-77.060349,-12.008357],[-77.060333,-12.008353],[-77.060325,-12.008346],[-77.060311,-12.008339],[-77.060299,-12.008332],[-77.060261,-12.00832],[-77.060059,-12.008292],[-77.059837,-12.008259],[-77.059495,-12.008211],[-77.059409,-12.008199],[-77.059065,-12.008153],[-77.058698,-12.008104],[-77.058248,-12.008038],[-77.057868,-12.007983],[-77.057837,-12.007978],[-77.057719,-12.007962],[-77.057576,-12.007941],[-77.057541,-12.007936],[-77.057268,-12.007901],[-77.056994,-12.007865],[-77.056892,-12.007852],[-77.056866,-12.007848],[-77.056532,-12.007798],[-77.056508,-12.007795],[-77.05649,-12.007793],[-77.056403,-12.00778],[-77.056331,-12.00777],[-77.056183,-12.007748],[-77.056069,-12.007732],[-77.055583,-12.007661],[-77.055229,-12.007613],[-77.054874,-12.007561],[-77.054517,-12.007509],[-77.054486,-12.007502],[-77.054437,-12.007496],[-77.054386,-12.00749],[-77.054014,-12.007441]]}},{"type":"Feature","properties":{"id":"tupac_amaru","name":"Ciclovía Túpac Amaru","type":"segregada","km":2.741,"osm_ways":4},"geometry":{"type":"LineString","coordinates":[[-77.044216,-12.028239],[-77.044351,-12.028085],[-77.044636,-12.027823],[-77.044922,-12.02756],[-77.045253,-12.027257],[-77.045585,-12.026954],[-77.045877,-12.026679],[-77.04617,-12.026403],[-77.046463,-12.026128],[-77.046563,-12.026035],[-77.046881,-12.02574],[-77.0472,-12.025445],[-77.047366,-12.025295],[-77.047577,-12.025106],[-77.047788,-12.024917],[-77.047983,-12.024736],[-77.048157,-12.024592],[-77.048568,-12.02424],[-77.048943,-12.023937],[-77.049286,-12.023668],[-77.049596,-12.023438],[-77.049909,-12.023195],[-77.049946,-12.023165],[-77.049953,-12.023176],[-77.049997,-12.023235],[-77.050063,-12.023289],[-77.05012,-12.023342],[-77.050372,-12.023061],[-77.05051,-12.022865],[-77.050632,-12.022632],[-77.050732,-12.022343],[-77.050799,-12.022049],[-77.05087,-12.021672],[-77.050922,-12.021387],[-77.050975,-12.021102],[-77.051033,-12.020793],[-77.051091,-12.020483],[-77.051146,-12.020187],[-77.051201,-12.019891],[-77.051256,-12.019596],[-77.051312,-12.0193],[-77.051366,-12.019012],[-77.051419,-12.018723],[-77.051508,-12.018283],[-77.051518,-12.018233],[-77.05154,-12.018136],[-77.051558,-12.018021],[-77.05145,-12.017992],[-77.051337,-12.017959],[-77.051072,-12.017886],[-77.051063,-12.017884],[-77.051071,-12.017865],[-77.051186,-12.017673],[-77.051271,-12.017551],[-77.05139,-12.017221],[-77.051474,-12.016845],[-77.051536,-12.016569],[-77.051598,-12.016293],[-77.051643,-12.015999],[-77.051687,-12.015706],[-77.051797,-12.015189],[-77.051824,-12.015054],[-77.051878,-12.014827],[-77.051954,-12.01453],[-77.05203,-12.014233],[-77.052041,-12.014111],[-77.052113,-12.013801],[-77.052184,-12.013491],[-77.05227,-12.013118],[-77.052355,-12.012744],[-77.052377,-12.012643],[-77.052395,-12.012562],[-77.052405,-12.012518],[-77.052427,-12.012423],[-77.052516,-12.012032],[-77.052551,-12.011882],[-77.052613,-12.011608],[-77.052675,-12.011334],[-77.052736,-12.011044],[-77.052747,-12.010991],[-77.052761,-12.010929],[-77.052877,-12.010432],[-77.052939,-12.010159],[-77.05301,-12.009878],[-77.053081,-12.009597],[-77.053228,-12.00909],[-77.053289,-12.008871],[-77.053347,-12.008664],[-77.053406,-12.008543],[-77.05349,-12.008159],[-77.053507,-12.008059],[-77.053564,-12.007763],[-77.05362,-12.007467],[-77.053637,-12.007471]]}},{"type":"Feature","properties":{"id":"tupac_amaru_2","name":"Ciclovía Túpac Amaru","type":"segregada","km":0.615,"osm_ways":1},"geometry":{"type":"LineString","coordinates":[[-77.049946,-12.023165],[-77.05002,-12.023105],[-77.05011,-12.023014],[-77.050231,-12.022868],[-77.050352,-12.022687],[-77.050443,-12.022527],[-77.050533,-12.022299],[-77.050589,-12.022085],[-77.050635,-12.021812],[-77.05068,-12.021539],[-77.050739,-12.021157],[-77.050798,-12.020775],[-77.050858,-12.020399],[-77.050919,-12.020058],[-77.050941,-12.019932],[-77.051002,-12.019594],[-77.051064,-12.019256],[-77.05109,-12.018916],[-77.051097,-12.018696],[-77.051084,-12.01855],[-77.05106,-12.018447],[-77.051024,-12.018351],[-77.051005,-12.018192],[-77.051002,-12.018137],[-77.050999,-12.018083],[-77.051017,-12.017997],[-77.051063,-12.017884]]}},{"type":"Feature","properties":{"id":"universitaria","name":"Ciclovía Universitaria","type":"segregada","km":14.862,"osm_ways":23},"geometry":{"type":"LineString","coordinates":[[-77.0635,-11.96154],[-77.063619,-11.961582],[-77.06368,-11.961598],[-77.063769,-11.961614],[-77.064201,-11.961643],[-77.064449,-11.961652],[-77.064767,-11.961661],[-77.064783,-11.961672],[-77.064786,-11.961681],[-77.064785,-11.961722],[-77.064785,-11.961748],[-77.064787,-11.961762],[-77.064801,-11.961765],[-77.064971,-11.961777],[-77.065269,-11.96179],[-77.06554,-11.961807],[-77.065644,-11.961813],[-77.065862,-11.961859],[-77.066301,-11.961982],[-77.066674,-11.962076],[-77.067047,-11.96217],[-77.067419,-11.962264],[-77.067451,-11.962233],[-77.06747,-11.962213],[-77.067559,-11.962266],[-77.067686,-11.962302],[-77.06816,-11.962381],[-77.068633,-11.96246],[-77.06907,-11.962515],[-77.06918,-11.962525],[-77.069255,-11.962527],[-77.069314,-11.962522],[-77.069392,-11.962502],[-77.069429,-11.962532],[-77.069481,-11.962576],[-77.069709,-11.962634],[-77.069931,-11.962699],[-77.070089,-11.962753],[-77.070336,-11.962832],[-77.070399,-11.962773],[-77.07045,-11.962722],[-77.070475,-11.962704],[-77.070517,-11.962774],[-77.070571,-11.962826],[-77.070664,-11.962886],[-77.070743,-11.962929],[-77.07091,-11.963019],[-77.071239,-11.9632],[-77.07169,-11.963448],[-77.071668,-11.963495],[-77.071633,-11.96357],[-77.071703,-11.96361],[-77.07179,-11.963663],[-77.071886,-11.963725],[-77.07195,-11.963765],[-77.072162,-11.963922],[-77.072496,-11.964181],[-77.072746,-11.964388],[-77.072952,-11.964567],[-77.073259,-11.964847],[-77.07353,-11.96512],[-77.0738,-11.965433],[-77.073871,-11.965527],[-77.073938,-11.96561],[-77.074115,-11.965862],[-77.074239,-11.966048],[-77.074393,-11.966299],[-77.074517,-11.966545],[-77.074641,-11.966791],[-77.074733,-11.966983],[-77.074797,-11.967143],[-77.074858,-11.967328],[-77.074928,-11.967533],[-77.074989,-11.96773],[-77.075084,-11.968096],[-77.075185,-11.968524],[-77.075287,-11.968951],[-77.075388,-11.969379],[-77.075489,-11.969806],[-77.075591,-11.970234],[-77.075718,-11.970736],[-77.075845,-11.971238],[-77.075955,-11.971617],[-77.075999,-11.971798],[-77.07604,-11.971986],[-77.07613,-11.972485],[-77.07622,-11.972985],[-77.076315,-11.973426],[-77.076335,-11.973524],[-77.076431,-11.973952],[-77.076527,-11.974381],[-77.076624,-11.974809],[-77.07672,-11.975237],[-77.076816,-11.975665],[-77.076843,-11.975759],[-77.076957,-11.976034],[-77.077064,-11.976274],[-77.077223,-11.97662],[-77.077388,-11.976969],[-77.077553,-11.977319],[-77.07763,-11.97748],[-77.077742,-11.977692],[-77.077806,-11.977745],[-77.077835,-11.977785],[-77.077876,-11.977891],[-77.077903,-11.977996],[-77.077911,-11.978045],[-77.077887,-11.978084],[-77.077845,-11.978114],[-77.077815,-11.978259],[-77.077869,-11.97865],[-77.077923,-11.979041],[-77.077976,-11.979432],[-77.078039,-11.979822],[-77.078102,-11.980211],[-77.078152,-11.980553],[-77.078201,-11.980895],[-77.078279,-11.9814],[-77.078313,-11.981638],[-77.078394,-11.982061],[-77.078443,-11.982374],[-77.078506,-11.982692],[-77.078569,-11.98301],[-77.07859,-11.983145],[-77.078601,-11.983218],[-77.078614,-11.983301],[-77.078632,-11.983456],[-77.078645,-11.983581],[-77.078672,-11.98378],[-77.07871,-11.984055],[-77.078774,-11.984293],[-77.078812,-11.984421],[-77.078848,-11.984521],[-77.078896,-11.984634],[-77.078939,-11.984722],[-77.079187,-11.985149],[-77.079404,-11.9855],[-77.079626,-11.985884],[-77.079849,-11.986269],[-77.080071,-11.986653],[-77.080294,-11.987037],[-77.080468,-11.98737],[-77.080712,-11.98781],[-77.080906,-11.988184],[-77.0811,-11.988559],[-77.081302,-11.988945],[-77.081515,-11.989325],[-77.081675,-11.989566],[-77.081852,-11.989793],[-77.082029,-11.99002],[-77.082248,-11.990244],[-77.082467,-11.990469],[-77.0826,-11.990601],[-77.082704,-11.990695],[-77.082864,-11.990789],[-77.0829,-11.990864],[-77.083018,-11.991107],[-77.083072,-11.991216],[-77.083146,-11.991386],[-77.083232,-11.991502],[-77.083248,-11.991521],[-77.083278,-11.991553],[-77.083386,-11.991699],[-77.08344,-11.991751],[-77.083465,-11.99177],[-77.083429,-11.991825],[-77.083398,-11.991896],[-77.083353,-11.992057],[-77.083356,-11.992235],[-77.083363,-11.992319],[-77.083376,-11.992444],[-77.083403,-11.992632],[-77.083426,-11.992769],[-77.083494,-11.993046],[-77.083538,-11.993251],[-77.08358,-11.993357],[-77.083664,-11.993571],[-77.083744,-11.993755],[-77.083942,-11.994195],[-77.08414,-11.994636],[-77.084338,-11.995077],[-77.084449,-11.995306],[-77.084588,-11.995614],[-77.084651,-11.995769],[-77.084698,-11.995903],[-77.084722,-11.995981],[-77.084751,-11.99608],[-77.084795,-11.99624],[-77.084824,-11.996401],[-77.084852,-11.996496],[-77.084845,-11.996654],[-77.084838,-11.996737],[-77.084836,-11.996829],[-77.084821,-11.997022],[-77.084756,-11.997296],[-77.084692,-11.997571],[-77.084624,-11.997874],[-77.084556,-11.998178],[-77.084436,-11.998687],[-77.084316,-11.999196],[-77.084196,-11.999704],[-77.084077,-12.000213],[-77.083957,-12.000721],[-77.083837,-12.00123],[-77.083717,-12.001739],[-77.083597,-12.002247],[-77.083478,-12.002756],[-77.083389,-12.003138],[-77.083301,-12.00352],[-77.083212,-12.003903],[-77.08312,-12.004303],[-77.083029,-12.004703],[-77.082937,-12.005103],[-77.082846,-12.005504],[-77.082754,-12.005904],[-77.082683,-12.006229],[-77.082611,-12.006554],[-77.082578,-12.006707],[-77.082542,-12.006856],[-77.082515,-12.006978],[-77.082431,-12.007329],[-77.082401,-12.007455],[-77.082371,-12.007571],[-77.082272,-12.007912],[-77.082173,-12.008253],[-77.08207,-12.008609],[-77.081938,-12.008944],[-77.081805,-12.009278],[-77.081593,-12.009678],[-77.081381,-12.010077],[-77.081169,-12.010477],[-77.080956,-12.010877],[-77.080744,-12.011276],[-77.080532,-12.011676],[-77.080422,-12.011904],[-77.080362,-12.012066],[-77.080325,-12.012236],[-77.080316,-12.012372],[-77.080319,-12.012407],[-77.080323,-12.012437],[-77.080326,-12.012469],[-77.080347,-12.012549],[-77.080289,-12.012646],[-77.080187,-12.012817],[-77.080148,-12.012882],[-77.08004,-12.012938],[-77.079944,-12.012985],[-77.079913,-12.013017],[-77.079886,-12.013044],[-77.079785,-12.013155],[-77.079682,-12.013325],[-77.079447,-12.013761],[-77.079353,-12.013936],[-77.0792,-12.014228],[-77.078937,-12.0147],[-77.078674,-12.015171],[-77.078443,-12.015603],[-77.078212,-12.016035],[-77.077981,-12.016466],[-77.077758,-12.016902],[-77.077536,-12.017338],[-77.077445,-12.017473],[-77.077314,-12.017717],[-77.077183,-12.01796],[-77.076947,-12.018403],[-77.076712,-12.018846],[-77.076476,-12.019289],[-77.076419,-12.019394],[-77.0762,-12.019783],[-77.075981,-12.020173],[-77.075762,-12.020563],[-77.075643,-12.020788],[-77.075539,-12.020887],[-77.075355,-12.021224],[-77.075172,-12.02156],[-77.074988,-12.021896],[-77.074904,-12.022052],[-77.074855,-12.022143],[-77.074789,-12.022278],[-77.074685,-12.022546],[-77.074644,-12.02267],[-77.074618,-12.022785],[-77.074588,-12.022923],[-77.074567,-12.023092],[-77.074559,-12.023214],[-77.074556,-12.023352],[-77.074565,-12.023554],[-77.074576,-12.023682],[-77.074594,-12.023791],[-77.07461,-12.023874],[-77.074633,-12.023978],[-77.074668,-12.02411],[-77.074742,-12.024333],[-77.074912,-12.02477],[-77.075082,-12.0252],[-77.075197,-12.025472],[-77.075231,-12.025536],[-77.075271,-12.025579],[-77.075332,-12.025623],[-77.075527,-12.025745],[-77.075589,-12.025823],[-77.075655,-12.02592],[-77.075757,-12.026049],[-77.075787,-12.026171],[-77.075784,-12.026303],[-77.075776,-12.026356],[-77.075765,-12.026431],[-77.075723,-12.026466],[-77.075677,-12.026495],[-77.07556,-12.026526],[-77.075467,-12.026563],[-77.075408,-12.026582],[-77.075368,-12.02657],[-77.075335,-12.026561],[-77.075442,-12.026678],[-77.075519,-12.026806],[-77.07562,-12.027063],[-77.075643,-12.027123],[-77.075802,-12.027517],[-77.075961,-12.027911],[-77.07612,-12.028305],[-77.076307,-12.028759],[-77.076495,-12.029214],[-77.076523,-12.029281],[-77.076575,-12.029401],[-77.07659,-12.029436],[-77.076684,-12.029657],[-77.076726,-12.02977],[-77.076908,-12.030264],[-77.076984,-12.03047],[-77.077073,-12.030694],[-77.077089,-12.030733],[-77.07722,-12.0311],[-77.077234,-12.031139],[-77.077371,-12.031535],[-77.077381,-12.031562],[-77.077425,-12.031685],[-77.07745,-12.031757],[-77.077529,-12.031979],[-77.077564,-12.032075],[-77.077651,-12.032322],[-77.077732,-12.032538],[-77.07783,-12.0328],[-77.077928,-12.033062],[-77.077946,-12.03311],[-77.078114,-12.033563],[-77.078127,-12.033598],[-77.07826,-12.034024],[-77.078269,-12.034131],[-77.078279,-12.034355],[-77.078257,-12.034537],[-77.078213,-12.034678],[-77.078159,-12.034798],[-77.078057,-12.034993],[-77.078026,-12.035049],[-77.077776,-12.035501],[-77.077768,-12.035515],[-77.077758,-12.035534],[-77.077691,-12.035585],[-77.077648,-12.035607],[-77.077584,-12.035635],[-77.077563,-12.03566],[-77.077532,-12.0357],[-77.077486,-12.035784],[-77.077465,-12.035846],[-77.077455,-12.035912],[-77.07746,-12.035927],[-77.077475,-12.035949],[-77.077497,-12.035966],[-77.077512,-12.035993],[-77.077516,-12.036032],[-77.077491,-12.036447],[-77.077442,-12.036945],[-77.077387,-12.037447],[-77.077369,-12.037679],[-77.077354,-12.037842],[-77.077344,-12.037945],[-77.077332,-12.038068],[-77.077298,-12.038422],[-77.077288,-12.038521],[-77.077282,-12.038581],[-77.077274,-12.038669],[-77.077269,-12.038719],[-77.077229,-12.039226],[-77.077181,-12.039724],[-77.077132,-12.040221],[-77.077107,-12.040479],[-77.077076,-12.040793],[-77.077028,-12.041278],[-77.076989,-12.041694],[-77.07697,-12.041879],[-77.076957,-12.04202],[-77.076923,-12.042436],[-77.07689,-12.042852],[-77.076859,-12.043191],[-77.076827,-12.04353],[-77.076819,-12.043626],[-77.076784,-12.044057],[-77.076749,-12.044488],[-77.076746,-12.044529],[-77.076697,-12.044969],[-77.076648,-12.045408],[-77.076618,-12.045766],[-77.076587,-12.046124],[-77.076565,-12.046385],[-77.076565,-12.046414],[-77.076566,-12.046464],[-77.076566,-12.046547],[-77.076567,-12.0466],[-77.076573,-12.046619],[-77.076601,-12.046641],[-77.076648,-12.046689],[-77.076664,-12.046764],[-77.076723,-12.046834],[-77.076752,-12.046875],[-77.076759,-12.046947],[-77.076759,-12.04705],[-77.07676,-12.047251],[-77.076757,-12.047425],[-77.076776,-12.04754],[-77.076807,-12.047643],[-77.076831,-12.047705],[-77.077038,-12.048068],[-77.077188,-12.048292],[-77.077357,-12.048576],[-77.077384,-12.048618],[-77.077544,-12.048899],[-77.077704,-12.049179],[-77.077733,-12.049262],[-77.077744,-12.04934],[-77.077743,-12.049406],[-77.077723,-12.049479],[-77.077694,-12.049545],[-77.07775,-12.04958],[-77.077934,-12.049715],[-77.077933,-12.049732],[-77.077918,-12.049849],[-77.07791,-12.049911],[-77.077876,-12.050168],[-77.077868,-12.05023],[-77.07802,-12.050247],[-77.078295,-12.050279],[-77.078319,-12.050281],[-77.078356,-12.050286],[-77.078383,-12.050289],[-77.078417,-12.050357],[-77.078437,-12.050401],[-77.07837,-12.05046],[-77.078357,-12.05052],[-77.07835,-12.050564],[-77.078323,-12.050732],[-77.078282,-12.051023],[-77.078223,-12.051059],[-77.07821,-12.051183],[-77.078214,-12.051342],[-77.078247,-12.051489],[-77.078253,-12.051513],[-77.078346,-12.051726],[-77.078473,-12.051933],[-77.078741,-12.05235],[-77.078897,-12.052593],[-77.079035,-12.052808],[-77.079188,-12.053047],[-77.079341,-12.053285],[-77.079513,-12.053554],[-77.079641,-12.053756],[-77.079873,-12.054123],[-77.079941,-12.054229],[-77.080228,-12.054672],[-77.080252,-12.054713],[-77.080416,-12.054986],[-77.080546,-12.055173],[-77.080612,-12.055268],[-77.08078,-12.055392],[-77.080914,-12.05549],[-77.08096,-12.055538],[-77.080926,-12.055619],[-77.08088,-12.055686],[-77.080905,-12.055799],[-77.080905,-12.055828],[-77.080901,-12.055867],[-77.080888,-12.055921],[-77.080873,-12.055974],[-77.080853,-12.056027],[-77.080836,-12.056059],[-77.080816,-12.056081],[-77.080634,-12.056219],[-77.080528,-12.056307],[-77.080372,-12.056467],[-77.080289,-12.056567],[-77.080163,-12.056737],[-77.080096,-12.056852],[-77.080009,-12.057013],[-77.079958,-12.057117],[-77.079941,-12.057151],[-77.079889,-12.057267],[-77.079839,-12.057403],[-77.079796,-12.057522],[-77.07967,-12.058025],[-77.079544,-12.058528],[-77.079418,-12.059031],[-77.079292,-12.059534],[-77.079184,-12.05996],[-77.079162,-12.060037],[-77.079097,-12.060329],[-77.079092,-12.06035],[-77.079081,-12.060393],[-77.079103,-12.06041],[-77.079057,-12.060741],[-77.079038,-12.060857],[-77.078979,-12.061209],[-77.078862,-12.06166],[-77.078745,-12.06211],[-77.078731,-12.062171],[-77.0787,-12.062179],[-77.078604,-12.062575],[-77.078615,-12.062618],[-77.07854,-12.062915],[-77.078446,-12.063308],[-77.078352,-12.063702],[-77.078259,-12.064095],[-77.078254,-12.064128],[-77.078238,-12.064231],[-77.078227,-12.064297],[-77.078161,-12.064654],[-77.078095,-12.06501],[-77.078007,-12.065531],[-77.077966,-12.06582],[-77.077925,-12.066109],[-77.077881,-12.066527],[-77.077845,-12.066963],[-77.077823,-12.067386],[-77.077813,-12.067832],[-77.077803,-12.068279],[-77.077805,-12.068317],[-77.077804,-12.068368],[-77.077807,-12.068441],[-77.077811,-12.06857],[-77.077822,-12.068908],[-77.077856,-12.069344],[-77.077865,-12.069513],[-77.077867,-12.069647],[-77.077919,-12.069973],[-77.078,-12.070381],[-77.078012,-12.07044],[-77.078037,-12.070577],[-77.078131,-12.07097],[-77.078225,-12.071363],[-77.078319,-12.071756],[-77.078371,-12.072148],[-77.078407,-12.072529],[-77.078442,-12.072909],[-77.078576,-12.073352],[-77.078696,-12.073606],[-77.078912,-12.073964],[-77.0792,-12.074302],[-77.079432,-12.074553],[-77.079664,-12.074804],[-77.079691,-12.074833],[-77.079731,-12.074879],[-77.079748,-12.074899],[-77.079771,-12.074925],[-77.079821,-12.074979],[-77.079844,-12.075011],[-77.079971,-12.075176],[-77.080144,-12.075424],[-77.080283,-12.075623],[-77.080409,-12.075857],[-77.080475,-12.075971],[-77.080554,-12.076192],[-77.080617,-12.076343],[-77.080647,-12.076411],[-77.080673,-12.076464],[-77.0808,-12.076766],[-77.080867,-12.076909],[-77.08092,-12.077024],[-77.080971,-12.077124],[-77.081077,-12.077326],[-77.081088,-12.077326],[-77.081099,-12.07733],[-77.081108,-12.077337],[-77.081114,-12.077346],[-77.081117,-12.077357],[-77.081122,-12.077367],[-77.081128,-12.077377],[-77.081181,-12.077442],[-77.081186,-12.077453],[-77.081187,-12.077466],[-77.081186,-12.077478],[-77.081151,-12.0776],[-77.081151,-12.077606],[-77.081151,-12.077611],[-77.081153,-12.077616],[-77.08116,-12.077634],[-77.081163,-12.077641],[-77.081162,-12.077649],[-77.081159,-12.077656],[-77.081154,-12.077661],[-77.081148,-12.077665],[-77.081137,-12.07767],[-77.081133,-12.077673],[-77.081129,-12.077677],[-77.081127,-12.077681],[-77.08106,-12.077921],[-77.081055,-12.077931],[-77.081048,-12.077941],[-77.081037,-12.077948],[-77.081,-12.077957]]}},{"type":"Feature","properties":{"id":"universitaria_2","name":"Ciclovía Universitaria","type":"segregada","km":6.807,"osm_ways":1},"geometry":{"type":"LineString","coordinates":[[-77.079652,-12.012352],[-77.079695,-12.012327],[-77.079825,-12.012201],[-77.079952,-12.012009],[-77.080003,-12.011911],[-77.080201,-12.011547],[-77.080398,-12.011183],[-77.080569,-12.010848],[-77.080741,-12.010514],[-77.080912,-12.010179],[-77.081135,-12.009744],[-77.08135,-12.009301],[-77.081495,-12.00898],[-77.08164,-12.008659],[-77.081781,-12.008325],[-77.081876,-12.007972],[-77.081971,-12.007618],[-77.082069,-12.007212],[-77.082165,-12.006812],[-77.082195,-12.006687],[-77.082232,-12.006533],[-77.082341,-12.006043],[-77.08245,-12.005552],[-77.08256,-12.005062],[-77.082653,-12.004656],[-77.082746,-12.00425],[-77.08284,-12.003844],[-77.082929,-12.003459],[-77.083018,-12.003074],[-77.083107,-12.002688],[-77.083118,-12.002643],[-77.08314,-12.002544],[-77.083243,-12.002084],[-77.083346,-12.001625],[-77.083449,-12.001165],[-77.083552,-12.000706],[-77.083655,-12.000247],[-77.083758,-11.999787],[-77.083872,-11.999292],[-77.083987,-11.998798],[-77.084101,-11.998303],[-77.084216,-11.997808],[-77.08433,-11.997313],[-77.084444,-11.996818],[-77.084463,-11.996741],[-77.08448,-11.996604],[-77.084473,-11.996485],[-77.084456,-11.996352],[-77.084452,-11.996324],[-77.084438,-11.996228],[-77.084428,-11.996189],[-77.084387,-11.996021],[-77.084369,-11.995973],[-77.084354,-11.995939],[-77.084218,-11.995636],[-77.084171,-11.995529],[-77.08412,-11.995423],[-77.084075,-11.995317],[-77.083967,-11.995117],[-77.083796,-11.994783],[-77.083667,-11.994509],[-77.083538,-11.994236],[-77.083375,-11.993864],[-77.083254,-11.993603],[-77.083164,-11.99343],[-77.083108,-11.993336],[-77.082983,-11.993166],[-77.082723,-11.99284],[-77.082532,-11.992594],[-77.082342,-11.992348],[-77.082227,-11.992224],[-77.082048,-11.992035],[-77.081955,-11.991952],[-77.081797,-11.991847],[-77.081651,-11.991765],[-77.081637,-11.991758],[-77.081653,-11.991724],[-77.081719,-11.991581],[-77.081724,-11.991562],[-77.081685,-11.991464],[-77.081655,-11.991383],[-77.081619,-11.991286],[-77.0816,-11.991235],[-77.081537,-11.991065],[-77.081468,-11.990768],[-77.081444,-11.990676],[-77.081425,-11.99056],[-77.081418,-11.990531],[-77.081421,-11.990405],[-77.081414,-11.990341],[-77.081408,-11.990311],[-77.081392,-11.990225],[-77.081379,-11.990161],[-77.08135,-11.990031],[-77.081296,-11.989809],[-77.081254,-11.989636],[-77.081214,-11.989539],[-77.08115,-11.989386],[-77.080998,-11.989093],[-77.08082,-11.988774],[-77.08059,-11.988366],[-77.080416,-11.988032],[-77.080242,-11.987699],[-77.080007,-11.987247],[-77.079841,-11.986927],[-77.079674,-11.986636],[-77.079562,-11.986442],[-77.079359,-11.986031],[-77.079198,-11.985758],[-77.078977,-11.985371],[-77.078887,-11.985203],[-77.078812,-11.98506],[-77.078648,-11.984705],[-77.078584,-11.984544],[-77.07845,-11.984167],[-77.078376,-11.984014],[-77.07834,-11.983904],[-77.078296,-11.98377],[-77.078221,-11.983532],[-77.078209,-11.983488],[-77.078172,-11.983346],[-77.078162,-11.983303],[-77.078141,-11.983206],[-77.078134,-11.983178],[-77.078123,-11.983045],[-77.078121,-11.98303],[-77.078125,-11.982972],[-77.078136,-11.982887],[-77.078065,-11.982437],[-77.078009,-11.982101],[-77.078006,-11.982069],[-77.077978,-11.981926],[-77.07793,-11.981716],[-77.077875,-11.981554],[-77.07778,-11.981335],[-77.077746,-11.981213],[-77.077716,-11.98107],[-77.077641,-11.980865],[-77.077491,-11.980435],[-77.077404,-11.980147],[-77.07736,-11.979897],[-77.077337,-11.979791],[-77.077269,-11.979632],[-77.077207,-11.979473],[-77.077097,-11.97916],[-77.076969,-11.978783],[-77.07682,-11.978342],[-77.076781,-11.978346],[-77.076705,-11.978332],[-77.076664,-11.978303],[-77.07665,-11.978264],[-77.076633,-11.978167],[-77.076613,-11.97806],[-77.076608,-11.97802],[-77.076686,-11.977936],[-77.076661,-11.977732],[-77.076613,-11.977336],[-77.076599,-11.977129],[-77.076599,-11.976948],[-77.076599,-11.976757],[-77.076595,-11.976375],[-77.076587,-11.97624],[-77.076575,-11.976107],[-77.076537,-11.975871],[-77.076425,-11.975375],[-77.076316,-11.974916],[-77.076208,-11.974457],[-77.076099,-11.973998],[-77.07599,-11.973539],[-77.075986,-11.973522],[-77.075895,-11.973148],[-77.075804,-11.972775],[-77.075784,-11.972692],[-77.075673,-11.972309],[-77.075602,-11.972085],[-77.075565,-11.971911],[-77.075469,-11.971461],[-77.075374,-11.971012],[-77.075278,-11.970562],[-77.075161,-11.970063],[-77.075058,-11.969589],[-77.074956,-11.969111],[-77.074854,-11.968633],[-77.074753,-11.968155],[-77.074689,-11.967893],[-77.074656,-11.967784],[-77.074605,-11.967636],[-77.074446,-11.96723],[-77.07432,-11.96693],[-77.07422,-11.966737],[-77.074139,-11.966586],[-77.073874,-11.966149],[-77.073792,-11.966016],[-77.073657,-11.965828],[-77.073427,-11.965553],[-77.073235,-11.965336],[-77.073023,-11.965099],[-77.072801,-11.964886],[-77.072523,-11.964649],[-77.072128,-11.964357],[-77.071732,-11.964079],[-77.07152,-11.96396],[-77.071369,-11.96387],[-77.071357,-11.963863],[-77.07088,-11.963595],[-77.070744,-11.963541],[-77.070644,-11.963515],[-77.07053,-11.963494],[-77.070526,-11.963441],[-77.070519,-11.9634],[-77.070174,-11.96314],[-77.069845,-11.962974],[-77.069663,-11.962897],[-77.069454,-11.962834],[-77.069245,-11.962784],[-77.069208,-11.962826],[-77.069182,-11.962856],[-77.069034,-11.96281],[-77.068944,-11.962794],[-77.068578,-11.962738],[-77.06807,-11.962663],[-77.067562,-11.962587],[-77.0675,-11.962585],[-77.067411,-11.962602],[-77.067334,-11.962616],[-77.067318,-11.962585],[-77.067287,-11.962504],[-77.066879,-11.962436],[-77.066501,-11.962372],[-77.066123,-11.962308],[-77.06609,-11.962347],[-77.066064,-11.96238],[-77.066036,-11.96243],[-77.066023,-11.962442],[-77.066009,-11.962445],[-77.065984,-11.962436],[-77.065833,-11.962358],[-77.065754,-11.962334],[-77.065552,-11.962302],[-77.065142,-11.962234],[-77.064621,-11.962147],[-77.064509,-11.962129],[-77.064365,-11.962067],[-77.064299,-11.9621],[-77.064251,-11.962136],[-77.064234,-11.962153],[-77.064097,-11.96208],[-77.063984,-11.962041],[-77.063862,-11.962022],[-77.063785,-11.961979],[-77.063717,-11.961917],[-77.063489,-11.961877]]}},{"type":"Feature","properties":{"id":"universitaria_3","name":"Ciclovía Universitaria","type":"segregada","km":0.214,"osm_ways":1},"geometry":{"type":"LineString","coordinates":[[-77.079913,-12.013017],[-77.07986,-12.013008],[-77.07942,-12.012939],[-77.079363,-12.012929],[-77.079312,-12.012849],[-77.079327,-12.012771],[-77.079362,-12.012704],[-77.079444,-12.012542],[-77.079481,-12.01247],[-77.079631,-12.012355],[-77.079652,-12.012352],[-77.079755,-12.012362],[-77.080236,-12.012422],[-77.080323,-12.012437]]}},{"type":"Feature","properties":{"id":"universitaria_4","name":"Ciclovía Universitaria","type":"segregada","km":1.681,"osm_ways":2},"geometry":{"type":"LineString","coordinates":[[-77.075335,-12.026561],[-77.075274,-12.026544],[-77.075168,-12.026524],[-77.075091,-12.02651],[-77.075045,-12.026463],[-77.07502,-12.026394],[-77.074963,-12.026217],[-77.074961,-12.026124],[-77.074972,-12.026043],[-77.074983,-12.025985],[-77.075002,-12.025928],[-77.075042,-12.025686],[-77.075035,-12.02554],[-77.074926,-12.025259],[-77.074747,-12.024825],[-77.074577,-12.024405],[-77.074518,-12.024229],[-77.074481,-12.02411],[-77.074451,-12.023991],[-77.074413,-12.023797],[-77.074394,-12.023667],[-77.074388,-12.023543],[-77.074388,-12.02329],[-77.074397,-12.023121],[-77.074411,-12.022957],[-77.074432,-12.022825],[-77.074458,-12.022701],[-77.074469,-12.022616],[-77.074528,-12.022475],[-77.074579,-12.022352],[-77.074623,-12.022238],[-77.074645,-12.022184],[-77.074742,-12.021995],[-77.074925,-12.021654],[-77.075107,-12.021312],[-77.075289,-12.02097],[-77.075331,-12.020864],[-77.075462,-12.020534],[-77.075512,-12.020442],[-77.07572,-12.020056],[-77.075929,-12.01967],[-77.076137,-12.019284],[-77.076201,-12.019173],[-77.076434,-12.018719],[-77.076667,-12.018265],[-77.0769,-12.017811],[-77.077036,-12.017533],[-77.077172,-12.017255],[-77.077202,-12.01717],[-77.077437,-12.016706],[-77.077671,-12.016241],[-77.077918,-12.015797],[-77.078171,-12.015323],[-77.078423,-12.01485],[-77.078676,-12.014376],[-77.078811,-12.014127],[-77.078946,-12.013878],[-77.079105,-12.0136],[-77.079264,-12.013323],[-77.079305,-12.01324],[-77.079326,-12.013156],[-77.079344,-12.013075],[-77.079361,-12.012963],[-77.079363,-12.012929]]}},{"type":"Feature","properties":{"id":"universitaria_5","name":"Ciclovía Universitaria","type":"segregada","km":2.803,"osm_ways":6},"geometry":{"type":"LineString","coordinates":[[-77.075765,-12.026431],[-77.075748,-12.026526],[-77.075735,-12.026691],[-77.075814,-12.027008],[-77.075957,-12.027379],[-77.0761,-12.02775],[-77.076112,-12.027781],[-77.07629,-12.028205],[-77.076424,-12.028527],[-77.076559,-12.028848],[-77.076657,-12.029084],[-77.076706,-12.029227],[-77.076711,-12.029265],[-77.076718,-12.029334],[-77.076738,-12.029393],[-77.076745,-12.029413],[-77.07683,-12.029664],[-77.076867,-12.029767],[-77.077,-12.030133],[-77.077067,-12.030339],[-77.077128,-12.030526],[-77.077315,-12.031002],[-77.077323,-12.031024],[-77.077426,-12.031298],[-77.077529,-12.031572],[-77.077562,-12.031646],[-77.077578,-12.031682],[-77.077682,-12.03172],[-77.077688,-12.031744],[-77.077702,-12.031797],[-77.077742,-12.031954],[-77.077753,-12.031996],[-77.077719,-12.032034],[-77.077721,-12.032065],[-77.077724,-12.032093],[-77.077869,-12.032492],[-77.078015,-12.03289],[-77.07803,-12.032932],[-77.078161,-12.033274],[-77.078292,-12.033616],[-77.078307,-12.033663],[-77.07841,-12.033971],[-77.078442,-12.034147],[-77.078452,-12.03437],[-77.07842,-12.034569],[-77.07841,-12.034626],[-77.078353,-12.034852],[-77.078311,-12.034972],[-77.078331,-12.035021],[-77.07832,-12.035045],[-77.078308,-12.035072],[-77.078253,-12.035105],[-77.078224,-12.03516],[-77.077977,-12.035614],[-77.077972,-12.035651],[-77.077996,-12.035685],[-77.078011,-12.035705],[-77.078045,-12.035724],[-77.078033,-12.035747],[-77.07797,-12.035886],[-77.077899,-12.035979],[-77.077864,-12.036003],[-77.077812,-12.03605],[-77.077754,-12.036055],[-77.077737,-12.036083],[-77.077688,-12.036493],[-77.077674,-12.036654],[-77.077649,-12.036884],[-77.077623,-12.037171],[-77.077596,-12.037458],[-77.07757,-12.037746],[-77.077559,-12.037875],[-77.077526,-12.038207],[-77.077493,-12.038539],[-77.077487,-12.038599],[-77.077484,-12.038628],[-77.077483,-12.03864],[-77.07748,-12.038693],[-77.077455,-12.038961],[-77.07744,-12.03914],[-77.077405,-12.039545],[-77.077402,-12.039574],[-77.077356,-12.040062],[-77.07731,-12.040551],[-77.077277,-12.040904],[-77.077246,-12.041229],[-77.077216,-12.041554],[-77.077205,-12.041711],[-77.077183,-12.041896],[-77.077172,-12.042018],[-77.077145,-12.042309],[-77.077136,-12.042393],[-77.077128,-12.042502],[-77.077114,-12.042659],[-77.077077,-12.043102],[-77.07707,-12.043187],[-77.077042,-12.043522],[-77.077026,-12.043687],[-77.076985,-12.044098],[-77.076944,-12.044508],[-77.076941,-12.044536],[-77.07691,-12.044908],[-77.076879,-12.045281],[-77.076838,-12.045803],[-77.076797,-12.046326],[-77.076802,-12.046378],[-77.076804,-12.046393],[-77.076815,-12.046402],[-77.076855,-12.046437],[-77.07687,-12.046492],[-77.076893,-12.046578],[-77.076914,-12.046658],[-77.076932,-12.046726],[-77.076957,-12.046817],[-77.076964,-12.046846],[-77.076954,-12.046942],[-77.076999,-12.047135],[-77.07712,-12.047519],[-77.077146,-12.0476],[-77.077233,-12.047752],[-77.077415,-12.048069],[-77.077538,-12.048283],[-77.077663,-12.048497],[-77.077741,-12.048633],[-77.07792,-12.04897],[-77.078026,-12.049159],[-77.078061,-12.049168],[-77.078157,-12.049322],[-77.078199,-12.049387],[-77.078205,-12.049438],[-77.078333,-12.049625],[-77.078464,-12.049743],[-77.078472,-12.049769],[-77.078463,-12.049785],[-77.078414,-12.049805],[-77.078379,-12.049816],[-77.078259,-12.049791],[-77.078011,-12.049733],[-77.077934,-12.049715]]}},{"type":"Feature","properties":{"id":"vallejo","name":"Ciclovía Vallejo","type":"segregada","km":1.762,"osm_ways":3},"geometry":{"type":"LineString","coordinates":[[-76.931733,-12.210452],[-76.931785,-12.210479],[-76.931878,-12.210528],[-76.931964,-12.210573],[-76.932213,-12.210717],[-76.932462,-12.210861],[-76.932702,-12.210999],[-76.932941,-12.211138],[-76.933033,-12.211137],[-76.933106,-12.211136],[-76.933169,-12.211172],[-76.933428,-12.211318],[-76.933686,-12.211464],[-76.933943,-12.211615],[-76.934199,-12.211767],[-76.934254,-12.211802],[-76.934291,-12.211826],[-76.934353,-12.211866],[-76.93443,-12.211915],[-76.934774,-12.212115],[-76.935117,-12.212314],[-76.935322,-12.212433],[-76.935363,-12.212457],[-76.935386,-12.21247],[-76.935416,-12.212488],[-76.935471,-12.212557],[-76.935637,-12.212653],[-76.935716,-12.212701],[-76.935778,-12.212742],[-76.93582,-12.212763],[-76.935886,-12.212808],[-76.935889,-12.21281],[-76.935993,-12.212818],[-76.936255,-12.21296],[-76.936281,-12.212981],[-76.936311,-12.213007],[-76.93638,-12.213051],[-76.936617,-12.213185],[-76.936643,-12.2132],[-76.936652,-12.213205],[-76.93672,-12.213244],[-76.936773,-12.213276],[-76.936843,-12.213317],[-76.936858,-12.213325],[-76.93729,-12.213567],[-76.937408,-12.213633],[-76.93743,-12.213652],[-76.937444,-12.21367],[-76.937454,-12.213691],[-76.937483,-12.213794],[-76.937499,-12.21385],[-76.937513,-12.213884],[-76.937534,-12.213915],[-76.937557,-12.213937],[-76.937583,-12.213955],[-76.937769,-12.214069],[-76.937808,-12.214072],[-76.937849,-12.214095],[-76.937902,-12.214123],[-76.937957,-12.214155],[-76.938007,-12.214201],[-76.938354,-12.214404],[-76.938594,-12.214544],[-76.938834,-12.214685],[-76.938847,-12.21469],[-76.938901,-12.214711],[-76.93897,-12.214733],[-76.939026,-12.214764],[-76.939081,-12.214787],[-76.939171,-12.214836],[-76.939237,-12.214872],[-76.93925,-12.21488],[-76.939278,-12.214903],[-76.939322,-12.214968],[-76.939616,-12.21514],[-76.93991,-12.215312],[-76.940283,-12.215509],[-76.940326,-12.215532],[-76.94041,-12.21558],[-76.940441,-12.21561],[-76.940529,-12.215675],[-76.940697,-12.215769],[-76.941036,-12.21597],[-76.941375,-12.216171],[-76.941475,-12.216201],[-76.941518,-12.216226],[-76.941573,-12.216259],[-76.941659,-12.216309],[-76.941702,-12.216361],[-76.941904,-12.216476],[-76.942181,-12.216639],[-76.942365,-12.216746],[-76.94247,-12.216808],[-76.942705,-12.216945],[-76.942746,-12.216968],[-76.942834,-12.217023],[-76.943044,-12.217145],[-76.943325,-12.217309],[-76.943607,-12.217474],[-76.943714,-12.217537],[-76.943732,-12.217545],[-76.943748,-12.217548],[-76.943775,-12.217551],[-76.943811,-12.217548],[-76.943894,-12.217526],[-76.943959,-12.217512],[-76.944034,-12.217497],[-76.944123,-12.217549],[-76.944479,-12.217757],[-76.944835,-12.217966],[-76.94519,-12.218174],[-76.94523,-12.218229],[-76.945328,-12.218283],[-76.945512,-12.21839]]}},{"type":"Feature","properties":{"id":"velasco_astete_2","name":"Ciclovía Velasco Astete","type":"segregada","km":0.269,"osm_ways":2},"geometry":{"type":"LineString","coordinates":[[-76.984716,-12.108015],[-76.984673,-12.108547],[-76.98463,-12.109079],[-76.984588,-12.109611],[-76.98457,-12.109911],[-76.984553,-12.11021],[-76.984601,-12.110285],[-76.984592,-12.110414]]}},{"type":"Feature","properties":{"id":"venecia","name":"Ciclovía Venecia","type":"segregada","km":0.089,"osm_ways":3},"geometry":{"type":"LineString","coordinates":[[-77.036711,-12.126076],[-77.036677,-12.126059],[-77.03665,-12.126044],[-77.036628,-12.126037],[-77.036607,-12.126033],[-77.036335,-12.126034],[-77.035968,-12.126038],[-77.035903,-12.126038]]}},{"type":"Feature","properties":{"id":"victor_malasquez","name":"Ciclovía Víctor Malásquez","type":"segregada","km":1.902,"osm_ways":1},"geometry":{"type":"LineString","coordinates":[[-76.875567,-12.106466],[-76.875438,-12.106932],[-76.875364,-12.107196],[-76.875289,-12.10746],[-76.875148,-12.107961],[-76.875006,-12.108462],[-76.874968,-12.108603],[-76.874937,-12.108719],[-76.874816,-12.109151],[-76.874695,-12.109582],[-76.874617,-12.109861],[-76.874538,-12.11014],[-76.874433,-12.110511],[-76.874328,-12.110883],[-76.874239,-12.111199],[-76.87415,-12.111516],[-76.874046,-12.111891],[-76.873897,-12.112385],[-76.87382,-12.112621],[-76.873789,-12.112728],[-76.873766,-12.112794],[-76.873656,-12.113191],[-76.873547,-12.113588],[-76.873443,-12.113959],[-76.87334,-12.114331],[-76.873233,-12.114732],[-76.873191,-12.114885],[-76.873177,-12.114939],[-76.87316,-12.115033],[-76.873132,-12.115254],[-76.873105,-12.115647],[-76.873077,-12.116039],[-76.873069,-12.116134],[-76.873058,-12.116262],[-76.873024,-12.116643],[-76.872991,-12.117023],[-76.872982,-12.117153],[-76.872974,-12.117262],[-76.872971,-12.117306],[-76.872987,-12.117402],[-76.872994,-12.11746],[-76.87299,-12.11752],[-76.872981,-12.117577],[-76.87295,-12.117662],[-76.872926,-12.117762],[-76.872915,-12.117832],[-76.872893,-12.118103],[-76.872871,-12.118373],[-76.872841,-12.118707],[-76.872811,-12.119041],[-76.872798,-12.119188],[-76.872789,-12.119276],[-76.872762,-12.119568],[-76.872735,-12.119861],[-76.872701,-12.120244],[-76.872666,-12.120627],[-76.872633,-12.121052],[-76.872629,-12.121089],[-76.872615,-12.121208],[-76.872604,-12.121331],[-76.872564,-12.121771],[-76.872525,-12.122211],[-76.872515,-12.122312],[-76.872481,-12.122714],[-76.872446,-12.123115],[-76.872438,-12.123212]]}},{"type":"Feature","properties":{"id":"de_las_letras_2","name":"Ciclovía de las Letras","type":"segregada","km":0.204,"osm_ways":1},"geometry":{"type":"LineString","coordinates":[[-77.003897,-12.086893],[-77.003979,-12.086905],[-77.004503,-12.086981],[-77.005027,-12.087057],[-77.005551,-12.087133],[-77.005583,-12.087136],[-77.005691,-12.087149],[-77.005724,-12.08715],[-77.005749,-12.087148]]}},{"type":"Feature","properties":{"id":"sin_nombre","name":"Ciclovía sin nombre","type":"carril","km":0.115,"osm_ways":4},"geometry":{"type":"LineString","coordinates":[[-77.063489,-11.961877],[-77.06336,-11.961859],[-77.063113,-11.961822],[-77.063114,-11.961791],[-77.063149,-11.961657],[-77.063171,-11.961571],[-77.06319,-11.961479],[-77.063411,-11.961522],[-77.0635,-11.96154]]}},{"type":"Feature","properties":{"id":"sin_nombre_2","name":"Ciclovía sin nombre","type":"compartida","km":0.303,"osm_ways":4},"geometry":{"type":"LineString","coordinates":[[-77.059724,-12.105138],[-77.059656,-12.104992],[-77.059436,-12.104875],[-77.059453,-12.104846],[-77.059468,-12.10482],[-77.059488,-12.104759],[-77.059492,-12.104676],[-77.059473,-12.104596],[-77.059431,-12.104524],[-77.059371,-12.104465],[-77.0593,-12.104427],[-77.059248,-12.104415],[-77.05922,-12.104408],[-77.059139,-12.104411],[-77.059061,-12.104435],[-77.058921,-12.104151],[-77.05875,-12.103778],[-77.058579,-12.103405],[-77.058408,-12.103032]]}},{"type":"Feature","properties":{"id":"sin_nombre_3","name":"Ciclovía sin nombre","type":"compartida","km":0.113,"osm_ways":1},"geometry":{"type":"LineString","coordinates":[[-77.080884,-12.059442],[-77.080704,-12.059397],[-77.080613,-12.059744],[-77.080522,-12.060091],[-77.080509,-12.060141],[-77.080495,-12.060207]]}},{"type":"Feature","properties":{"id":"sin_nombre_4","name":"Ciclovía sin nombre","type":"compartida","km":0.099,"osm_ways":2},"geometry":{"type":"LineString","coordinates":[[-77.084607,-12.053895],[-77.084655,-12.053887],[-77.084792,-12.053803],[-77.084875,-12.053776],[-77.084953,-12.053764],[-77.085045,-12.053755],[-77.085122,-12.05375],[-77.085191,-12.053744],[-77.085215,-12.053735],[-77.085226,-12.05366],[-77.085232,-12.053607],[-77.085257,-12.053477]]}},{"type":"Feature","properties":{"id":"sin_nombre_5","name":"Ciclovía sin nombre","type":"compartida","km":0.099,"osm_ways":1},"geometry":{"type":"LineString","coordinates":[[-77.077633,-12.056307],[-77.077595,-12.056264],[-77.077536,-12.056204],[-77.077402,-12.056106],[-77.077287,-12.056066],[-77.077473,-12.05574],[-77.077509,-12.055656]]}},{"type":"Feature","properties":{"id":"sin_nombre_6","name":"Ciclovía sin nombre","type":"compartida","km":0.095,"osm_ways":1},"geometry":{"type":"LineString","coordinates":[[-77.076975,-12.056263],[-77.076796,-12.056279],[-77.076255,-12.056218],[-77.076207,-12.056204],[-77.0762,-12.0562],[-77.076163,-12.056183],[-77.07612,-12.056162]]}},{"type":"Feature","properties":{"id":"sin_nombre_7","name":"Ciclovía sin nombre","type":"compartida","km":0.135,"osm_ways":1},"geometry":{"type":"LineString","coordinates":[[-77.077287,-12.056066],[-77.077192,-12.056065],[-77.07711,-12.056097],[-77.077027,-12.056162],[-77.076975,-12.056263],[-77.077176,-12.05646],[-77.077453,-12.056784],[-77.077472,-12.056799],[-77.077535,-12.056871]]}},{"type":"Feature","properties":{"id":"sin_nombre_8","name":"Ciclovía sin nombre","type":"compartida","km":0.117,"osm_ways":2},"geometry":{"type":"LineString","coordinates":[[-77.079651,-12.05635],[-77.079444,-12.056557],[-77.079237,-12.056763],[-77.079249,-12.056805],[-77.079236,-12.056847],[-77.079201,-12.056875],[-77.079159,-12.05688],[-77.07911,-12.056852],[-77.079093,-12.056801],[-77.079114,-12.056752],[-77.079155,-12.05673],[-77.079201,-12.056734],[-77.079237,-12.056763]]}},{"type":"Feature","properties":{"id":"sin_nombre_9","name":"Ciclovía sin nombre","type":"compartida","km":0.094,"osm_ways":1},"geometry":{"type":"LineString","coordinates":[[-77.081685,-12.054466],[-77.081908,-12.05483],[-77.082132,-12.055194]]}},{"type":"Feature","properties":{"id":"sin_nombre_10","name":"Ciclovía sin nombre","type":"compartida","km":0.095,"osm_ways":1},"geometry":{"type":"LineString","coordinates":[[-77.081849,-12.054363],[-77.082078,-12.054726],[-77.082307,-12.05509]]}},{"type":"Feature","properties":{"id":"sin_nombre_11","name":"Ciclovía sin nombre","type":"compartida","km":0.416,"osm_ways":2},"geometry":{"type":"LineString","coordinates":[[-77.027915,-12.135526],[-77.027929,-12.135511],[-77.028053,-12.135376],[-77.028196,-12.13521],[-77.028315,-12.135119],[-77.028345,-12.13504],[-77.028377,-12.134952],[-77.028396,-12.134855],[-77.028424,-12.134704],[-77.028448,-12.134609],[-77.028477,-12.134545],[-77.02852,-12.134481],[-77.028562,-12.134423],[-77.02864,-12.134359],[-77.028702,-12.134317],[-77.028757,-12.134268],[-77.028789,-12.134244],[-77.028831,-12.134177],[-77.028835,-12.134173],[-77.028845,-12.134162],[-77.028852,-12.134154],[-77.02892,-12.134096],[-77.028957,-12.134044],[-77.028975,-12.133997],[-77.028983,-12.133976],[-77.028949,-12.133994],[-77.028921,-12.134009],[-77.028848,-12.134019],[-77.028785,-12.134037],[-77.028742,-12.134045],[-77.028711,-12.134055],[-77.028683,-12.13408],[-77.028648,-12.134114],[-77.028613,-12.134141],[-77.02854,-12.13419],[-77.028492,-12.134229],[-77.028467,-12.134257],[-77.028432,-12.134288],[-77.028417,-12.134319],[-77.02841,-12.13437],[-77.028396,-12.134409],[-77.028375,-12.134464],[-77.028356,-12.13451],[-77.028329,-12.134588],[-77.028303,-12.134687],[-77.028283,-12.134736],[-77.028264,-12.134787],[-77.028239,-12.134828],[-77.028198,-12.134874],[-77.028159,-12.134901],[-77.028113,-12.134908],[-77.028058,-12.134883],[-77.027982,-12.134837],[-77.027928,-12.134795],[-77.027867,-12.134761],[-77.027752,-12.134688],[-77.027733,-12.134675]]}},{"type":"Feature","properties":{"id":"sin_nombre_12","name":"Ciclovía sin nombre","type":"compartida","km":0.3,"osm_ways":1},"geometry":{"type":"LineString","coordinates":[[-77.084527,-12.058778],[-77.084461,-12.058736],[-77.084378,-12.058743],[-77.084325,-12.058747],[-77.084204,-12.058773],[-77.084078,-12.058787],[-77.083909,-12.058846],[-77.083817,-12.05888],[-77.08369,-12.058873],[-77.083572,-12.058905],[-77.083434,-12.058922],[-77.083338,-12.058923],[-77.083108,-12.058914],[-77.082926,-12.058858],[-77.082741,-12.058788],[-77.082609,-12.0587],[-77.082448,-12.058561],[-77.082341,-12.058417],[-77.082097,-12.058665]]}},{"type":"Feature","properties":{"id":"sin_nombre_13","name":"Ciclovía sin nombre","type":"compartida","km":0.397,"osm_ways":3},"geometry":{"type":"LineString","coordinates":[[-77.084235,-12.058917],[-77.08429,-12.058894],[-77.08441,-12.058845],[-77.084419,-12.058841],[-77.084527,-12.058778],[-77.0846,-12.05874],[-77.084769,-12.058651],[-77.084806,-12.058605],[-77.084921,-12.058485],[-77.085219,-12.058315],[-77.085546,-12.058125],[-77.085604,-12.058098],[-77.085643,-12.058069],[-77.085674,-12.058024],[-77.0857,-12.057966],[-77.085723,-12.057899],[-77.085729,-12.057868],[-77.085729,-12.057826],[-77.085717,-12.057794],[-77.08567,-12.057685],[-77.085585,-12.057465],[-77.085504,-12.057251],[-77.085472,-12.057174],[-77.085352,-12.056873],[-77.085291,-12.056714],[-77.085154,-12.0564],[-77.085081,-12.056273]]}},{"type":"Feature","properties":{"id":"sin_nombre_14","name":"Ciclovía sin nombre","type":"compartida","km":0.476,"osm_ways":1},"geometry":{"type":"LineString","coordinates":[[-77.029063,-12.119882],[-77.029077,-12.12012],[-77.029086,-12.120342],[-77.029096,-12.120811],[-77.029098,-12.120874],[-77.029108,-12.120899],[-77.029125,-12.121008],[-77.029126,-12.121341],[-77.029152,-12.121412],[-77.029185,-12.121434],[-77.029238,-12.121438],[-77.029291,-12.121411],[-77.029571,-12.121266],[-77.029977,-12.12106],[-77.030046,-12.121022],[-77.030109,-12.120915],[-77.029954,-12.120711],[-77.02994,-12.120693],[-77.029656,-12.120281],[-77.029472,-12.120033],[-77.029288,-12.119786],[-77.029241,-12.119833],[-77.029221,-12.119846],[-77.029088,-12.119879],[-77.029063,-12.119882]]}},{"type":"Feature","properties":{"id":"sin_nombre_15","name":"Ciclovía sin nombre","type":"compartida","km":0.144,"osm_ways":1},"geometry":{"type":"LineString","coordinates":[[-77.077953,-11.978149],[-77.077845,-11.978114],[-77.077755,-11.978151],[-77.07731,-11.978244],[-77.076864,-11.978338],[-77.07682,-11.978342],[-77.076739,-11.978476]]}},{"type":"Feature","properties":{"id":"sin_nombre_16","name":"Ciclovía sin nombre","type":"compartida","km":0.088,"osm_ways":2},"geometry":{"type":"LineString","coordinates":[[-77.042123,-12.07001],[-77.042452,-12.070349],[-77.042548,-12.070453],[-77.042668,-12.070593]]}},{"type":"Feature","properties":{"id":"sin_nombre_17","name":"Ciclovía sin nombre","type":"compartida","km":0.545,"osm_ways":18},"geometry":{"type":"LineString","coordinates":[[-77.042842,-12.047011],[-77.04274,-12.047007],[-77.042638,-12.046999],[-77.042553,-12.046992],[-77.042535,-12.046991],[-77.042542,-12.046912],[-77.042542,-12.046891],[-77.042537,-12.046874],[-77.042526,-12.046866],[-77.042498,-12.046849],[-77.042466,-12.046827],[-77.042423,-12.04679],[-77.042398,-12.046762],[-77.042385,-12.046744],[-77.04237,-12.046741],[-77.042355,-12.046748],[-77.042336,-12.046762],[-77.042289,-12.046795],[-77.042263,-12.046758],[-77.042215,-12.046688],[-77.0422,-12.046664],[-77.042263,-12.046627],[-77.042278,-12.046614],[-77.04228,-12.046599],[-77.042277,-12.046579],[-77.042264,-12.046555],[-77.042253,-12.046527],[-77.042245,-12.046485],[-77.042238,-12.046451],[-77.04223,-12.046412],[-77.042228,-12.046384],[-77.042223,-12.046368],[-77.042208,-12.046361],[-77.042128,-12.046356],[-77.042127,-12.046307],[-77.042128,-12.046275],[-77.042206,-12.046277],[-77.042232,-12.046275],[-77.04225,-12.046264],[-77.042259,-12.046247],[-77.042268,-12.046222],[-77.042275,-12.046185],[-77.042289,-12.04614],[-77.042304,-12.046114],[-77.042325,-12.046081],[-77.042358,-12.046033],[-77.042382,-12.046003],[-77.042406,-12.045979],[-77.042441,-12.045951],[-77.042476,-12.045927],[-77.04252,-12.045904],[-77.042556,-12.04588],[-77.042603,-12.045858],[-77.042624,-12.045846],[-77.042638,-12.04582],[-77.042653,-12.04578],[-77.042658,-12.045743],[-77.04266,-12.045729],[-77.042689,-12.045734],[-77.042741,-12.045734],[-77.042851,-12.045739],[-77.042944,-12.045743],[-77.042984,-12.045746],[-77.043039,-12.04575],[-77.043029,-12.045856],[-77.043029,-12.045897],[-77.043038,-12.045911],[-77.043061,-12.045932],[-77.043084,-12.045944],[-77.043103,-12.045955],[-77.04314,-12.045988],[-77.043158,-12.046],[-77.04317,-12.046],[-77.043191,-12.045995],[-77.043263,-12.045939],[-77.043285,-12.045972],[-77.043318,-12.046009],[-77.043262,-12.046056],[-77.043249,-12.046072],[-77.043247,-12.046091],[-77.043248,-12.046101],[-77.043255,-12.046115],[-77.043273,-12.046148],[-77.043287,-12.046189],[-77.043301,-12.046236],[-77.043309,-12.046269],[-77.043317,-12.046292],[-77.043325,-12.046306],[-77.043336,-12.046312],[-77.043361,-12.046318],[-77.043453,-12.046328],[-77.043448,-12.046386],[-77.04344,-12.04647],[-77.043437,-12.046554],[-77.04332,-12.046541],[-77.04329,-12.046546],[-77.043277,-12.046556],[-77.043267,-12.046579],[-77.043256,-12.046604],[-77.043231,-12.046644],[-77.04321,-12.046668],[-77.043187,-12.046685],[-77.04318,-12.046695],[-77.043178,-12.046708],[-77.043183,-12.046719],[-77.043269,-12.0468],[-77.043232,-12.046839],[-77.04318,-12.046899],[-77.043127,-12.046844],[-77.043115,-12.046837],[-77.043098,-12.046832],[-77.043083,-12.046832],[-77.043061,-12.046843],[-77.043042,-12.046859],[-77.04302,-12.04688],[-77.043001,-12.046893],[-77.042978,-12.046903],[-77.042947,-12.046911],[-77.042914,-12.04692],[-77.042895,-12.046919],[-77.042889,-12.046932],[-77.042887,-12.04695],[-77.042887,-12.047015],[-77.042862,-12.047015],[-77.042842,-12.047011]]}},{"type":"Feature","properties":{"id":"sin_nombre_18","name":"Ciclovía sin nombre","type":"compartida","km":0.099,"osm_ways":1},"geometry":{"type":"LineString","coordinates":[[-77.079137,-12.057043],[-77.079118,-12.057192],[-77.079075,-12.057522],[-77.079032,-12.057852],[-77.079023,-12.057922]]}},{"type":"Feature","properties":{"id":"sin_nombre_19","name":"Ciclovía sin nombre","type":"compartida","km":0.208,"osm_ways":19},"geometry":{"type":"LineString","coordinates":[[-77.000049,-12.111485],[-76.999989,-12.11151],[-76.999962,-12.111536],[-76.99996,-12.111553],[-76.999957,-12.111581],[-76.999951,-12.11164],[-76.999944,-12.111692],[-76.999938,-12.111742],[-76.999933,-12.111777],[-76.999926,-12.111835],[-76.999923,-12.111862],[-76.999918,-12.111884],[-76.99991,-12.111928],[-76.999961,-12.111938],[-77.000014,-12.111949],[-77.000074,-12.111955],[-77.000207,-12.111969],[-77.000282,-12.111977],[-77.000346,-12.111983],[-77.000402,-12.11193],[-77.000442,-12.111928],[-77.000443,-12.111902],[-77.000454,-12.111816],[-77.000456,-12.111776],[-77.000463,-12.111717],[-77.000466,-12.111677],[-77.000473,-12.11161],[-77.000476,-12.111578],[-77.000458,-12.111576],[-77.000464,-12.111529],[-77.000442,-12.111526],[-77.000348,-12.111515],[-77.000306,-12.111511],[-77.000244,-12.111505],[-77.000149,-12.111495],[-77.000092,-12.11149],[-77.000049,-12.111485]]}},{"type":"Feature","properties":{"id":"sin_nombre_20","name":"Ciclovía sin nombre","type":"compartida","km":0.15,"osm_ways":4},"geometry":{"type":"LineString","coordinates":[[-77.064339,-12.091365],[-77.064116,-12.091542],[-77.064085,-12.091567],[-77.064049,-12.091519],[-77.064029,-12.091497],[-77.063941,-12.09139],[-77.063918,-12.09136],[-77.063886,-12.091323],[-77.063917,-12.091299],[-77.064138,-12.091122],[-77.064174,-12.091097],[-77.064204,-12.091133],[-77.064218,-12.09115],[-77.064317,-12.091271],[-77.064337,-12.091295],[-77.064372,-12.091337],[-77.064339,-12.091365]]}},{"type":"Feature","properties":{"id":"sin_nombre_21","name":"Ciclovía sin nombre","type":"compartida","km":0.535,"osm_ways":1},"geometry":{"type":"LineString","coordinates":[[-77.08739,-12.040622],[-77.087108,-12.040482],[-77.086827,-12.040342],[-77.086394,-12.040126],[-77.085962,-12.039911],[-77.085762,-12.039828],[-77.08559,-12.039756],[-77.085308,-12.039656],[-77.084892,-12.039521],[-77.08475,-12.039473],[-77.084663,-12.039445],[-77.084309,-12.039358],[-77.08386,-12.039265],[-77.083626,-12.039231],[-77.083338,-12.03919],[-77.083048,-12.039159],[-77.082759,-12.039127]]}},{"type":"Feature","properties":{"id":"sin_nombre_22","name":"Ciclovía sin nombre","type":"compartida","km":0.116,"osm_ways":1},"geometry":{"type":"LineString","coordinates":[[-76.948506,-12.213126],[-76.94855,-12.213142],[-76.948585,-12.213161],[-76.948626,-12.2132],[-76.948637,-12.213215],[-76.948651,-12.213254],[-76.948652,-12.213283],[-76.948638,-12.213329],[-76.948608,-12.213384],[-76.948573,-12.213428],[-76.94854,-12.213457],[-76.948509,-12.213469],[-76.948476,-12.21348],[-76.948441,-12.213479],[-76.948428,-12.213475],[-76.948422,-12.213472],[-76.948378,-12.213448],[-76.948349,-12.21342],[-76.948331,-12.213401],[-76.948317,-12.21337],[-76.948316,-12.213347],[-76.94832,-12.213314],[-76.948372,-12.213206],[-76.948407,-12.213166],[-76.94844,-12.213139],[-76.948461,-12.213128],[-76.948485,-12.213125],[-76.948506,-12.213126]]}},{"type":"Feature","properties":{"id":"sin_nombre_23","name":"Ciclovía sin nombre","type":"compartida","km":0.128,"osm_ways":1},"geometry":{"type":"LineString","coordinates":[[-77.077825,-11.977673],[-77.077742,-11.977692],[-77.077647,-11.977714],[-77.0772,-11.977809],[-77.076753,-11.977903],[-77.076686,-11.977936]]}},{"type":"Feature","properties":{"id":"sin_nombre_24","name":"Ciclovía sin nombre","type":"compartida","km":0.169,"osm_ways":1},"geometry":{"type":"LineString","coordinates":[[-77.077453,-12.056784],[-77.077182,-12.056721],[-77.076911,-12.056658],[-77.076615,-12.056594],[-77.076318,-12.05653],[-77.076268,-12.056482],[-77.076186,-12.056257],[-77.076163,-12.056183]]}},{"type":"Feature","properties":{"id":"sin_nombre_25","name":"Ciclovía sin nombre","type":"segregada","km":0.273,"osm_ways":5},"geometry":{"type":"LineString","coordinates":[[-76.984799,-12.089081],[-76.984769,-12.089018],[-76.984749,-12.088981],[-76.98474,-12.088965],[-76.9847,-12.088933],[-76.984706,-12.088833],[-76.984656,-12.088767],[-76.984414,-12.088322],[-76.984269,-12.088109],[-76.984174,-12.087779],[-76.984114,-12.087639],[-76.984082,-12.087551],[-76.98402,-12.087362],[-76.984012,-12.087344],[-76.983937,-12.08712],[-76.983844,-12.08689],[-76.98383,-12.086851]]}},{"type":"Feature","properties":{"id":"sin_nombre_26","name":"Ciclovía sin nombre","type":"segregada","km":2.38,"osm_ways":6},"geometry":{"type":"LineString","coordinates":[[-76.953044,-12.091828],[-76.953035,-12.091849],[-76.952904,-12.092135],[-76.952838,-12.092279],[-76.952793,-12.092375],[-76.952761,-12.092482],[-76.952796,-12.092456],[-76.952819,-12.092422],[-76.952883,-12.092291],[-76.953074,-12.091862],[-76.953083,-12.091843],[-76.953044,-12.091828],[-76.95299,-12.091805],[-76.952907,-12.09177],[-76.952898,-12.09176],[-76.952886,-12.091739],[-76.952861,-12.091712],[-76.952802,-12.091668],[-76.952663,-12.091604],[-76.952194,-12.091393],[-76.952104,-12.09135],[-76.952055,-12.091327],[-76.951942,-12.091273],[-76.951882,-12.091244],[-76.95171,-12.091162],[-76.951698,-12.091156],[-76.951616,-12.091119],[-76.951523,-12.091077],[-76.951238,-12.090946],[-76.951166,-12.090913],[-76.951115,-12.09089],[-76.951019,-12.090847],[-76.950993,-12.090834],[-76.950524,-12.09062],[-76.950392,-12.090557],[-76.950234,-12.090481],[-76.949987,-12.090362],[-76.949953,-12.090345],[-76.949854,-12.090296],[-76.949731,-12.090235],[-76.949362,-12.090056],[-76.94898,-12.089878],[-76.948599,-12.089701],[-76.948218,-12.089524],[-76.948037,-12.089441],[-76.948032,-12.089436],[-76.948032,-12.089429],[-76.948041,-12.08941],[-76.948059,-12.089371],[-76.948058,-12.089361],[-76.94805,-12.089353],[-76.947962,-12.089317],[-76.947899,-12.089291],[-76.947855,-12.089273],[-76.94775,-12.089231],[-76.947517,-12.089134],[-76.947227,-12.089025],[-76.947119,-12.088986],[-76.946613,-12.088802],[-76.946107,-12.088618],[-76.945601,-12.088435],[-76.945125,-12.088255],[-76.945031,-12.08822],[-76.944645,-12.088089],[-76.944226,-12.087937],[-76.944131,-12.08791],[-76.944055,-12.087888],[-76.94382,-12.08781],[-76.943476,-12.087683],[-76.943133,-12.087556],[-76.942885,-12.087466],[-76.94265,-12.087374],[-76.942436,-12.087269],[-76.942223,-12.087148],[-76.941975,-12.086982],[-76.94174,-12.086804],[-76.941592,-12.086686],[-76.941309,-12.086487],[-76.941027,-12.086288],[-76.940606,-12.08595],[-76.940185,-12.085611],[-76.939764,-12.085273],[-76.939343,-12.084935],[-76.938999,-12.084659],[-76.938655,-12.084383],[-76.938311,-12.084107],[-76.937967,-12.083831],[-76.937846,-12.083733],[-76.93746,-12.083418],[-76.937074,-12.083104],[-76.936802,-12.082882],[-76.936658,-12.082764],[-76.936387,-12.082584],[-76.936108,-12.082464],[-76.935816,-12.08236],[-76.93551,-12.082324],[-76.935508,-12.082374]]}},{"type":"Feature","properties":{"id":"sin_nombre_27","name":"Ciclovía sin nombre","type":"segregada","km":1.171,"osm_ways":1},"geometry":{"type":"LineString","coordinates":[[-77.040767,-12.070755],[-77.041003,-12.070686],[-77.041113,-12.070667],[-77.041192,-12.07066],[-77.041271,-12.070644],[-77.041339,-12.070657],[-77.041383,-12.070667],[-77.04144,-12.07069],[-77.041542,-12.070729],[-77.04159,-12.070743],[-77.041638,-12.070752],[-77.041695,-12.070758],[-77.041736,-12.070762],[-77.041782,-12.070756],[-77.042015,-12.070714],[-77.04246,-12.070624],[-77.042558,-12.070609],[-77.042668,-12.070593],[-77.042715,-12.070596],[-77.042807,-12.070599],[-77.042957,-12.070621],[-77.043039,-12.070642],[-77.043132,-12.070681],[-77.043192,-12.0707],[-77.043252,-12.070707],[-77.043356,-12.070714],[-77.043369,-12.070712],[-77.043431,-12.0707],[-77.043464,-12.070694],[-77.043502,-12.070676],[-77.043539,-12.070652],[-77.043572,-12.070613],[-77.043605,-12.070548],[-77.043652,-12.070432],[-77.043686,-12.07035],[-77.043755,-12.070221],[-77.043791,-12.070163],[-77.043813,-12.070127],[-77.043882,-12.070027],[-77.043909,-12.06999],[-77.043948,-12.069937],[-77.043994,-12.069877],[-77.044056,-12.069795],[-77.044138,-12.069691],[-77.044253,-12.069558],[-77.04432,-12.069487],[-77.044332,-12.069471],[-77.04437,-12.069418],[-77.044375,-12.069362],[-77.044378,-12.069269],[-77.044367,-12.069138],[-77.044359,-12.06904],[-77.044324,-12.068848],[-77.044298,-12.068714],[-77.044273,-12.068678],[-77.04422,-12.068626],[-77.044123,-12.068553],[-77.04386,-12.068357],[-77.043613,-12.068167],[-77.043367,-12.067978],[-77.043357,-12.06797],[-77.043275,-12.067908],[-77.043161,-12.067825],[-77.042812,-12.067619],[-77.042623,-12.067485],[-77.042364,-12.067296],[-77.042105,-12.067106],[-77.04184,-12.066911],[-77.041575,-12.066717],[-77.04138,-12.066563],[-77.041049,-12.066312],[-77.040626,-12.065993],[-77.040204,-12.065679],[-77.039782,-12.065365]]}},{"type":"Feature","properties":{"id":"sin_nombre_28","name":"Ciclovía sin nombre","type":"segregada","km":1.07,"osm_ways":3},"geometry":{"type":"LineString","coordinates":[[-77.027305,-12.044395],[-77.027034,-12.044404],[-77.027011,-12.044375],[-77.026982,-12.044337],[-77.026943,-12.044315],[-77.026883,-12.044303],[-77.026844,-12.044294],[-77.026755,-12.044261],[-77.026665,-12.044223],[-77.026599,-12.044208],[-77.026483,-12.044206],[-77.026363,-12.044213],[-77.026051,-12.044239],[-77.025739,-12.044265],[-77.025625,-12.04426],[-77.025378,-12.044221],[-77.025088,-12.04423],[-77.02497,-12.044228],[-77.024682,-12.044248],[-77.02452,-12.044303],[-77.024328,-12.044315],[-77.024136,-12.044301],[-77.023942,-12.044283],[-77.023839,-12.04427],[-77.023734,-12.044252],[-77.0237,-12.044205],[-77.023693,-12.044155],[-77.023724,-12.044097],[-77.023784,-12.044067],[-77.024147,-12.043985],[-77.02452,-12.043933],[-77.0248,-12.043917],[-77.024865,-12.043914],[-77.024992,-12.04391],[-77.025092,-12.043906],[-77.025142,-12.043898],[-77.02527,-12.043871],[-77.025346,-12.043856],[-77.025691,-12.043816],[-77.025773,-12.043805],[-77.025888,-12.04379],[-77.025978,-12.043786],[-77.026192,-12.043781],[-77.026253,-12.043771],[-77.026382,-12.043748],[-77.026557,-12.043712],[-77.026654,-12.043697],[-77.026773,-12.04369],[-77.026937,-12.043687],[-77.027024,-12.043687],[-77.027106,-12.043687],[-77.027202,-12.043694],[-77.027335,-12.043698],[-77.0274,-12.043702],[-77.027805,-12.043721],[-77.027888,-12.043729],[-77.027956,-12.043739],[-77.028076,-12.043746],[-77.028234,-12.043749],[-77.028342,-12.043769],[-77.02846,-12.043763],[-77.028568,-12.043764],[-77.028808,-12.043765],[-77.029035,-12.043772],[-77.029155,-12.04377],[-77.029262,-12.043768],[-77.029337,-12.04376],[-77.029575,-12.043696],[-77.029684,-12.043678]]}},{"type":"Feature","properties":{"id":"sin_nombre_29","name":"Ciclovía sin nombre","type":"segregada","km":0.711,"osm_ways":2},"geometry":{"type":"LineString","coordinates":[[-77.001388,-12.007255],[-77.001376,-12.006855],[-77.001374,-12.006822],[-77.001385,-12.006787],[-77.001411,-12.006756],[-77.001511,-12.006684],[-77.001653,-12.0066],[-77.001704,-12.006578],[-77.001756,-12.006565],[-77.001807,-12.006561],[-77.001853,-12.006567],[-77.0019,-12.006578],[-77.002097,-12.006654],[-77.00237,-12.00677],[-77.002643,-12.006887],[-77.002794,-12.006952],[-77.002876,-12.006997],[-77.002923,-12.007033],[-77.002959,-12.007071],[-77.002989,-12.007115],[-77.003156,-12.00739],[-77.003207,-12.007463],[-77.003315,-12.007608],[-77.003356,-12.00767],[-77.00338,-12.00773],[-77.003389,-12.007786],[-77.003376,-12.007856],[-77.003347,-12.007924],[-77.003236,-12.008075],[-77.003119,-12.00825],[-77.003067,-12.008348],[-77.003001,-12.0085],[-77.002999,-12.008558],[-77.002982,-12.008635],[-77.002946,-12.008711],[-77.002894,-12.008793],[-77.002834,-12.008854],[-77.002688,-12.00899],[-77.002587,-12.009069],[-77.002445,-12.009157],[-77.00221,-12.009249],[-77.002123,-12.009269],[-77.002078,-12.009271],[-77.002028,-12.009271],[-77.00197,-12.009266],[-77.001921,-12.009243],[-77.001877,-12.00922],[-77.00181,-12.009177],[-77.001772,-12.009141],[-77.00174,-12.009104],[-77.001714,-12.009063],[-77.001696,-12.00901],[-77.001668,-12.008891],[-77.001649,-12.00878],[-77.001637,-12.008686],[-77.001612,-12.008582],[-77.001572,-12.008487],[-77.001521,-12.008384],[-77.001492,-12.008314],[-77.001474,-12.008254]]}},{"type":"Feature","properties":{"id":"sin_nombre_30","name":"Ciclovía sin nombre","type":"segregada","km":0.905,"osm_ways":1},"geometry":{"type":"LineString","coordinates":[[-77.038417,-12.126693],[-77.038408,-12.126536],[-77.038402,-12.12644],[-77.038661,-12.12609],[-77.03892,-12.12574],[-77.039248,-12.125361],[-77.03952,-12.125094],[-77.039792,-12.124826],[-77.040059,-12.12465],[-77.040325,-12.124473],[-77.040695,-12.124319],[-77.041051,-12.124173],[-77.041408,-12.124026],[-77.041718,-12.123816],[-77.042028,-12.123605],[-77.042339,-12.123395],[-77.042797,-12.123176],[-77.042875,-12.123139],[-77.043309,-12.122965],[-77.043515,-12.122853],[-77.043796,-12.122683],[-77.044087,-12.122442],[-77.044377,-12.1222],[-77.044698,-12.122077],[-77.044854,-12.12194]]}},{"type":"Feature","properties":{"id":"sin_nombre_31","name":"Ciclovía sin nombre","type":"segregada","km":0.81,"osm_ways":1},"geometry":{"type":"LineString","coordinates":[[-77.031572,-12.06947],[-77.031451,-12.069457],[-77.03113,-12.06942],[-77.03081,-12.069383],[-77.03042,-12.069333],[-77.030151,-12.069299],[-77.030044,-12.069285],[-77.029746,-12.069247],[-77.029304,-12.06919],[-77.028942,-12.069145],[-77.02858,-12.0691],[-77.028455,-12.06908],[-77.028092,-12.069036],[-77.027747,-12.068996],[-77.027429,-12.06896],[-77.027038,-12.068915],[-77.026718,-12.068873],[-77.026399,-12.068832],[-77.026264,-12.068815],[-77.025876,-12.068762],[-77.025488,-12.06871],[-77.025164,-12.068666],[-77.024839,-12.068623],[-77.024551,-12.068587],[-77.024188,-12.068532]]}},{"type":"Feature","properties":{"id":"sin_nombre_32","name":"Ciclovía sin nombre","type":"segregada","km":0.987,"osm_ways":3},"geometry":{"type":"LineString","coordinates":[[-77.10578,-12.054925],[-77.105917,-12.054951],[-77.106212,-12.055016],[-77.106642,-12.055104],[-77.107072,-12.055191],[-77.107502,-12.055279],[-77.107679,-12.055315],[-77.107801,-12.055339],[-77.108331,-12.055452],[-77.10886,-12.055565],[-77.109389,-12.055678],[-77.109918,-12.055791],[-77.110448,-12.055904],[-77.110977,-12.056017],[-77.111506,-12.056129],[-77.112036,-12.056242],[-77.112565,-12.056355],[-77.113031,-12.056451],[-77.113498,-12.056546],[-77.113843,-12.056617],[-77.114189,-12.056688],[-77.114445,-12.056741],[-77.114658,-12.056786]]}},{"type":"Feature","properties":{"id":"sin_nombre_33","name":"Ciclovía sin nombre","type":"segregada","km":0.227,"osm_ways":1},"geometry":{"type":"LineString","coordinates":[[-77.0425,-12.118975],[-77.042086,-12.118984],[-77.041672,-12.118992],[-77.041394,-12.118997],[-77.041116,-12.119003],[-77.040819,-12.119008],[-77.040523,-12.119014],[-77.040415,-12.119016]]}},{"type":"Feature","properties":{"id":"sin_nombre_34","name":"Ciclovía sin nombre","type":"segregada","km":0.517,"osm_ways":1},"geometry":{"type":"LineString","coordinates":[[-77.105759,-12.021858],[-77.10565,-12.021747],[-77.105191,-12.021526],[-77.104733,-12.021305],[-77.104275,-12.021084],[-77.103816,-12.020863],[-77.103358,-12.020642],[-77.1029,-12.02042],[-77.102441,-12.020199],[-77.101983,-12.019978],[-77.101525,-12.019757]]}},{"type":"Feature","properties":{"id":"sin_nombre_35","name":"Ciclovía sin nombre","type":"segregada","km":0.429,"osm_ways":1},"geometry":{"type":"LineString","coordinates":[[-76.942278,-12.060505],[-76.942418,-12.060253],[-76.942559,-12.060002],[-76.942814,-12.059581],[-76.94307,-12.059159],[-76.943325,-12.058738],[-76.943581,-12.058317],[-76.943763,-12.058006],[-76.943945,-12.057696],[-76.944098,-12.057429],[-76.94425,-12.057161]]}},{"type":"Feature","properties":{"id":"sin_nombre_36","name":"Ciclovía sin nombre","type":"segregada","km":2.405,"osm_ways":3},"geometry":{"type":"LineString","coordinates":[[-77.077871,-12.035658],[-77.077996,-12.035685],[-77.078482,-12.035771],[-77.078968,-12.035856],[-77.079454,-12.035942],[-77.079939,-12.036027],[-77.080425,-12.036113],[-77.080911,-12.036198],[-77.081362,-12.036377],[-77.081812,-12.036556],[-77.08231,-12.03665],[-77.082808,-12.036745],[-77.082949,-12.036769],[-77.083317,-12.036835],[-77.083685,-12.036901],[-77.084053,-12.036967],[-77.084447,-12.03704],[-77.084841,-12.037114],[-77.085092,-12.037161],[-77.085555,-12.037251],[-77.086017,-12.037341],[-77.086479,-12.037431],[-77.086962,-12.037525],[-77.08739,-12.037607],[-77.087857,-12.037695],[-77.088196,-12.037758],[-77.088443,-12.037806],[-77.088829,-12.037875],[-77.089133,-12.037937],[-77.089437,-12.037999],[-77.089791,-12.038066],[-77.090188,-12.038141],[-77.090585,-12.038216],[-77.090982,-12.038291],[-77.091025,-12.0383],[-77.091058,-12.038305],[-77.091144,-12.038324],[-77.091235,-12.038341],[-77.091548,-12.038399],[-77.091991,-12.038483],[-77.092504,-12.038581],[-77.093017,-12.038679],[-77.093525,-12.038775],[-77.094032,-12.03887],[-77.094425,-12.038944],[-77.094818,-12.039018],[-77.095198,-12.039089],[-77.095578,-12.03916],[-77.095958,-12.039231],[-77.096381,-12.039313],[-77.096804,-12.039396],[-77.097227,-12.039478],[-77.097674,-12.039571],[-77.098121,-12.039665],[-77.098398,-12.039749],[-77.098691,-12.039868],[-77.098988,-12.040028],[-77.099055,-12.04007],[-77.099102,-12.040098],[-77.099249,-12.040164],[-77.099355,-12.040202],[-77.099436,-12.04019]]}},{"type":"Feature","properties":{"id":"sin_nombre_37","name":"Ciclovía sin nombre","type":"segregada","km":0.531,"osm_ways":1},"geometry":{"type":"LineString","coordinates":[[-77.003001,-12.0085],[-77.002982,-12.008462],[-77.002948,-12.008424],[-77.002876,-12.008344],[-77.002832,-12.008298],[-77.002787,-12.008262],[-77.002713,-12.008217],[-77.002676,-12.008185],[-77.002647,-12.008148],[-77.002623,-12.008103],[-77.002607,-12.008054],[-77.002603,-12.008009],[-77.00261,-12.007964],[-77.002625,-12.007921],[-77.002645,-12.007885],[-77.002677,-12.007852],[-77.002718,-12.007826],[-77.002776,-12.007798],[-77.002845,-12.007765],[-77.002887,-12.007739],[-77.002931,-12.007703],[-77.002977,-12.007644],[-77.003003,-12.007594],[-77.003022,-12.00753],[-77.003028,-12.007472],[-77.003027,-12.007411],[-77.00302,-12.007343],[-77.003003,-12.007288],[-77.002977,-12.007235],[-77.002945,-12.007185],[-77.002902,-12.007136],[-77.002857,-12.007097],[-77.00281,-12.007067],[-77.002761,-12.007045],[-77.002711,-12.007035],[-77.002658,-12.007032],[-77.00259,-12.007035],[-77.00252,-12.007046],[-77.002461,-12.007051],[-77.00241,-12.007049],[-77.00237,-12.007039],[-77.002348,-12.007025],[-77.002333,-12.007014],[-77.002053,-12.006799],[-77.002015,-12.006781],[-77.001969,-12.006768],[-77.001925,-12.006761],[-77.001875,-12.00676],[-77.001817,-12.006768],[-77.001767,-12.006782],[-77.001722,-12.006804],[-77.001677,-12.006837],[-77.001637,-12.006874],[-77.001605,-12.006917],[-77.001584,-12.006961],[-77.001569,-12.007011],[-77.001561,-12.007063],[-77.00156,-12.007106],[-77.001572,-12.007155],[-77.001593,-12.007206],[-77.001619,-12.007248],[-77.001648,-12.007284],[-77.001696,-12.00733],[-77.001748,-12.007364],[-77.001811,-12.007393],[-77.001871,-12.007426],[-77.001908,-12.00746],[-77.001937,-12.007502],[-77.001963,-12.00756],[-77.001971,-12.007616],[-77.001967,-12.007667],[-77.001953,-12.007724],[-77.001921,-12.0078],[-77.001872,-12.007854],[-77.001811,-12.0079],[-77.001751,-12.007942],[-77.001709,-12.007987],[-77.001674,-12.00802],[-77.00162,-12.008052],[-77.001576,-12.008091],[-77.00154,-12.008159]]}},{"type":"Feature","properties":{"id":"sin_nombre_38","name":"Ciclovía sin nombre","type":"segregada","km":0.101,"osm_ways":1},"geometry":{"type":"LineString","coordinates":[[-77.001506,-12.008151],[-77.001512,-12.008113],[-77.00153,-12.008068],[-77.001561,-12.008026],[-77.00172,-12.007858],[-77.001742,-12.007814],[-77.001756,-12.007762],[-77.001759,-12.007716],[-77.001756,-12.00766],[-77.00174,-12.007619],[-77.001707,-12.007578],[-77.001661,-12.007544],[-77.001549,-12.007483],[-77.001502,-12.007442]]}},{"type":"Feature","properties":{"id":"sin_nombre_39","name":"Ciclovía sin nombre","type":"segregada","km":0.225,"osm_ways":1},"geometry":{"type":"LineString","coordinates":[[-77.001529,-12.008263],[-77.001561,-12.008338],[-77.001587,-12.00838],[-77.001614,-12.008419],[-77.00166,-12.008473],[-77.001715,-12.008524],[-77.001779,-12.008578],[-77.001813,-12.008611],[-77.001821,-12.00863],[-77.001822,-12.008651],[-77.001813,-12.008678],[-77.001778,-12.008746],[-77.001765,-12.008775],[-77.001758,-12.008806],[-77.001756,-12.008836],[-77.001758,-12.008871],[-77.001768,-12.008919],[-77.001779,-12.008956],[-77.001802,-12.008997],[-77.001832,-12.009032],[-77.001867,-12.009058],[-77.001916,-12.009086],[-77.001964,-12.009105],[-77.002015,-12.009118],[-77.002072,-12.009122],[-77.002123,-12.009113],[-77.002167,-12.009095],[-77.002198,-12.009076],[-77.002239,-12.009046],[-77.002261,-12.009023],[-77.002293,-12.008979],[-77.002326,-12.008925],[-77.002356,-12.008889],[-77.00241,-12.008863],[-77.00243,-12.008861],[-77.002447,-12.008863],[-77.002489,-12.008874],[-77.002532,-12.008885],[-77.002583,-12.00889],[-77.002632,-12.008892],[-77.002681,-12.008885],[-77.002734,-12.00887],[-77.002834,-12.008854]]}},{"type":"Feature","properties":{"id":"sin_nombre_40","name":"Ciclovía sin nombre","type":"segregada","km":0.089,"osm_ways":1},"geometry":{"type":"LineString","coordinates":[[-77.001317,-12.007494],[-77.001284,-12.007466],[-77.001262,-12.00743],[-77.001253,-12.007389],[-77.001258,-12.007348],[-77.001277,-12.00731],[-77.001307,-12.00728],[-77.001345,-12.007261],[-77.001388,-12.007255],[-77.001431,-12.007263],[-77.001469,-12.007285],[-77.001498,-12.007317],[-77.001514,-12.007358],[-77.001515,-12.007401],[-77.001502,-12.007442],[-77.001476,-12.007476],[-77.001441,-12.0075],[-77.0014,-12.007511],[-77.001357,-12.007509],[-77.001317,-12.007494]]}},{"type":"Feature","properties":{"id":"sin_nombre_41","name":"Ciclovía sin nombre","type":"segregada","km":0.132,"osm_ways":1},"geometry":{"type":"LineString","coordinates":[[-77.002551,-12.010036],[-77.002542,-12.009958],[-77.002518,-12.009887],[-77.002475,-12.009824],[-77.002461,-12.009776],[-77.002454,-12.009713],[-77.00246,-12.009639],[-77.002469,-12.00959],[-77.002498,-12.009434],[-77.002497,-12.009365],[-77.002487,-12.009305],[-77.002472,-12.009249],[-77.002445,-12.009157],[-77.002356,-12.008889]]}},{"type":"Feature","properties":{"id":"sin_nombre_42","name":"Ciclovía sin nombre","type":"segregada","km":0.236,"osm_ways":1},"geometry":{"type":"LineString","coordinates":[[-77.080803,-12.050609],[-77.081051,-12.050653],[-77.081554,-12.050762],[-77.081908,-12.050819],[-77.082262,-12.050876],[-77.082338,-12.050889],[-77.082639,-12.050939],[-77.08294,-12.05099]]}},{"type":"Feature","properties":{"id":"sin_nombre_43","name":"Ciclovía sin nombre","type":"segregada","km":0.256,"osm_ways":1},"geometry":{"type":"LineString","coordinates":[[-77.083451,-12.051083],[-77.083519,-12.051096],[-77.083908,-12.051169],[-77.084297,-12.051242],[-77.084686,-12.051315],[-77.084993,-12.051372],[-77.085299,-12.051429],[-77.08537,-12.051442],[-77.085767,-12.051505]]}},{"type":"Feature","properties":{"id":"sin_nombre_44","name":"Ciclovía sin nombre","type":"segregada","km":0.343,"osm_ways":1},"geometry":{"type":"LineString","coordinates":[[-77.054787,-12.026319],[-77.054357,-12.026033],[-77.053928,-12.025747],[-77.053499,-12.025461],[-77.05309,-12.025193],[-77.052681,-12.024924],[-77.052272,-12.024656],[-77.052173,-12.024591]]}},{"type":"Feature","properties":{"id":"sin_nombre_45","name":"Ciclovía sin nombre","type":"segregada","km":0.452,"osm_ways":3},"geometry":{"type":"LineString","coordinates":[[-77.014749,-12.103062],[-77.014556,-12.103173],[-77.01425,-12.103349],[-77.014116,-12.103435],[-77.014095,-12.103498],[-77.014038,-12.10354],[-77.013869,-12.103577],[-77.013805,-12.103656],[-77.013722,-12.103711],[-77.013671,-12.103711],[-77.013534,-12.103687],[-77.013296,-12.103707],[-77.013124,-12.103703],[-77.012941,-12.103713],[-77.012855,-12.103698],[-77.012806,-12.103699],[-77.012635,-12.103706],[-77.012582,-12.103724],[-77.012448,-12.103666],[-77.012335,-12.103553],[-77.012075,-12.103454],[-77.012027,-12.103504],[-77.012018,-12.103632],[-77.011896,-12.103724],[-77.011743,-12.103638],[-77.011671,-12.103337],[-77.011599,-12.103037]]}},{"type":"Feature","properties":{"id":"sin_nombre_46","name":"Ciclovía sin nombre","type":"segregada","km":0.472,"osm_ways":2},"geometry":{"type":"LineString","coordinates":[[-77.078214,-12.09657],[-77.078247,-12.096554],[-77.078367,-12.096482],[-77.078439,-12.096419],[-77.078572,-12.096261],[-77.078654,-12.096089],[-77.07866,-12.096068],[-77.078705,-12.095901],[-77.078713,-12.09573],[-77.07876,-12.095573],[-77.078785,-12.095527],[-77.078894,-12.095396],[-77.078996,-12.095315],[-77.079091,-12.095262],[-77.079134,-12.095238],[-77.079256,-12.095197],[-77.079295,-12.095197],[-77.079425,-12.095178],[-77.079687,-12.095206],[-77.079896,-12.095215],[-77.080105,-12.095201],[-77.080444,-12.095152],[-77.080734,-12.09504],[-77.081034,-12.094895],[-77.081154,-12.0948],[-77.081209,-12.094745],[-77.081197,-12.094724],[-77.081195,-12.094699],[-77.081203,-12.094676],[-77.081219,-12.094657],[-77.081234,-12.094649],[-77.081241,-12.094646],[-77.081266,-12.094643],[-77.08129,-12.094651],[-77.081309,-12.094667],[-77.081321,-12.094688],[-77.081323,-12.094713],[-77.081315,-12.094736],[-77.081299,-12.094755],[-77.081277,-12.094766],[-77.081252,-12.094769],[-77.081228,-12.094761],[-77.081209,-12.094745]]}},{"type":"Feature","properties":{"id":"sin_nombre_47","name":"Ciclovía sin nombre","type":"segregada","km":1.198,"osm_ways":1},"geometry":{"type":"LineString","coordinates":[[-77.065686,-12.103443],[-77.065935,-12.103342],[-77.066204,-12.103259],[-77.066494,-12.103215],[-77.066774,-12.10319],[-77.067055,-12.103128],[-77.067295,-12.103029],[-77.067503,-12.102885],[-77.067684,-12.102708],[-77.067839,-12.102497],[-77.06792,-12.102391],[-77.06806,-12.102247],[-77.068186,-12.102145],[-77.0683,-12.102084],[-77.068433,-12.102034],[-77.068639,-12.101993],[-77.069022,-12.101957],[-77.069429,-12.101872],[-77.069743,-12.101763],[-77.070076,-12.101616],[-77.070381,-12.101449],[-77.070557,-12.101328],[-77.070668,-12.101252],[-77.070812,-12.101123],[-77.07095,-12.100991],[-77.071211,-12.100708],[-77.071418,-12.100491],[-77.071677,-12.100259],[-77.072015,-12.100038],[-77.07235,-12.09983],[-77.072613,-12.099732],[-77.07305,-12.099626],[-77.073354,-12.099585],[-77.073596,-12.099576],[-77.073708,-12.099557],[-77.073834,-12.099496],[-77.074092,-12.099302],[-77.074423,-12.099124],[-77.074823,-12.098948],[-77.075216,-12.09876],[-77.075244,-12.098743]]}},{"type":"Feature","properties":{"id":"sin_nombre_48","name":"Ciclovía sin nombre","type":"segregada","km":0.49,"osm_ways":1},"geometry":{"type":"LineString","coordinates":[[-76.938022,-12.068968],[-76.938042,-12.068886],[-76.938038,-12.068791],[-76.938051,-12.068687],[-76.938072,-12.068508],[-76.938092,-12.068429],[-76.938138,-12.068359],[-76.938204,-12.068259],[-76.938289,-12.068121],[-76.938373,-12.067915],[-76.938348,-12.067771],[-76.938365,-12.067573],[-76.938441,-12.067457],[-76.938539,-12.067324],[-76.938563,-12.06725],[-76.93858,-12.067183],[-76.938542,-12.066977],[-76.938593,-12.066819],[-76.938674,-12.066678],[-76.938761,-12.066602],[-76.9389,-12.066282],[-76.939009,-12.06595],[-76.939119,-12.065619],[-76.939173,-12.065504],[-76.939308,-12.065314],[-76.939476,-12.065176],[-76.939646,-12.065037]]}},{"type":"Feature","properties":{"id":"sin_nombre_49","name":"Ciclovía sin nombre","type":"segregada","km":0.171,"osm_ways":1},"geometry":{"type":"LineString","coordinates":[[-77.060962,-12.066626],[-77.06101,-12.06661],[-77.061042,-12.06668],[-77.061066,-12.066705],[-77.061098,-12.066716],[-77.061212,-12.066729],[-77.061262,-12.066733],[-77.061344,-12.066751],[-77.061419,-12.066768],[-77.061502,-12.0668],[-77.06157,-12.066831],[-77.061654,-12.066883],[-77.061715,-12.066931],[-77.061765,-12.066978],[-77.061819,-12.067039],[-77.061866,-12.067108],[-77.06191,-12.067191],[-77.061932,-12.067249],[-77.061944,-12.067285],[-77.061954,-12.067326],[-77.061965,-12.067368],[-77.061968,-12.067391],[-77.061974,-12.067409],[-77.061983,-12.067426],[-77.061998,-12.067441],[-77.062018,-12.067453],[-77.062054,-12.067465],[-77.062052,-12.067505]]}},{"type":"Feature","properties":{"id":"sin_nombre_50","name":"Ciclovía sin nombre","type":"segregada","km":0.301,"osm_ways":1},"geometry":{"type":"LineString","coordinates":[[-77.165573,-12.074458],[-77.1655,-12.074427],[-77.16543,-12.074409],[-77.165364,-12.074407],[-77.165319,-12.074406],[-77.165118,-12.074425],[-77.164912,-12.074478],[-77.164697,-12.074547],[-77.164495,-12.074637],[-77.164458,-12.074658],[-77.164314,-12.074743],[-77.163934,-12.075015],[-77.163794,-12.075109],[-77.163664,-12.075181],[-77.163532,-12.075231],[-77.163402,-12.075264],[-77.163269,-12.075277],[-77.163143,-12.075273],[-77.163095,-12.075268],[-77.163037,-12.075259]]}},{"type":"Feature","properties":{"id":"sin_nombre_51","name":"Ciclovía sin nombre","type":"segregada","km":0.145,"osm_ways":1},"geometry":{"type":"LineString","coordinates":[[-77.075277,-12.098648],[-77.075104,-12.098251],[-77.074949,-12.097895],[-77.074794,-12.097538],[-77.074753,-12.097445]]}},{"type":"Feature","properties":{"id":"sin_nombre_52","name":"Ciclovía sin nombre","type":"segregada","km":0.453,"osm_ways":1},"geometry":{"type":"LineString","coordinates":[[-76.940547,-12.064309],[-76.940477,-12.064015],[-76.940417,-12.063813],[-76.940396,-12.063741],[-76.940545,-12.063508],[-76.940695,-12.063275],[-76.940867,-12.062988],[-76.941039,-12.062701],[-76.941183,-12.062457],[-76.941327,-12.062213],[-76.941329,-12.062208],[-76.941533,-12.061865],[-76.941736,-12.061521],[-76.94185,-12.061267],[-76.941935,-12.061078],[-76.94216,-12.060712]]}},{"type":"Feature","properties":{"id":"sin_nombre_53","name":"Ciclovía sin nombre","type":"segregada","km":0.714,"osm_ways":1},"geometry":{"type":"LineString","coordinates":[[-76.934935,-12.089036],[-76.934903,-12.088519],[-76.934871,-12.088002],[-76.934839,-12.087486],[-76.934807,-12.086969],[-76.93479,-12.086509],[-76.934773,-12.086048],[-76.934756,-12.085588],[-76.934739,-12.085128],[-76.934762,-12.085],[-76.934859,-12.084533],[-76.934955,-12.084067],[-76.935052,-12.0836],[-76.935149,-12.083133],[-76.935245,-12.082667]]}},{"type":"Feature","properties":{"id":"sin_nombre_54","name":"Ciclovía sin nombre","type":"segregada","km":0.227,"osm_ways":1},"geometry":{"type":"LineString","coordinates":[[-76.954419,-12.076314],[-76.954476,-12.076188],[-76.954605,-12.075917],[-76.954639,-12.075805],[-76.954714,-12.07565],[-76.954812,-12.075437],[-76.954865,-12.075367],[-76.954992,-12.075102],[-76.955045,-12.07503],[-76.95513,-12.074844],[-76.955147,-12.074807],[-76.955215,-12.074655],[-76.955255,-12.074544],[-76.955286,-12.074465]]}},{"type":"Feature","properties":{"id":"sin_nombre_55","name":"Ciclovía sin nombre","type":"segregada","km":0.124,"osm_ways":1},"geometry":{"type":"LineString","coordinates":[[-77.030255,-12.121075],[-77.030042,-12.121194],[-77.029984,-12.121226],[-77.029964,-12.121228],[-77.029956,-12.121229],[-77.029878,-12.121204],[-77.029805,-12.121184],[-77.029543,-12.121318],[-77.029282,-12.121451],[-77.029252,-12.121455],[-77.029238,-12.121438]]}},{"type":"Feature","properties":{"id":"sin_nombre_56","name":"Ciclovía sin nombre","type":"segregada","km":0.41,"osm_ways":2},"geometry":{"type":"LineString","coordinates":[[-77.034683,-12.04176],[-77.034726,-12.041756],[-77.034789,-12.041769],[-77.034846,-12.041788],[-77.03491,-12.041818],[-77.034976,-12.041859],[-77.035042,-12.041909],[-77.035105,-12.041971],[-77.035172,-12.042059],[-77.035188,-12.042087],[-77.035198,-12.042119],[-77.035201,-12.042148],[-77.035195,-12.04218],[-77.035181,-12.042208],[-77.035156,-12.042234],[-77.035124,-12.042251],[-77.035086,-12.04226],[-77.035039,-12.042252],[-77.03501,-12.042237],[-77.034986,-12.042215],[-77.034969,-12.042185],[-77.034962,-12.042145],[-77.034961,-12.042113],[-77.034954,-12.04206],[-77.034923,-12.041977],[-77.034896,-12.04193],[-77.034862,-12.041885],[-77.03481,-12.041837],[-77.034756,-12.041802],[-77.034711,-12.041781],[-77.034683,-12.04176],[-77.034649,-12.041756],[-77.034524,-12.041757],[-77.034269,-12.041829],[-77.034101,-12.041889],[-77.03401,-12.041921],[-77.033828,-12.041953],[-77.033418,-12.04213],[-77.033008,-12.042308],[-77.032776,-12.042388],[-77.032617,-12.042444]]}},{"type":"Feature","properties":{"id":"sin_nombre_57","name":"Ciclovía sin nombre","type":"segregada","km":0.09,"osm_ways":1},"geometry":{"type":"LineString","coordinates":[[-77.069081,-12.101142],[-77.06912,-12.101226],[-77.069275,-12.101549],[-77.069429,-12.101872]]}},{"type":"Feature","properties":{"id":"sin_nombre_58","name":"Ciclovía sin nombre","type":"segregada","km":2.892,"osm_ways":38},"geometry":{"type":"LineString","coordinates":[[-76.936335,-12.113866],[-76.93638,-12.113903],[-76.936519,-12.114014],[-76.93675,-12.114194],[-76.936981,-12.114374],[-76.937248,-12.114581],[-76.937449,-12.114734],[-76.937547,-12.114811],[-76.937935,-12.115138],[-76.938165,-12.115337],[-76.938395,-12.115537],[-76.938681,-12.115788],[-76.938967,-12.116038],[-76.939005,-12.11607],[-76.939051,-12.116097],[-76.93911,-12.116109],[-76.939156,-12.116111],[-76.939206,-12.1161],[-76.939252,-12.116081],[-76.939299,-12.116049],[-76.939371,-12.115976],[-76.939405,-12.115936],[-76.939434,-12.115903],[-76.939506,-12.115819],[-76.939532,-12.115787],[-76.939564,-12.115749],[-76.939588,-12.11572],[-76.939652,-12.11568],[-76.939817,-12.115482],[-76.939965,-12.115308],[-76.940118,-12.115127],[-76.940225,-12.115007],[-76.940284,-12.114941],[-76.940429,-12.114766],[-76.940494,-12.114688],[-76.940527,-12.114648],[-76.940564,-12.114603],[-76.940572,-12.114594],[-76.94073,-12.114406],[-76.940916,-12.114191],[-76.941116,-12.113957],[-76.94116,-12.113902],[-76.941322,-12.113666],[-76.941336,-12.113644],[-76.941394,-12.113548],[-76.941525,-12.113321],[-76.941564,-12.113249],[-76.941579,-12.113215],[-76.941602,-12.113163],[-76.941626,-12.113112],[-76.941722,-12.112875],[-76.941843,-12.112579],[-76.941866,-12.112523],[-76.941865,-12.112456],[-76.941895,-12.112385],[-76.94194,-12.11234],[-76.942073,-12.112015],[-76.942205,-12.111689],[-76.942274,-12.111519],[-76.942403,-12.111206],[-76.942421,-12.111164],[-76.942431,-12.111142],[-76.942461,-12.111081],[-76.942492,-12.111018],[-76.942574,-12.110842],[-76.942602,-12.110786],[-76.942706,-12.110573],[-76.942737,-12.110511],[-76.942765,-12.110454],[-76.942879,-12.110216],[-76.942906,-12.110159],[-76.942937,-12.110098],[-76.942912,-12.110056],[-76.942947,-12.109985],[-76.942996,-12.109977],[-76.94303,-12.109907],[-76.943097,-12.109768],[-76.943138,-12.109689],[-76.943234,-12.109503],[-76.943341,-12.109326],[-76.943403,-12.109229],[-76.943566,-12.108996],[-76.943662,-12.108869],[-76.943742,-12.108769],[-76.943798,-12.108709],[-76.94385,-12.108649],[-76.943964,-12.108527],[-76.944067,-12.10843],[-76.944158,-12.108349],[-76.944276,-12.108246],[-76.944429,-12.108125],[-76.944498,-12.108074],[-76.944673,-12.107954],[-76.944707,-12.107931],[-76.944761,-12.107894],[-76.944828,-12.107852],[-76.944907,-12.107802],[-76.945193,-12.107619],[-76.945228,-12.107597],[-76.945585,-12.107367],[-76.945606,-12.107341],[-76.945648,-12.107313],[-76.94569,-12.107286],[-76.945722,-12.107279],[-76.945835,-12.107198],[-76.945957,-12.107105],[-76.946067,-12.107013],[-76.946146,-12.106938],[-76.946218,-12.106869],[-76.946311,-12.106774],[-76.946431,-12.106645],[-76.946565,-12.106481],[-76.946683,-12.106322],[-76.946789,-12.106162],[-76.946826,-12.106104],[-76.947003,-12.105792],[-76.947024,-12.105755],[-76.947044,-12.105718],[-76.94728,-12.105303],[-76.947426,-12.105046],[-76.94745,-12.105005],[-76.94747,-12.104969],[-76.947637,-12.104678],[-76.947885,-12.104243],[-76.947893,-12.104208],[-76.947907,-12.104181],[-76.94792,-12.104157],[-76.947933,-12.104134],[-76.94794,-12.10413],[-76.94795,-12.104131],[-76.947957,-12.104135],[-76.947982,-12.104148],[-76.948009,-12.104162],[-76.94802,-12.104169],[-76.948038,-12.104173],[-76.948058,-12.104169],[-76.948075,-12.104164],[-76.94809,-12.104156],[-76.9481,-12.104142],[-76.948104,-12.104125],[-76.948108,-12.104112],[-76.948115,-12.104099],[-76.948123,-12.104086],[-76.948129,-12.104078],[-76.948146,-12.104054],[-76.948164,-12.104032],[-76.948202,-12.103982],[-76.948222,-12.103956],[-76.94824,-12.103932],[-76.948247,-12.103923],[-76.94826,-12.103905],[-76.948267,-12.103892],[-76.948269,-12.103881],[-76.948265,-12.103869],[-76.948259,-12.10386],[-76.948248,-12.10385],[-76.948232,-12.103837],[-76.948226,-12.103833],[-76.948204,-12.103815],[-76.948163,-12.103783],[-76.948156,-12.103773],[-76.948156,-12.103766],[-76.948158,-12.103759],[-76.948161,-12.103754],[-76.948227,-12.103669],[-76.948235,-12.103661],[-76.948244,-12.103658],[-76.948257,-12.103655],[-76.948268,-12.103651],[-76.948278,-12.103643],[-76.948471,-12.103402],[-76.948663,-12.103162],[-76.948664,-12.103149],[-76.948655,-12.103117],[-76.948657,-12.103108],[-76.948704,-12.103048],[-76.948713,-12.103044],[-76.94875,-12.103037],[-76.948763,-12.103033],[-76.948783,-12.103009],[-76.94888,-12.102888],[-76.948942,-12.10281],[-76.948944,-12.102798],[-76.948937,-12.102764],[-76.948941,-12.102749],[-76.949013,-12.102659],[-76.949025,-12.102654],[-76.949057,-12.102654],[-76.949067,-12.102651],[-76.949095,-12.10261],[-76.949125,-12.102549],[-76.949262,-12.102104],[-76.949269,-12.10208],[-76.949295,-12.102002],[-76.949329,-12.101904],[-76.949335,-12.101889],[-76.949374,-12.101794],[-76.949384,-12.101672],[-76.949394,-12.101647],[-76.94941,-12.101611],[-76.94945,-12.10152],[-76.949481,-12.101448],[-76.949493,-12.101419],[-76.949708,-12.100955],[-76.949913,-12.100494],[-76.950064,-12.100156],[-76.950216,-12.099817],[-76.950268,-12.099697],[-76.950305,-12.099668],[-76.950364,-12.099529],[-76.950387,-12.099475],[-76.95042,-12.099401],[-76.950474,-12.099285],[-76.950501,-12.099228],[-76.950512,-12.099203],[-76.950559,-12.099152],[-76.950634,-12.098987],[-76.950632,-12.098943],[-76.950629,-12.098896],[-76.950777,-12.098564],[-76.950926,-12.098232],[-76.950969,-12.098185],[-76.951037,-12.098033],[-76.951027,-12.098026],[-76.951021,-12.09801],[-76.951027,-12.097993],[-76.951042,-12.097984],[-76.951059,-12.097985],[-76.951072,-12.097997],[-76.951075,-12.098014],[-76.951067,-12.098029],[-76.951051,-12.098036],[-76.951037,-12.098033]]}},{"type":"Feature","properties":{"id":"sin_nombre_59","name":"Ciclovía sin nombre","type":"segregada","km":0.465,"osm_ways":1},"geometry":{"type":"LineString","coordinates":[[-76.970275,-12.232871],[-76.970288,-12.232826],[-76.970603,-12.232693],[-76.971007,-12.232534],[-76.971254,-12.232425],[-76.971617,-12.232252],[-76.971855,-12.232144],[-76.972099,-12.232028],[-76.972384,-12.231904],[-76.97256,-12.231817],[-76.972812,-12.231672],[-76.973084,-12.231524],[-76.973131,-12.23151],[-76.973184,-12.231508],[-76.973234,-12.231493],[-76.973265,-12.231478],[-76.973301,-12.231447],[-76.973332,-12.23139],[-76.973373,-12.231325],[-76.973454,-12.231256],[-76.97353,-12.231216],[-76.9736,-12.231191],[-76.973693,-12.231179],[-76.973754,-12.231185],[-76.973836,-12.231186],[-76.973886,-12.231174],[-76.973922,-12.231148],[-76.973949,-12.231118],[-76.973987,-12.231093],[-76.974014,-12.231084],[-76.974049,-12.231084]]}},{"type":"Feature","properties":{"id":"sin_nombre_60","name":"Ciclovía sin nombre","type":"segregada","km":0.38,"osm_ways":1},"geometry":{"type":"LineString","coordinates":[[-76.969379,-12.233283],[-76.96934,-12.233272],[-76.969181,-12.233345],[-76.969118,-12.233387],[-76.969056,-12.233438],[-76.969001,-12.233486],[-76.968953,-12.233512],[-76.968878,-12.233535],[-76.968681,-12.233549],[-76.968581,-12.233569],[-76.968483,-12.233607],[-76.968383,-12.233655],[-76.968266,-12.233757],[-76.968189,-12.23383],[-76.968112,-12.233884],[-76.968032,-12.233907],[-76.967925,-12.23392],[-76.967811,-12.233942],[-76.967647,-12.234013],[-76.967397,-12.234128],[-76.967147,-12.234242],[-76.966747,-12.234417],[-76.966348,-12.234592],[-76.966297,-12.234617],[-76.966285,-12.234588],[-76.966269,-12.234557]]}},{"type":"Feature","properties":{"id":"sin_nombre_61","name":"Ciclovía sin nombre","type":"segregada","km":0.279,"osm_ways":2},"geometry":{"type":"LineString","coordinates":[[-76.935421,-12.195227],[-76.935319,-12.195416],[-76.935723,-12.195656],[-76.935967,-12.1958],[-76.936211,-12.195945],[-76.936294,-12.196002],[-76.9364,-12.19608],[-76.936774,-12.196285],[-76.936795,-12.196296],[-76.937124,-12.196476],[-76.937229,-12.196535],[-76.937332,-12.196594]]}},{"type":"Feature","properties":{"id":"sin_nombre_62","name":"Ciclovía sin nombre","type":"segregada","km":0.451,"osm_ways":1},"geometry":{"type":"LineString","coordinates":[[-76.957199,-12.207622],[-76.957388,-12.207291],[-76.957578,-12.20696],[-76.957768,-12.206629],[-76.957845,-12.206494],[-76.95792,-12.206364],[-76.958138,-12.205983],[-76.958356,-12.205602],[-76.958574,-12.205222],[-76.958703,-12.204997],[-76.958869,-12.204708],[-76.958882,-12.204688],[-76.958898,-12.204672],[-76.958926,-12.204653],[-76.958958,-12.204641],[-76.959262,-12.204592],[-76.959567,-12.204543]]}},{"type":"Feature","properties":{"id":"sin_nombre_63","name":"Ciclovía sin nombre","type":"segregada","km":0.376,"osm_ways":1},"geometry":{"type":"LineString","coordinates":[[-77.075356,-12.098674],[-77.075477,-12.09859],[-77.075582,-12.098517],[-77.07587,-12.098299],[-77.076175,-12.098001],[-77.076502,-12.097773],[-77.0769,-12.097552],[-77.077106,-12.097428],[-77.077196,-12.09734],[-77.077389,-12.097109],[-77.077584,-12.096914],[-77.077722,-12.096775],[-77.077898,-12.096682],[-77.078028,-12.096636],[-77.078059,-12.096627]]}},{"type":"Feature","properties":{"id":"sin_nombre_64","name":"Ciclovía sin nombre","type":"segregada","km":0.211,"osm_ways":2},"geometry":{"type":"LineString","coordinates":[[-77.081309,-12.094667],[-77.08137,-12.094617],[-77.081443,-12.094537],[-77.081518,-12.094442],[-77.081692,-12.094216],[-77.081706,-12.094197],[-77.081868,-12.093981],[-77.082095,-12.093744],[-77.082256,-12.093602],[-77.082327,-12.093553],[-77.082316,-12.093531],[-77.082313,-12.093506],[-77.082321,-12.093483],[-77.082337,-12.093464],[-77.082352,-12.093456],[-77.082359,-12.093453],[-77.082385,-12.093451],[-77.082408,-12.093458],[-77.082428,-12.093474],[-77.082439,-12.093496],[-77.082442,-12.09352],[-77.082434,-12.093544],[-77.082418,-12.093563],[-77.082395,-12.093574],[-77.08237,-12.093576],[-77.082346,-12.093568],[-77.082327,-12.093553]]}},{"type":"Feature","properties":{"id":"sin_nombre_65","name":"Ciclovía sin nombre","type":"segregada","km":0.223,"osm_ways":1},"geometry":{"type":"LineString","coordinates":[[-76.899097,-12.230941],[-76.899501,-12.230838],[-76.899905,-12.230735],[-76.900309,-12.230632],[-76.900713,-12.230529],[-76.901085,-12.230435]]}},{"type":"Feature","properties":{"id":"sin_nombre_66","name":"Ciclovía sin nombre","type":"segregada","km":0.221,"osm_ways":1},"geometry":{"type":"LineString","coordinates":[[-76.901214,-12.23099],[-76.900809,-12.231095],[-76.900289,-12.231229],[-76.899769,-12.231363],[-76.899249,-12.231497]]}},{"type":"Feature","properties":{"id":"sin_nombre_67","name":"Ciclovía sin nombre","type":"segregada","km":0.18,"osm_ways":1},"geometry":{"type":"LineString","coordinates":[[-76.990857,-12.163473],[-76.990814,-12.163502],[-76.990798,-12.163799],[-76.990782,-12.164097],[-76.990757,-12.164511],[-76.99074,-12.16479],[-76.990723,-12.165069]]}},{"type":"Feature","properties":{"id":"sin_nombre_68","name":"Ciclovía sin nombre","type":"segregada","km":0.103,"osm_ways":2},"geometry":{"type":"LineString","coordinates":[[-77.100346,-12.053837],[-77.100513,-12.053866],[-77.100913,-12.053933],[-77.101247,-12.053993],[-77.101252,-12.053966]]}},{"type":"Feature","properties":{"id":"sin_nombre_69","name":"Ciclovía sin nombre","type":"segregada","km":0.261,"osm_ways":1},"geometry":{"type":"LineString","coordinates":[[-76.944607,-12.056592],[-76.944808,-12.056238],[-76.945008,-12.055883],[-76.945209,-12.055528],[-76.945389,-12.055194],[-76.945569,-12.05486],[-76.94575,-12.054526]]}},{"type":"Feature","properties":{"id":"sin_nombre_70","name":"Ciclovía sin nombre","type":"segregada","km":0.201,"osm_ways":3},"geometry":{"type":"LineString","coordinates":[[-76.953191,-12.091479],[-76.953216,-12.091424],[-76.953222,-12.091387],[-76.953228,-12.091373],[-76.953266,-12.091337],[-76.953271,-12.091325],[-76.95327,-12.091293],[-76.953275,-12.091277],[-76.95329,-12.091249],[-76.953308,-12.091211],[-76.953381,-12.091052],[-76.95343,-12.090997],[-76.953436,-12.090945],[-76.953587,-12.090604],[-76.95363,-12.090565],[-76.953627,-12.090625],[-76.953499,-12.090894],[-76.953477,-12.090924],[-76.953459,-12.090965],[-76.95343,-12.090997],[-76.953421,-12.091067],[-76.953328,-12.091217],[-76.95329,-12.091249]]}},{"type":"Feature","properties":{"id":"sin_nombre_71","name":"Ciclovía sin nombre","type":"segregada","km":0.496,"osm_ways":3},"geometry":{"type":"LineString","coordinates":[[-76.95363,-12.090565],[-76.953637,-12.090548],[-76.953669,-12.090481],[-76.953695,-12.090419],[-76.953699,-12.090409],[-76.953703,-12.090358],[-76.953917,-12.089885],[-76.953968,-12.089828],[-76.953975,-12.089769],[-76.954146,-12.089403],[-76.954316,-12.089038],[-76.954348,-12.08897],[-76.954391,-12.08889],[-76.954488,-12.088746],[-76.954576,-12.088628],[-76.954609,-12.088591],[-76.954652,-12.088544],[-76.954698,-12.088525],[-76.954683,-12.088571],[-76.954638,-12.088617],[-76.954556,-12.088719],[-76.95446,-12.088853],[-76.954403,-12.088949],[-76.954341,-12.089072],[-76.95425,-12.089267],[-76.954172,-12.089439],[-76.954012,-12.089783],[-76.953968,-12.089828],[-76.953957,-12.089903],[-76.953787,-12.090277],[-76.95374,-12.090375],[-76.953699,-12.090409]]}},{"type":"Feature","properties":{"id":"sin_nombre_72","name":"Ciclovía sin nombre","type":"segregada","km":0.324,"osm_ways":3},"geometry":{"type":"LineString","coordinates":[[-76.954698,-12.088525],[-76.954701,-12.088522],[-76.954744,-12.088482],[-76.954783,-12.088443],[-76.954789,-12.088438],[-76.954809,-12.088396],[-76.954947,-12.088266],[-76.955079,-12.088139],[-76.955343,-12.087887],[-76.955537,-12.087701],[-76.95558,-12.087674],[-76.955626,-12.087617],[-76.955757,-12.087496],[-76.955805,-12.087472],[-76.955786,-12.08752],[-76.955653,-12.087647],[-76.955593,-12.087687],[-76.955566,-12.087729],[-76.955274,-12.088007],[-76.95517,-12.088103],[-76.955054,-12.088215],[-76.954838,-12.088421],[-76.954789,-12.088438]]}},{"type":"Feature","properties":{"id":"sin_nombre_73","name":"Ciclovía sin nombre","type":"segregada","km":0.444,"osm_ways":3},"geometry":{"type":"LineString","coordinates":[[-76.955805,-12.087472],[-76.955809,-12.087469],[-76.955848,-12.087431],[-76.955892,-12.08739],[-76.9559,-12.087382],[-76.955923,-12.087336],[-76.956158,-12.087118],[-76.956432,-12.086856],[-76.95664,-12.086661],[-76.956753,-12.086552],[-76.956902,-12.086392],[-76.956963,-12.086318],[-76.957077,-12.086173],[-76.957153,-12.086054],[-76.957181,-12.086005],[-76.957221,-12.085968],[-76.957211,-12.08602],[-76.957174,-12.086089],[-76.957131,-12.086156],[-76.957025,-12.086306],[-76.956936,-12.086408],[-76.956786,-12.086566],[-76.956539,-12.086805],[-76.956443,-12.086899],[-76.956331,-12.087005],[-76.955984,-12.087333],[-76.955956,-12.087359],[-76.9559,-12.087382]]}},{"type":"Feature","properties":{"id":"sin_nombre_74","name":"Ciclovía sin nombre","type":"segregada","km":0.756,"osm_ways":5},"geometry":{"type":"LineString","coordinates":[[-76.957221,-12.085968],[-76.957226,-12.085961],[-76.957266,-12.085896],[-76.957292,-12.08585],[-76.957301,-12.085834],[-76.957315,-12.08577],[-76.957357,-12.085685],[-76.957433,-12.085503],[-76.957504,-12.085308],[-76.95754,-12.085173],[-76.957573,-12.085124],[-76.957568,-12.085064],[-76.957595,-12.084955],[-76.957618,-12.084833],[-76.957637,-12.084709],[-76.957647,-12.084643],[-76.957659,-12.084524],[-76.95769,-12.084453],[-76.957671,-12.084384],[-76.957675,-12.084297],[-76.957675,-12.084172],[-76.957673,-12.084027],[-76.957668,-12.083951],[-76.957642,-12.08373],[-76.957623,-12.083609],[-76.957593,-12.083438],[-76.957541,-12.083218],[-76.957491,-12.083054],[-76.957441,-12.082906],[-76.957401,-12.082802],[-76.957401,-12.082747],[-76.957395,-12.082732],[-76.957365,-12.082667],[-76.957332,-12.082599],[-76.957326,-12.082586],[-76.957278,-12.082532],[-76.957067,-12.082168],[-76.957008,-12.082083],[-76.956831,-12.08185],[-76.956735,-12.08174],[-76.956631,-12.08163],[-76.956461,-12.081466],[-76.956336,-12.081356],[-76.956309,-12.081307],[-76.956363,-12.081328],[-76.956525,-12.081471],[-76.956639,-12.08158],[-76.956766,-12.081715],[-76.956862,-12.081826],[-76.957002,-12.082004],[-76.957054,-12.082073],[-76.957125,-12.08218],[-76.957228,-12.082356],[-76.957313,-12.082511],[-76.957326,-12.082586]]}},{"type":"Feature","properties":{"id":"sin_nombre_75","name":"Ciclovía sin nombre","type":"segregada","km":0.69,"osm_ways":11},"geometry":{"type":"LineString","coordinates":[[-76.956309,-12.081307],[-76.956301,-12.0813],[-76.956234,-12.081247],[-76.956187,-12.08121],[-76.956178,-12.081204],[-76.956123,-12.081141],[-76.955922,-12.081],[-76.955752,-12.080863],[-76.955598,-12.080723],[-76.955412,-12.08056],[-76.955328,-12.08047],[-76.955247,-12.080379],[-76.955141,-12.080256],[-76.955015,-12.080082],[-76.95486,-12.079846],[-76.954801,-12.079792],[-76.95479,-12.079772],[-76.954755,-12.079712],[-76.954725,-12.079654],[-76.954722,-12.079648],[-76.954696,-12.079557],[-76.954605,-12.079368],[-76.954509,-12.079148],[-76.954434,-12.078935],[-76.954384,-12.078851],[-76.954379,-12.078839],[-76.954349,-12.078749],[-76.954328,-12.078682],[-76.954324,-12.07867],[-76.954317,-12.078574],[-76.954296,-12.078456],[-76.954285,-12.078373],[-76.95428,-12.078295],[-76.954287,-12.078091],[-76.954294,-12.07794],[-76.954314,-12.077672],[-76.954364,-12.07726],[-76.954339,-12.0773],[-76.954325,-12.077346],[-76.95429,-12.077627],[-76.954271,-12.077808],[-76.954256,-12.077937],[-76.954244,-12.078075],[-76.954236,-12.078208],[-76.954236,-12.078289],[-76.954239,-12.078354],[-76.954248,-12.078438],[-76.954262,-12.078519],[-76.954273,-12.078577],[-76.954292,-12.078626],[-76.954324,-12.07867]]}},{"type":"Feature","properties":{"id":"sin_nombre_76","name":"Ciclovía sin nombre","type":"segregada","km":0.101,"osm_ways":1},"geometry":{"type":"LineString","coordinates":[[-76.954364,-12.07726],[-76.954403,-12.077006],[-76.954407,-12.076984],[-76.954488,-12.076599],[-76.954545,-12.076369]]}},{"type":"Feature","properties":{"id":"sin_nombre_77","name":"Ciclovía sin nombre","type":"segregada","km":0.097,"osm_ways":1},"geometry":{"type":"LineString","coordinates":[[-76.954722,-12.079648],[-76.954661,-12.079579],[-76.954622,-12.0795],[-76.954585,-12.079422],[-76.954499,-12.079229],[-76.954444,-12.079089],[-76.954392,-12.078941],[-76.954384,-12.078851]]}},{"type":"Feature","properties":{"id":"sin_nombre_78","name":"Ciclovía sin nombre","type":"segregada","km":0.22,"osm_ways":1},"geometry":{"type":"LineString","coordinates":[[-76.956178,-12.081204],[-76.956101,-12.08118],[-76.955822,-12.080971],[-76.955657,-12.080833],[-76.955506,-12.080698],[-76.955407,-12.080606],[-76.955309,-12.080506],[-76.955135,-12.080311],[-76.954956,-12.08007],[-76.954827,-12.07987],[-76.954801,-12.079792]]}},{"type":"Feature","properties":{"id":"sin_nombre_79","name":"Ciclovía sin nombre","type":"segregada","km":0.358,"osm_ways":1},"geometry":{"type":"LineString","coordinates":[[-76.957401,-12.082747],[-76.957438,-12.082788],[-76.957477,-12.082885],[-76.957529,-12.083037],[-76.957579,-12.0832],[-76.95762,-12.083374],[-76.957651,-12.083528],[-76.957672,-12.083662],[-76.957692,-12.083806],[-76.957708,-12.083949],[-76.957716,-12.084059],[-76.95772,-12.084177],[-76.957717,-12.084297],[-76.95771,-12.084388],[-76.95769,-12.084453],[-76.957702,-12.084526],[-76.957687,-12.084664],[-76.957667,-12.084791],[-76.957637,-12.084949],[-76.957609,-12.085074],[-76.957573,-12.085124],[-76.957578,-12.08518],[-76.957543,-12.085307],[-76.957483,-12.085487],[-76.957445,-12.08558],[-76.957388,-12.085707],[-76.957351,-12.085783],[-76.957301,-12.085834]]}},{"type":"Feature","properties":{"id":"sin_nombre_80","name":"Ciclovía sin nombre","type":"segregada","km":0.099,"osm_ways":1},"geometry":{"type":"LineString","coordinates":[[-76.955187,-12.074425],[-76.955155,-12.074409],[-76.955157,-12.074296],[-76.955128,-12.074158],[-76.955074,-12.074012],[-76.954995,-12.073906],[-76.954893,-12.073831],[-76.954783,-12.073784],[-76.954781,-12.073715]]}},{"type":"Feature","properties":{"id":"sin_nombre_81","name":"Ciclovía sin nombre","type":"segregada","km":0.119,"osm_ways":2},"geometry":{"type":"LineString","coordinates":[[-76.95478,-12.073518],[-76.954779,-12.073456],[-76.954834,-12.073456],[-76.955097,-12.073446],[-76.955208,-12.073433],[-76.955422,-12.073356],[-76.955583,-12.073246],[-76.955692,-12.073113]]}},{"type":"Feature","properties":{"id":"sin_nombre_82","name":"Ciclovía sin nombre","type":"segregada","km":0.44,"osm_ways":1},"geometry":{"type":"LineString","coordinates":[[-77.014906,-12.103364],[-77.014854,-12.10335],[-77.014793,-12.103316],[-77.014717,-12.103304],[-77.014649,-12.103339],[-77.014581,-12.103406],[-77.014494,-12.103503],[-77.014456,-12.10359],[-77.014326,-12.103717],[-77.014223,-12.103751],[-77.014089,-12.103861],[-77.013972,-12.103894],[-77.013769,-12.103982],[-77.013606,-12.104026],[-77.013513,-12.104051],[-77.013405,-12.104099],[-77.013275,-12.104139],[-77.013157,-12.104149],[-77.013006,-12.104175],[-77.012941,-12.104175],[-77.012872,-12.104143],[-77.012843,-12.104135],[-77.012813,-12.104118],[-77.012715,-12.104105],[-77.01264,-12.104071],[-77.012474,-12.104058],[-77.012434,-12.104062],[-77.012373,-12.104048],[-77.012266,-12.104025],[-77.012213,-12.104013],[-77.012176,-12.103992],[-77.012121,-12.103919],[-77.012075,-12.103825],[-77.011949,-12.103754],[-77.011884,-12.103767],[-77.01182,-12.103797],[-77.011719,-12.103813],[-77.011621,-12.103832],[-77.011582,-12.103829],[-77.011504,-12.103832],[-77.011336,-12.103801]]}},{"type":"Feature","properties":{"id":"sin_nombre_83","name":"Ciclovía sin nombre","type":"segregada","km":0.539,"osm_ways":1},"geometry":{"type":"LineString","coordinates":[[-76.953562,-12.145476],[-76.953545,-12.145501],[-76.953543,-12.145519],[-76.95354,-12.145542],[-76.953541,-12.145969],[-76.953542,-12.146396],[-76.953543,-12.146823],[-76.953546,-12.146841],[-76.953555,-12.146862],[-76.953571,-12.146881],[-76.953594,-12.146907],[-76.95361,-12.146922],[-76.953637,-12.146941],[-76.95366,-12.146956],[-76.953696,-12.146968],[-76.953733,-12.146976],[-76.953783,-12.146983],[-76.953827,-12.146988],[-76.953864,-12.146991],[-76.953898,-12.146992],[-76.953928,-12.146993],[-76.95396,-12.146992],[-76.953996,-12.146991],[-76.954047,-12.146985],[-76.9541,-12.146972],[-76.95416,-12.146948],[-76.954194,-12.146931],[-76.954243,-12.146895],[-76.954284,-12.146862],[-76.954353,-12.146805],[-76.954438,-12.146719],[-76.95449,-12.14665],[-76.9545,-12.146628],[-76.954507,-12.146597],[-76.954509,-12.146524],[-76.954514,-12.1464],[-76.954518,-12.145939],[-76.954522,-12.145478],[-76.954522,-12.145442],[-76.954519,-12.145413],[-76.954506,-12.145372],[-76.954491,-12.145339],[-76.95447,-12.145305],[-76.95445,-12.14528],[-76.954426,-12.145256],[-76.954399,-12.145236],[-76.954363,-12.14522],[-76.954327,-12.145208],[-76.954283,-12.145202],[-76.954246,-12.145201],[-76.954183,-12.145208],[-76.95385,-12.145268],[-76.95377,-12.145287],[-76.953726,-12.145302],[-76.953694,-12.145326],[-76.953659,-12.145362],[-76.953562,-12.145476]]}},{"type":"Feature","properties":{"id":"sin_nombre_84","name":"Ciclovía sin nombre","type":"segregada","km":1.272,"osm_ways":3},"geometry":{"type":"LineString","coordinates":[[-77.068918,-11.93096],[-77.068921,-11.931128],[-77.068915,-11.931269],[-77.069017,-11.931291],[-77.068958,-11.931591],[-77.068899,-11.931891],[-77.06884,-11.932198],[-77.068781,-11.932506],[-77.068738,-11.932696],[-77.068683,-11.932977],[-77.068628,-11.933259],[-77.068565,-11.93358],[-77.068502,-11.933901],[-77.068435,-11.934242],[-77.068369,-11.934584],[-77.068316,-11.934854],[-77.068263,-11.935123],[-77.068204,-11.935424],[-77.068145,-11.935726],[-77.068051,-11.93623],[-77.067957,-11.936735],[-77.067863,-11.93724],[-77.067848,-11.937327],[-77.067842,-11.937363],[-77.067816,-11.937553],[-77.067763,-11.937831],[-77.067755,-11.937877],[-77.067731,-11.938004],[-77.067661,-11.938374],[-77.0676,-11.938686],[-77.06754,-11.938998],[-77.067509,-11.939155],[-77.067432,-11.939553],[-77.067379,-11.939818],[-77.067326,-11.940084],[-77.067257,-11.940473],[-77.06724,-11.940555],[-77.067215,-11.940701],[-77.067129,-11.941206],[-77.067074,-11.94153],[-77.067018,-11.941855],[-77.067009,-11.941908],[-77.066947,-11.942131]]}},{"type":"Feature","properties":{"id":"sin_nombre_85","name":"Ciclovía sin nombre","type":"segregada","km":0.11,"osm_ways":1},"geometry":{"type":"LineString","coordinates":[[-77.011462,-12.01238],[-77.01144,-12.012382],[-77.011405,-12.012385],[-77.01137,-12.012337],[-77.01133,-12.012283],[-77.011295,-12.012239],[-77.011271,-12.012203],[-77.011268,-12.012179],[-77.011335,-12.012173],[-77.01136,-12.012171],[-77.011377,-12.012169],[-77.011515,-12.012152],[-77.011551,-12.012148],[-77.011583,-12.012145],[-77.011591,-12.012201],[-77.011595,-12.012228],[-77.011603,-12.012291],[-77.011606,-12.012307],[-77.011613,-12.012364],[-77.011577,-12.012369],[-77.011545,-12.012372],[-77.01154,-12.012373],[-77.01147,-12.012379],[-77.011462,-12.01238]]}},{"type":"Feature","properties":{"id":"sin_nombre_86","name":"Ciclovía sin nombre","type":"segregada","km":0.091,"osm_ways":3},"geometry":{"type":"LineString","coordinates":[[-77.086889,-12.073011],[-77.086917,-12.073036],[-77.086949,-12.073065],[-77.086986,-12.073115],[-77.087028,-12.073211],[-77.087167,-12.073565],[-77.087237,-12.073744]]}},{"type":"Feature","properties":{"id":"sin_nombre_87","name":"Ciclovía sin nombre","type":"segregada","km":0.471,"osm_ways":1},"geometry":{"type":"LineString","coordinates":[[-77.062402,-12.106297],[-77.062793,-12.106018],[-77.063185,-12.105738],[-77.063493,-12.10551],[-77.063817,-12.105263],[-77.064003,-12.105125],[-77.064083,-12.105066],[-77.064292,-12.104893],[-77.064484,-12.104661],[-77.064667,-12.104406],[-77.064871,-12.104103],[-77.065078,-12.103857],[-77.065356,-12.103644],[-77.065584,-12.103485]]}},{"type":"Feature","properties":{"id":"sin_nombre_88","name":"Ciclovía sin nombre","type":"segregada","km":0.306,"osm_ways":1},"geometry":{"type":"LineString","coordinates":[[-77.01704,-12.098512],[-77.017001,-12.098547],[-77.016905,-12.098707],[-77.016789,-12.098769],[-77.016702,-12.098799],[-77.016397,-12.098856],[-77.016318,-12.098872],[-77.015979,-12.098925],[-77.01564,-12.098978],[-77.015149,-12.099049],[-77.015018,-12.099066],[-77.014477,-12.099146],[-77.014447,-12.099156],[-77.014396,-12.099191]]}},{"type":"Feature","properties":{"id":"sin_nombre_89","name":"Ciclovía sin nombre","type":"segregada","km":0.173,"osm_ways":1},"geometry":{"type":"LineString","coordinates":[[-77.063831,-12.065031],[-77.063834,-12.065052],[-77.063761,-12.06506],[-77.06374,-12.065058],[-77.063723,-12.065049],[-77.063707,-12.065032],[-77.063697,-12.065012],[-77.063619,-12.064566],[-77.063545,-12.06417],[-77.06347,-12.063774],[-77.063461,-12.06376],[-77.063445,-12.063755],[-77.063427,-12.063755],[-77.063365,-12.063765],[-77.06336,-12.063754]]}},{"type":"Feature","properties":{"id":"sin_nombre_90","name":"Ciclovía sin nombre","type":"segregada","km":0.237,"osm_ways":1},"geometry":{"type":"LineString","coordinates":[[-77.013921,-12.099359],[-77.013887,-12.099327],[-77.013866,-12.099297],[-77.013848,-12.099268],[-77.013702,-12.098795],[-77.013683,-12.098725],[-77.013665,-12.098648],[-77.013609,-12.098378],[-77.013606,-12.098358],[-77.013602,-12.098336],[-77.013569,-12.098068],[-77.013565,-12.097962],[-77.013562,-12.097725],[-77.013559,-12.097447],[-77.013564,-12.097405],[-77.013573,-12.097363],[-77.013604,-12.097297]]}},{"type":"Feature","properties":{"id":"sin_nombre_91","name":"Ciclovía sin nombre","type":"segregada","km":0.195,"osm_ways":6},"geometry":{"type":"LineString","coordinates":[[-77.042187,-12.016999],[-77.042214,-12.017033],[-77.04226,-12.017092],[-77.042284,-12.017123],[-77.042298,-12.01714],[-77.042228,-12.017189],[-77.042173,-12.017237],[-77.042139,-12.017278],[-77.042111,-12.01733],[-77.042097,-12.017376],[-77.042091,-12.017432],[-77.042091,-12.017479],[-77.042061,-12.017485],[-77.04199,-12.017499],[-77.041933,-12.017511],[-77.041883,-12.017521],[-77.041843,-12.017433],[-77.041816,-12.017398],[-77.041749,-12.017341],[-77.041691,-12.017309],[-77.041701,-12.017278],[-77.041741,-12.017144],[-77.041752,-12.017111],[-77.04181,-12.017106],[-77.041914,-12.017095],[-77.041984,-12.017085],[-77.042047,-12.017071],[-77.042114,-12.017044],[-77.042187,-12.016999]]}},{"type":"Feature","properties":{"id":"sin_nombre_92","name":"Ciclovía sin nombre","type":"segregada","km":2.25,"osm_ways":2},"geometry":{"type":"LineString","coordinates":[[-77.04199,-12.017499],[-77.041995,-12.017521],[-77.042055,-12.017837],[-77.042061,-12.017917],[-77.04205,-12.017993],[-77.042018,-12.018072],[-77.041973,-12.018136],[-77.041724,-12.018355],[-77.041474,-12.018574],[-77.041151,-12.018864],[-77.04089,-12.019099],[-77.040628,-12.019334],[-77.040266,-12.019659],[-77.039904,-12.019984],[-77.039542,-12.020309],[-77.039245,-12.020579],[-77.038949,-12.020849],[-77.038892,-12.020917],[-77.038839,-12.021023],[-77.038779,-12.021263],[-77.038675,-12.021708],[-77.038571,-12.022154],[-77.038538,-12.022244],[-77.038487,-12.022364],[-77.03842,-12.022476],[-77.03827,-12.022616],[-77.037914,-12.022945],[-77.037656,-12.023169],[-77.037391,-12.023407],[-77.037126,-12.023644],[-77.037054,-12.023707],[-77.036969,-12.023777],[-77.036696,-12.024017],[-77.036423,-12.024258],[-77.036215,-12.024447],[-77.036008,-12.024636],[-77.035937,-12.024703],[-77.035683,-12.024923],[-77.035433,-12.025142],[-77.035183,-12.02536],[-77.034997,-12.02553],[-77.034777,-12.025731],[-77.034512,-12.025954],[-77.034248,-12.026177],[-77.034183,-12.026227],[-77.034088,-12.026315],[-77.033862,-12.02653],[-77.033636,-12.026745],[-77.033386,-12.026972],[-77.033292,-12.027052],[-77.033233,-12.027102],[-77.033119,-12.0272],[-77.032865,-12.027426],[-77.032612,-12.027653],[-77.032332,-12.027903],[-77.032051,-12.028154],[-77.031848,-12.028337],[-77.031493,-12.028658],[-77.031422,-12.028719],[-77.031338,-12.028792],[-77.031223,-12.02889],[-77.031013,-12.02907],[-77.030651,-12.029397],[-77.030546,-12.029492],[-77.0303,-12.029713],[-77.030054,-12.029933],[-77.029792,-12.03016],[-77.029697,-12.030243],[-77.029623,-12.030308],[-77.02954,-12.03038],[-77.029492,-12.030422],[-77.029255,-12.030633],[-77.029019,-12.030843],[-77.028748,-12.031063],[-77.028477,-12.031282],[-77.02821,-12.031526],[-77.027943,-12.031769]]}},{"type":"Feature","properties":{"id":"sin_nombre_93","name":"Ciclovía sin nombre","type":"segregada","km":0.091,"osm_ways":1},"geometry":{"type":"LineString","coordinates":[[-77.036373,-12.090965],[-77.035972,-12.090905],[-77.035548,-12.090842]]}},{"type":"Feature","properties":{"id":"sin_nombre_94","name":"Ciclovía sin nombre","type":"segregada","km":0.203,"osm_ways":1},"geometry":{"type":"LineString","coordinates":[[-76.956747,-12.07137],[-76.956852,-12.071184],[-76.957021,-12.070835],[-76.957117,-12.070633],[-76.957329,-12.070189],[-76.957542,-12.069744],[-76.95755,-12.069726]]}},{"type":"Feature","properties":{"id":"sin_nombre_95","name":"Ciclovía sin nombre","type":"segregada","km":0.181,"osm_ways":1},"geometry":{"type":"LineString","coordinates":[[-76.955861,-12.073201],[-76.956005,-12.072903],[-76.956149,-12.072605],[-76.95634,-12.072175],[-76.956438,-12.071956],[-76.956565,-12.071722]]}},{"type":"Feature","properties":{"id":"sin_nombre_96","name":"Ciclovía sin nombre","type":"segregada","km":0.188,"osm_ways":1},"geometry":{"type":"LineString","coordinates":[[-77.163165,-12.075151],[-77.163166,-12.07513],[-77.163141,-12.075122],[-77.163112,-12.075111],[-77.16308,-12.07506],[-77.163074,-12.075027],[-77.163081,-12.07496],[-77.16309,-12.074868],[-77.163077,-12.074693],[-77.163056,-12.074631],[-77.163024,-12.074602],[-77.162756,-12.074375],[-77.162489,-12.074149],[-77.16275,-12.07386]]}},{"type":"Feature","properties":{"id":"sin_nombre_97","name":"Ciclovía sin nombre","type":"segregada","km":3.319,"osm_ways":5},"geometry":{"type":"LineString","coordinates":[[-77.128331,-11.877991],[-77.12856,-11.877962],[-77.128601,-11.877937],[-77.128663,-11.877931],[-77.128689,-11.877929],[-77.128731,-11.87793],[-77.128772,-11.87793],[-77.129238,-11.877875],[-77.129459,-11.877856],[-77.129615,-11.877856],[-77.129932,-11.877863],[-77.130249,-11.87787],[-77.130254,-11.87787],[-77.13046,-11.877876],[-77.130524,-11.877878],[-77.130649,-11.877882],[-77.130823,-11.87789],[-77.130869,-11.877892],[-77.131245,-11.877916],[-77.131491,-11.87794],[-77.131605,-11.877951],[-77.131933,-11.877985],[-77.132289,-11.878022],[-77.132645,-11.878058],[-77.132705,-11.878064],[-77.132769,-11.87807],[-77.13314,-11.878101],[-77.133209,-11.8781],[-77.13341,-11.878067],[-77.133567,-11.878041],[-77.133604,-11.877976],[-77.133691,-11.877954],[-77.13379,-11.877927],[-77.133842,-11.877913],[-77.13391,-11.877846],[-77.133997,-11.877808],[-77.134086,-11.877819],[-77.134254,-11.877701],[-77.134473,-11.8775],[-77.134544,-11.877411],[-77.134581,-11.877363],[-77.134635,-11.877339],[-77.134762,-11.877191],[-77.134784,-11.877138],[-77.134826,-11.877089],[-77.134947,-11.876947],[-77.134969,-11.876921],[-77.135088,-11.876781],[-77.135127,-11.876736],[-77.135248,-11.876594],[-77.135271,-11.876567],[-77.135308,-11.876554],[-77.135381,-11.876462],[-77.135381,-11.876437],[-77.135503,-11.876295],[-77.135572,-11.876214],[-77.135614,-11.87616],[-77.135642,-11.876124],[-77.135715,-11.876032],[-77.13577,-11.876006],[-77.135894,-11.875856],[-77.135902,-11.875791],[-77.136044,-11.87563],[-77.136118,-11.875595],[-77.136197,-11.875497],[-77.136251,-11.875393],[-77.136333,-11.875297],[-77.136587,-11.875],[-77.136652,-11.874923],[-77.136676,-11.874895],[-77.136732,-11.874882],[-77.136859,-11.874727],[-77.136874,-11.874668],[-77.137182,-11.874298],[-77.137246,-11.874272],[-77.137343,-11.874161],[-77.137354,-11.874114],[-77.137413,-11.874043],[-77.137503,-11.873934],[-77.137591,-11.873825],[-77.137877,-11.873487],[-77.138163,-11.873149],[-77.138181,-11.873095],[-77.138243,-11.873022],[-77.138281,-11.873013],[-77.138394,-11.872881],[-77.138595,-11.872643],[-77.138629,-11.872606],[-77.138686,-11.872549],[-77.138697,-11.872547],[-77.138707,-11.872547],[-77.138719,-11.872552],[-77.13874,-11.872576],[-77.138767,-11.872607],[-77.138787,-11.872634],[-77.139022,-11.872455],[-77.139061,-11.872425],[-77.139346,-11.872281],[-77.139576,-11.872197],[-77.13958,-11.872184],[-77.139569,-11.872139],[-77.139549,-11.872061],[-77.139555,-11.872043],[-77.139574,-11.872032],[-77.139638,-11.872018],[-77.140008,-11.871963],[-77.14015,-11.87202],[-77.140312,-11.872024],[-77.140352,-11.872009],[-77.14039,-11.87201],[-77.140555,-11.872013],[-77.140648,-11.872014],[-77.140763,-11.872019],[-77.141085,-11.872032],[-77.141141,-11.872059],[-77.141416,-11.872061],[-77.141468,-11.872042],[-77.14156,-11.872045],[-77.141724,-11.872051],[-77.141967,-11.87206],[-77.142262,-11.872071],[-77.142556,-11.872082],[-77.142606,-11.872068],[-77.143127,-11.872084],[-77.143649,-11.872101],[-77.144171,-11.872117],[-77.144693,-11.872133],[-77.145232,-11.87215],[-77.145772,-11.872166],[-77.146311,-11.872182],[-77.146779,-11.872197],[-77.147246,-11.872212],[-77.147406,-11.872312],[-77.147502,-11.872371],[-77.147733,-11.872371],[-77.147998,-11.872195],[-77.148437,-11.872209],[-77.148875,-11.872223],[-77.149301,-11.872236],[-77.149726,-11.87225],[-77.150151,-11.872263],[-77.15064,-11.87228],[-77.151128,-11.872296],[-77.151617,-11.872313],[-77.152106,-11.872329],[-77.152575,-11.872344],[-77.153044,-11.872359],[-77.153513,-11.872374],[-77.153721,-11.872383],[-77.153972,-11.872448],[-77.154269,-11.872559],[-77.154566,-11.872669],[-77.154867,-11.872784],[-77.155169,-11.8729],[-77.155218,-11.872952],[-77.155227,-11.873021],[-77.1552,-11.873114],[-77.155156,-11.873245]]}},{"type":"Feature","properties":{"id":"sin_nombre_98","name":"Ciclovía sin nombre","type":"segregada","km":0.312,"osm_ways":1},"geometry":{"type":"LineString","coordinates":[[-76.998017,-12.005425],[-76.998064,-12.005294],[-76.998159,-12.005047],[-76.998207,-12.004988],[-76.998223,-12.004954],[-76.998225,-12.004895],[-76.998237,-12.004866],[-76.998294,-12.004785],[-76.998324,-12.004717],[-76.998342,-12.004659],[-76.998328,-12.004586],[-76.998451,-12.004247],[-76.998518,-12.004186],[-76.998532,-12.004157],[-76.998682,-12.003749],[-76.998683,-12.003683],[-76.998687,-12.003651],[-76.998717,-12.003588],[-76.998754,-12.003545],[-76.998769,-12.003512],[-76.998928,-12.003075],[-76.998923,-12.002983],[-76.998929,-12.002954],[-76.998951,-12.002906],[-76.998986,-12.002884],[-76.999025,-12.002869]]}},{"type":"Feature","properties":{"id":"sin_nombre_99","name":"Ciclovía sin nombre","type":"segregada","km":0.308,"osm_ways":2},"geometry":{"type":"LineString","coordinates":[[-77.133604,-11.877976],[-77.133578,-11.877965],[-77.133385,-11.878003],[-77.13329,-11.878018],[-77.133195,-11.878027],[-77.133114,-11.878029],[-77.133032,-11.878026],[-77.132951,-11.878019],[-77.132778,-11.878002],[-77.132712,-11.877996],[-77.132654,-11.877991],[-77.13219,-11.877939],[-77.131725,-11.877887],[-77.131399,-11.87785],[-77.131184,-11.877826],[-77.130917,-11.877805],[-77.130823,-11.87789]]}},{"type":"Feature","properties":{"id":"sin_nombre_100","name":"Ciclovía sin nombre","type":"segregada","km":0.262,"osm_ways":1},"geometry":{"type":"LineString","coordinates":[[-76.990712,-12.165171],[-76.990683,-12.165589],[-76.99066,-12.165641],[-76.99064,-12.166024],[-76.99062,-12.166291],[-76.99062,-12.166392],[-76.990619,-12.166415],[-76.990609,-12.166502],[-76.990585,-12.166583],[-76.990578,-12.166737],[-76.990636,-12.166871],[-76.990667,-12.166953],[-76.9907,-12.167001],[-76.990915,-12.167383],[-76.99095,-12.167419]]}},{"type":"Feature","properties":{"id":"sin_nombre_101","name":"Ciclovía sin nombre","type":"segregada","km":0.237,"osm_ways":3},"geometry":{"type":"LineString","coordinates":[[-77.0669,-11.94231],[-77.066873,-11.942461],[-77.06684,-11.942591],[-77.066801,-11.94277],[-77.066784,-11.943048],[-77.066798,-11.943339],[-77.066921,-11.943369],[-77.066908,-11.943425],[-77.066854,-11.943713],[-77.066799,-11.944002],[-77.066852,-11.944009],[-77.066843,-11.94407],[-77.066792,-11.944062],[-77.06674,-11.944054],[-77.066747,-11.943994],[-77.066799,-11.944002]]}},{"type":"Feature","properties":{"id":"sin_nombre_102","name":"Ciclovía sin nombre","type":"segregada","km":0.08,"osm_ways":1},"geometry":{"type":"LineString","coordinates":[[-77.066792,-11.944062],[-77.066723,-11.94439],[-77.066642,-11.944771]]}},{"type":"Feature","properties":{"id":"sin_nombre_103","name":"Ciclovía sin nombre","type":"segregada","km":0.107,"osm_ways":1},"geometry":{"type":"LineString","coordinates":[[-77.060295,-12.067317],[-77.0603,-12.067273],[-77.060405,-12.06728],[-77.060449,-12.06727],[-77.060481,-12.067243],[-77.060577,-12.06705],[-77.060688,-12.066928],[-77.060821,-12.066814],[-77.060834,-12.066794],[-77.060836,-12.066768],[-77.060822,-12.066672],[-77.060853,-12.066662]]}},{"type":"Feature","properties":{"id":"sin_nombre_104","name":"Ciclovía sin nombre","type":"segregada","km":0.094,"osm_ways":1},"geometry":{"type":"LineString","coordinates":[[-77.061206,-12.068408],[-77.061169,-12.06841],[-77.061154,-12.068323],[-77.061129,-12.068278],[-77.061088,-12.068253],[-77.061003,-12.068235],[-77.060914,-12.068204],[-77.060818,-12.068151],[-77.060688,-12.068068],[-77.060636,-12.068049],[-77.060592,-12.068055],[-77.060547,-12.068079],[-77.060524,-12.06805]]}},{"type":"Feature","properties":{"id":"sin_nombre_105","name":"Ciclovía sin nombre","type":"segregada","km":0.12,"osm_ways":1},"geometry":{"type":"LineString","coordinates":[[-77.062052,-12.067638],[-77.062053,-12.067671],[-77.062003,-12.067697],[-77.06198,-12.067708],[-77.061961,-12.067732],[-77.061924,-12.067824],[-77.061867,-12.067941],[-77.061809,-12.068004],[-77.061727,-12.068064],[-77.061568,-12.06817],[-77.061459,-12.068232],[-77.061424,-12.068265],[-77.061414,-12.068309],[-77.061412,-12.068395],[-77.06138,-12.068397]]}},{"type":"Feature","properties":{"id":"sin_nombre_106","name":"Ciclovía sin nombre","type":"segregada","km":0.161,"osm_ways":3},"geometry":{"type":"LineString","coordinates":[[-77.000525,-12.128306],[-77.000528,-12.128264],[-77.000528,-12.128161],[-77.000525,-12.128088],[-77.000516,-12.128016],[-77.000505,-12.127975],[-77.000391,-12.127685],[-77.000277,-12.127396],[-77.000266,-12.127389],[-77.000248,-12.127349],[-77.00023,-12.127309],[-77.000227,-12.127294],[-77.000229,-12.127272],[-77.00023,-12.12725],[-77.000226,-12.127232],[-77.000125,-12.126978],[-77.000107,-12.126965],[-77.000083,-12.126958]]}},{"type":"Feature","properties":{"id":"sin_nombre_107","name":"Ciclovía sin nombre","type":"segregada","km":0.624,"osm_ways":2},"geometry":{"type":"LineString","coordinates":[[-77.071406,-11.860698],[-77.071449,-11.860554],[-77.071459,-11.860521],[-77.071441,-11.860514],[-77.071433,-11.860502],[-77.07143,-11.86048],[-77.071591,-11.859978],[-77.071751,-11.859477],[-77.071911,-11.858976],[-77.072071,-11.858474],[-77.072232,-11.857973],[-77.072245,-11.857969],[-77.072267,-11.857972],[-77.072282,-11.85798],[-77.072287,-11.857993],[-77.072286,-11.858009],[-77.072126,-11.858514],[-77.071979,-11.858985],[-77.071857,-11.859379],[-77.071728,-11.859785],[-77.0716,-11.860185],[-77.071498,-11.860508],[-77.071487,-11.860523],[-77.071478,-11.860525],[-77.071459,-11.860521]]}},{"type":"Feature","properties":{"id":"sin_nombre_108","name":"Ciclovía sin nombre","type":"segregada","km":0.32,"osm_ways":2},"geometry":{"type":"LineString","coordinates":[[-77.072368,-11.857631],[-77.07242,-11.857473],[-77.072404,-11.857465],[-77.072401,-11.857455],[-77.0724,-11.857442],[-77.072443,-11.857307],[-77.072543,-11.857057],[-77.072631,-11.856832],[-77.072712,-11.856647],[-77.072811,-11.856431],[-77.072894,-11.856253],[-77.072903,-11.856248],[-77.072918,-11.85625],[-77.07293,-11.856257],[-77.072945,-11.856264],[-77.072945,-11.856277],[-77.072942,-11.856287],[-77.072819,-11.856549],[-77.072729,-11.856743],[-77.07268,-11.856861],[-77.072607,-11.857042],[-77.072534,-11.857227],[-77.072479,-11.857388],[-77.072451,-11.857463],[-77.072442,-11.857473],[-77.072433,-11.857473],[-77.07242,-11.857473]]}},{"type":"Feature","properties":{"id":"sin_nombre_109","name":"Ciclovía sin nombre","type":"segregada","km":0.27,"osm_ways":2},"geometry":{"type":"LineString","coordinates":[[-77.07293,-11.856257],[-77.072953,-11.856202],[-77.07298,-11.856137],[-77.072965,-11.856127],[-77.072964,-11.85612],[-77.072968,-11.856107],[-77.073059,-11.855972],[-77.073243,-11.855701],[-77.073405,-11.855464],[-77.073545,-11.855258],[-77.07358,-11.855207],[-77.073594,-11.855205],[-77.073611,-11.855211],[-77.073626,-11.855227],[-77.073627,-11.855234],[-77.07362,-11.855246],[-77.073436,-11.855511],[-77.073256,-11.855777],[-77.073112,-11.855988],[-77.073013,-11.856137],[-77.073004,-11.856146],[-77.072997,-11.856145],[-77.07298,-11.856137]]}},{"type":"Feature","properties":{"id":"sin_nombre_110","name":"Ciclovía sin nombre","type":"segregada","km":0.246,"osm_ways":2},"geometry":{"type":"LineString","coordinates":[[-77.073611,-11.855211],[-77.073647,-11.855157],[-77.073689,-11.855093],[-77.073674,-11.855082],[-77.073671,-11.855067],[-77.073688,-11.855037],[-77.073846,-11.854793],[-77.074004,-11.854548],[-77.074195,-11.854242],[-77.074213,-11.854235],[-77.074228,-11.85424],[-77.074243,-11.854255],[-77.074246,-11.854265],[-77.07424,-11.854276],[-77.073999,-11.854659],[-77.073722,-11.855088],[-77.073713,-11.855094],[-77.073702,-11.855097],[-77.073689,-11.855093]]}},{"type":"Feature","properties":{"id":"sin_nombre_111","name":"Ciclovía sin nombre","type":"segregada","km":0.434,"osm_ways":2},"geometry":{"type":"LineString","coordinates":[[-77.074228,-11.85424],[-77.074265,-11.854178],[-77.074297,-11.854126],[-77.074282,-11.854119],[-77.074278,-11.854106],[-77.074288,-11.854085],[-77.074416,-11.853871],[-77.074607,-11.853541],[-77.074797,-11.853214],[-77.074895,-11.853058],[-77.075029,-11.852861],[-77.075243,-11.852555],[-77.075263,-11.852544],[-77.075276,-11.852547],[-77.075282,-11.852554],[-77.075298,-11.852571],[-77.075296,-11.852583],[-77.075279,-11.852603],[-77.075043,-11.852937],[-77.074876,-11.853188],[-77.074733,-11.853432],[-77.074602,-11.853657],[-77.074457,-11.853903],[-77.074327,-11.854122],[-77.074318,-11.85413],[-77.074311,-11.85413],[-77.074297,-11.854126]]}},{"type":"Feature","properties":{"id":"sin_nombre_112","name":"Ciclovía sin nombre","type":"segregada","km":0.647,"osm_ways":2},"geometry":{"type":"LineString","coordinates":[[-77.075282,-11.852554],[-77.075318,-11.852499],[-77.075376,-11.852412],[-77.075357,-11.8524],[-77.075357,-11.852386],[-77.075368,-11.852367],[-77.075518,-11.852147],[-77.075701,-11.851873],[-77.075874,-11.851613],[-77.076028,-11.851379],[-77.076255,-11.851046],[-77.076397,-11.85083],[-77.076569,-11.850579],[-77.076626,-11.850499],[-77.076895,-11.850069],[-77.07691,-11.850066],[-77.076925,-11.850071],[-77.076937,-11.850082],[-77.076935,-11.850097],[-77.076662,-11.850525],[-77.076653,-11.850541],[-77.076624,-11.850583],[-77.076336,-11.851014],[-77.076059,-11.851417],[-77.075825,-11.851769],[-77.075621,-11.852068],[-77.075423,-11.852374],[-77.075403,-11.852403],[-77.075392,-11.852417],[-77.075386,-11.852417],[-77.075376,-11.852412]]}},{"type":"Feature","properties":{"id":"sin_nombre_113","name":"Ciclovía sin nombre","type":"segregada","km":0.154,"osm_ways":2},"geometry":{"type":"LineString","coordinates":[[-77.076925,-11.850071],[-77.07695,-11.850033],[-77.076989,-11.849974],[-77.076974,-11.849962],[-77.076971,-11.849954],[-77.076988,-11.849927],[-77.077271,-11.849473],[-77.077283,-11.849456],[-77.077294,-11.849456],[-77.077307,-11.849464],[-77.077315,-11.849476],[-77.077316,-11.84949],[-77.077312,-11.849509],[-77.077167,-11.849742],[-77.077022,-11.849975],[-77.077011,-11.849979],[-77.076999,-11.84998],[-77.076989,-11.849974]]}},{"type":"Feature","properties":{"id":"sin_nombre_114","name":"Ciclovía sin nombre","type":"segregada","km":0.39,"osm_ways":2},"geometry":{"type":"LineString","coordinates":[[-77.077307,-11.849464],[-77.077328,-11.849432],[-77.077365,-11.849378],[-77.077354,-11.849369],[-77.077352,-11.849362],[-77.077356,-11.849349],[-77.077457,-11.849194],[-77.077724,-11.848778],[-77.077963,-11.848406],[-77.078203,-11.84804],[-77.07825,-11.847962],[-77.078259,-11.847961],[-77.078276,-11.847965],[-77.078284,-11.847975],[-77.078289,-11.847985],[-77.078283,-11.848001],[-77.078201,-11.848124],[-77.077951,-11.848519],[-77.077686,-11.848922],[-77.077458,-11.849284],[-77.077397,-11.849377],[-77.077386,-11.849385],[-77.077379,-11.849385],[-77.077373,-11.849382],[-77.077365,-11.849378]]}},{"type":"Feature","properties":{"id":"sin_nombre_115","name":"Ciclovía sin nombre","type":"segregada","km":0.232,"osm_ways":2},"geometry":{"type":"LineString","coordinates":[[-77.078276,-11.847965],[-77.078303,-11.847925],[-77.078334,-11.847879],[-77.078321,-11.847868],[-77.078315,-11.847859],[-77.078321,-11.847843],[-77.078472,-11.847622],[-77.078597,-11.847416],[-77.078754,-11.847172],[-77.078822,-11.847072],[-77.078834,-11.847065],[-77.078846,-11.847068],[-77.078856,-11.847075],[-77.078862,-11.847086],[-77.078865,-11.847097],[-77.07886,-11.847113],[-77.078736,-11.847292],[-77.078583,-11.847531],[-77.078456,-11.847732],[-77.078368,-11.847875],[-77.078357,-11.847887],[-77.078349,-11.847887],[-77.078334,-11.847879]]}},{"type":"Feature","properties":{"id":"sin_nombre_116","name":"Ciclovía sin nombre","type":"segregada","km":0.653,"osm_ways":8},"geometry":{"type":"LineString","coordinates":[[-76.951059,-12.097985],[-76.951091,-12.097914],[-76.951145,-12.09779],[-76.951176,-12.097719],[-76.95119,-12.097686],[-76.951197,-12.09767],[-76.95122,-12.097617],[-76.951348,-12.097332],[-76.9514,-12.097279],[-76.951592,-12.096843],[-76.95167,-12.096668],[-76.951691,-12.096572],[-76.951699,-12.096553],[-76.951731,-12.096482],[-76.951815,-12.096293],[-76.951855,-12.096227],[-76.951859,-12.096219],[-76.951907,-12.09614],[-76.952026,-12.095877],[-76.952192,-12.095503],[-76.952187,-12.095417],[-76.952272,-12.095225],[-76.95228,-12.095208],[-76.952305,-12.095159],[-76.95235,-12.09507],[-76.952375,-12.095038],[-76.952388,-12.095022],[-76.952453,-12.09488],[-76.952495,-12.094814],[-76.952605,-12.094578],[-76.952673,-12.094391],[-76.952669,-12.094278],[-76.952711,-12.094061],[-76.952729,-12.093895],[-76.952735,-12.093667],[-76.952703,-12.093316],[-76.952686,-12.093073],[-76.952684,-12.093049],[-76.952685,-12.092956],[-76.952691,-12.092885],[-76.952692,-12.092872],[-76.952703,-12.092762],[-76.952724,-12.092631],[-76.952749,-12.092527],[-76.952761,-12.092482]]}},{"type":"Feature","properties":{"id":"sin_nombre_117","name":"Ciclovía sin nombre","type":"segregada","km":0.49,"osm_ways":1},"geometry":{"type":"LineString","coordinates":[[-77.041494,-12.013622],[-77.041531,-12.013588],[-77.041567,-12.013555],[-77.041581,-12.013548],[-77.041595,-12.013549],[-77.041607,-12.013557],[-77.041658,-12.013623],[-77.041688,-12.013661],[-77.041871,-12.013894],[-77.041927,-12.013963],[-77.041993,-12.014035],[-77.042061,-12.014105],[-77.04229,-12.014328],[-77.042449,-12.014481],[-77.042509,-12.014545],[-77.042539,-12.014576],[-77.042584,-12.014629],[-77.042647,-12.014701],[-77.042716,-12.014784],[-77.04277,-12.014857],[-77.042834,-12.014948],[-77.042907,-12.015085],[-77.042939,-12.015148],[-77.042973,-12.015231],[-77.042994,-12.015306],[-77.04301,-12.015378],[-77.043023,-12.015443],[-77.043028,-12.015495],[-77.043035,-12.015561],[-77.043034,-12.015644],[-77.043027,-12.01578],[-77.043013,-12.015898],[-77.042998,-12.015983],[-77.04298,-12.016063],[-77.042954,-12.016149],[-77.042914,-12.016257],[-77.042879,-12.01634],[-77.042826,-12.016449],[-77.042791,-12.016505],[-77.042719,-12.016615],[-77.042694,-12.016651],[-77.042681,-12.016669],[-77.04263,-12.016736],[-77.042577,-12.016795],[-77.0425,-12.016879],[-77.042444,-12.016935],[-77.042396,-12.016979],[-77.042325,-12.017041],[-77.042278,-12.017078],[-77.04226,-12.017092]]}},{"type":"Feature","properties":{"id":"sin_nombre_118","name":"Ciclovía sin nombre","type":"segregada","km":1.799,"osm_ways":2},"geometry":{"type":"LineString","coordinates":[[-76.964505,-12.055091],[-76.964456,-12.055191],[-76.964434,-12.055233],[-76.964323,-12.055329],[-76.964298,-12.055381],[-76.964182,-12.055627],[-76.964065,-12.055874],[-76.963906,-12.05622],[-76.963747,-12.056567],[-76.963588,-12.056913],[-76.96339,-12.057331],[-76.963268,-12.057598],[-76.963146,-12.057865],[-76.963109,-12.05794],[-76.963052,-12.058056],[-76.963026,-12.058118],[-76.962879,-12.058448],[-76.962703,-12.058836],[-76.962554,-12.059158],[-76.962404,-12.05948],[-76.962315,-12.059661],[-76.96217,-12.059961],[-76.962026,-12.060261],[-76.961895,-12.060557],[-76.961679,-12.060995],[-76.961597,-12.061161],[-76.961401,-12.061557],[-76.961199,-12.061975],[-76.961008,-12.062351],[-76.960898,-12.062585],[-76.96087,-12.062643],[-76.96075,-12.062895],[-76.960631,-12.063146],[-76.960624,-12.063223],[-76.960618,-12.063291],[-76.960509,-12.063525],[-76.960405,-12.063747],[-76.960276,-12.064016],[-76.960146,-12.064284],[-76.960021,-12.064543],[-76.959855,-12.064888],[-76.959688,-12.065233],[-76.959517,-12.06559],[-76.959346,-12.065947],[-76.959197,-12.066259],[-76.959048,-12.066572],[-76.959026,-12.066618],[-76.958874,-12.066934],[-76.958721,-12.06725],[-76.958637,-12.067429],[-76.958525,-12.067679],[-76.958487,-12.067758],[-76.958421,-12.067893],[-76.958395,-12.067946],[-76.958202,-12.068349],[-76.958042,-12.068696],[-76.957881,-12.069043],[-76.957742,-12.069331],[-76.95755,-12.069726],[-76.957542,-12.069744]]}},{"type":"Feature","properties":{"id":"ovalo_capitan_fap_jose_abelardo_quinones","name":"Ciclovía Óvalo Capitán FAP José Abelardo Quiñones","type":"segregada","km":0.104,"osm_ways":1},"geometry":{"type":"LineString","coordinates":[[-77.012798,-12.09849],[-77.012704,-12.098505],[-77.012607,-12.098467],[-77.012561,-12.098442],[-77.012531,-12.098414],[-77.012497,-12.098383],[-77.012471,-12.098376],[-77.012369,-12.09838],[-77.012271,-12.098412],[-77.012247,-12.098429],[-77.012231,-12.098456],[-77.012212,-12.098492],[-77.012179,-12.09853],[-77.01209,-12.09859],[-77.011971,-12.098619]]}},{"type":"Feature","properties":{"id":"cliclovia_huandoy","name":"Cliclovia Huandoy","type":"segregada","km":4.147,"osm_ways":2},"geometry":{"type":"LineString","coordinates":[[-77.08021,-11.970004],[-77.080142,-11.969852],[-77.080113,-11.969787],[-77.080055,-11.969657],[-77.079924,-11.969361],[-77.079792,-11.969064],[-77.079673,-11.968802],[-77.079553,-11.968539],[-77.079424,-11.968258],[-77.079294,-11.967977],[-77.07909,-11.967519],[-77.078884,-11.967046],[-77.078753,-11.96676],[-77.078623,-11.966473],[-77.078511,-11.966216],[-77.078399,-11.965958],[-77.078255,-11.965638],[-77.078112,-11.965317],[-77.077998,-11.965059],[-77.077884,-11.964801],[-77.077769,-11.96454],[-77.077654,-11.964279],[-77.077484,-11.963902],[-77.077461,-11.963847],[-77.077412,-11.963737],[-77.07739,-11.963684],[-77.077191,-11.963215],[-77.076993,-11.962747],[-77.076795,-11.962278],[-77.076621,-11.961869],[-77.076448,-11.96146],[-77.076274,-11.96105],[-77.076191,-11.960804],[-77.076122,-11.960374],[-77.076053,-11.959944],[-77.075983,-11.959514],[-77.075968,-11.959392],[-77.075949,-11.959291],[-77.075938,-11.959205],[-77.075955,-11.959148],[-77.075914,-11.958815],[-77.075852,-11.958299],[-77.075789,-11.957783],[-77.075739,-11.957343],[-77.075689,-11.956902],[-77.075676,-11.956398],[-77.075716,-11.955989],[-77.075791,-11.955481],[-77.075866,-11.954973],[-77.075941,-11.954465],[-77.075951,-11.954415],[-77.075967,-11.954287],[-77.075987,-11.954193],[-77.076065,-11.953711],[-77.076143,-11.953228],[-77.076221,-11.952745],[-77.076299,-11.95226],[-77.076378,-11.951774],[-77.076457,-11.951288],[-77.07654,-11.950761],[-77.076623,-11.950234],[-77.076706,-11.949706],[-77.076789,-11.949179],[-77.076861,-11.948724],[-77.076933,-11.948269],[-77.077005,-11.947814],[-77.077014,-11.947741],[-77.077023,-11.947665],[-77.077032,-11.947592],[-77.077037,-11.94754],[-77.077039,-11.947442],[-77.077054,-11.947351],[-77.077132,-11.946893],[-77.07721,-11.946435],[-77.077272,-11.946018],[-77.077343,-11.945553],[-77.077415,-11.945089],[-77.077487,-11.944624],[-77.077539,-11.944287],[-77.077591,-11.943949],[-77.077639,-11.94362],[-77.07765,-11.943549],[-77.077674,-11.943402],[-77.077687,-11.943336],[-77.077773,-11.942815],[-77.077859,-11.942293],[-77.077925,-11.941866],[-77.077959,-11.941538],[-77.077967,-11.941207],[-77.077953,-11.940879],[-77.077894,-11.940554],[-77.077814,-11.940233],[-77.077666,-11.939856],[-77.077484,-11.939514],[-77.077365,-11.939352],[-77.077289,-11.939248],[-77.077185,-11.939123],[-77.07713,-11.939055],[-77.077004,-11.9389],[-77.076695,-11.938622],[-77.0764,-11.938405],[-77.076103,-11.938242],[-77.076044,-11.938219],[-77.075687,-11.938071],[-77.075643,-11.938059],[-77.075455,-11.938005],[-77.07533,-11.937969],[-77.074861,-11.93789],[-77.074336,-11.937842],[-77.074236,-11.937827],[-77.074172,-11.937824],[-77.073694,-11.937782],[-77.073217,-11.93774],[-77.072739,-11.937698],[-77.072261,-11.937656]]}},{"type":"Feature","properties":{"id":"cliclovia_huandoy_2","name":"Cliclovia Huandoy","type":"segregada","km":1.395,"osm_ways":4},"geometry":{"type":"LineString","coordinates":[[-77.072506,-11.946089],[-77.072759,-11.946167],[-77.07311,-11.946275],[-77.073418,-11.946377],[-77.073504,-11.946445],[-77.073561,-11.946462],[-77.073639,-11.946448],[-77.07385,-11.946512],[-77.073908,-11.946576],[-77.073984,-11.94658],[-77.074054,-11.9466],[-77.074106,-11.946617],[-77.074196,-11.946646],[-77.07432,-11.946686],[-77.074413,-11.946719],[-77.074489,-11.946724],[-77.074823,-11.946834],[-77.074889,-11.946905],[-77.074966,-11.94693],[-77.075034,-11.946913],[-77.075083,-11.946927],[-77.075133,-11.946981],[-77.075238,-11.947019],[-77.075315,-11.947005],[-77.075436,-11.947047],[-77.075471,-11.947096],[-77.075676,-11.947158],[-77.075735,-11.947148],[-77.076022,-11.947239],[-77.076083,-11.9473],[-77.076182,-11.947332],[-77.076261,-11.947315],[-77.07664,-11.947436],[-77.076696,-11.947497],[-77.076901,-11.947561],[-77.076954,-11.947576],[-77.077032,-11.947592],[-77.077098,-11.947614],[-77.07716,-11.947639],[-77.07736,-11.94771],[-77.077428,-11.9477],[-77.077937,-11.947859],[-77.078446,-11.948019],[-77.078503,-11.948084],[-77.0786,-11.948116],[-77.07865,-11.948095],[-77.079167,-11.948262],[-77.079683,-11.948429],[-77.079729,-11.948483],[-77.07985,-11.948526],[-77.079906,-11.948503],[-77.080301,-11.948635],[-77.080335,-11.948683],[-77.080567,-11.948768],[-77.080652,-11.948798],[-77.080782,-11.948847],[-77.080825,-11.948847],[-77.080948,-11.948888],[-77.08101,-11.948875],[-77.081494,-11.949029],[-77.081978,-11.949182],[-77.082031,-11.94922],[-77.082115,-11.949252],[-77.082196,-11.949282],[-77.082273,-11.949282],[-77.082611,-11.949392],[-77.082653,-11.949439],[-77.082789,-11.949485],[-77.082844,-11.94947],[-77.083241,-11.949602],[-77.083638,-11.949733],[-77.083987,-11.949851],[-77.084443,-11.949994]]}},{"type":"Feature","properties":{"id":"corredor_turistico_miraflores_barranco","name":"Corredor Turístico Miraflores Barranco","type":"compartida","km":0.117,"osm_ways":1},"geometry":{"type":"LineString","coordinates":[[-77.027033,-12.137653],[-77.026628,-12.138],[-77.026223,-12.138347]]}},{"type":"Feature","properties":{"id":"del_parque_sur_2","name":"Del Parque Sur","type":"carril","km":0.081,"osm_ways":1},"geometry":{"type":"LineString","coordinates":[[-77.009666,-12.095294],[-77.009602,-12.095346],[-77.009523,-12.095406],[-77.009465,-12.095445],[-77.009402,-12.095474],[-77.009334,-12.095493],[-77.009265,-12.095502],[-77.009195,-12.095499],[-77.009126,-12.095485],[-77.009,-12.095426]]}},{"type":"Feature","properties":{"id":"abtao","name":"Jirón Abtao","type":"carril","km":1.025,"osm_ways":7},"geometry":{"type":"LineString","coordinates":[[-77.022507,-12.06505],[-77.022499,-12.065124],[-77.022449,-12.06553],[-77.0224,-12.065935],[-77.022355,-12.066293],[-77.022353,-12.066311],[-77.022345,-12.066365],[-77.022335,-12.066447],[-77.022283,-12.066866],[-77.022231,-12.067284],[-77.022189,-12.067612],[-77.022171,-12.067756],[-77.022163,-12.067823],[-77.022151,-12.067917],[-77.022105,-12.068281],[-77.022059,-12.068645],[-77.022013,-12.06901],[-77.021981,-12.069267],[-77.021978,-12.069273],[-77.021972,-12.069339],[-77.021965,-12.069392],[-77.021955,-12.069465],[-77.021912,-12.069774],[-77.021869,-12.070082],[-77.021857,-12.070165],[-77.021847,-12.070243],[-77.021802,-12.070567],[-77.021757,-12.07089],[-77.021748,-12.070955],[-77.021732,-12.071045],[-77.021722,-12.071144],[-77.021656,-12.071618],[-77.02159,-12.072091],[-77.021584,-12.072143],[-77.02153,-12.072526],[-77.021516,-12.072632],[-77.021506,-12.072703],[-77.021486,-12.072844],[-77.021453,-12.073087],[-77.021416,-12.073353],[-77.021379,-12.073621],[-77.021342,-12.073892],[-77.021332,-12.073962],[-77.021318,-12.074063],[-77.021299,-12.074195]]}},{"type":"Feature","properties":{"id":"alberto_alexander","name":"Jirón Alberto Alexander","type":"segregada","km":0.3,"osm_ways":1},"geometry":{"type":"LineString","coordinates":[[-77.04661,-12.090888],[-77.046675,-12.090432],[-77.04674,-12.089976],[-77.046782,-12.089679],[-77.046824,-12.089382],[-77.046872,-12.089045],[-77.046931,-12.088633],[-77.046989,-12.08822]]}},{"type":"Feature","properties":{"id":"almirante_miguel_grau_2","name":"Jirón Almirante Miguel Grau","type":"carril","km":0.351,"osm_ways":1},"geometry":{"type":"LineString","coordinates":[[-77.00475,-12.143379],[-77.004927,-12.143683],[-77.005104,-12.143986],[-77.005264,-12.144266],[-77.005296,-12.144321],[-77.005411,-12.144523],[-77.005488,-12.144656],[-77.0055,-12.144678],[-77.0056,-12.14484],[-77.005733,-12.145054],[-77.00583,-12.14521],[-77.005987,-12.145471],[-77.006144,-12.145733],[-77.006229,-12.145875],[-77.006302,-12.145996],[-77.006315,-12.14601],[-77.006343,-12.14604],[-77.006376,-12.146055],[-77.006415,-12.146065]]}},{"type":"Feature","properties":{"id":"ayacucho","name":"Jirón Ayacucho","type":"carril","km":0.366,"osm_ways":1},"geometry":{"type":"LineString","coordinates":[[-77.028903,-12.055332],[-77.028898,-12.055301],[-77.028891,-12.055257],[-77.02883,-12.054917],[-77.028769,-12.054576],[-77.028702,-12.054204],[-77.028636,-12.053831],[-77.028569,-12.053459],[-77.028554,-12.053371],[-77.028541,-12.05334],[-77.028401,-12.053067],[-77.028261,-12.052793],[-77.028023,-12.052337],[-77.027967,-12.052205]]}},{"type":"Feature","properties":{"id":"batalla_de_san_juan","name":"Jirón Batalla de San Juan","type":"carril","km":0.547,"osm_ways":3},"geometry":{"type":"LineString","coordinates":[[-76.981829,-12.125587],[-76.981482,-12.125912],[-76.981392,-12.125952],[-76.98112,-12.126072],[-76.980835,-12.126195],[-76.98055,-12.126318],[-76.980211,-12.126451],[-76.979784,-12.126625],[-76.979357,-12.126798],[-76.97893,-12.126972],[-76.978583,-12.127106],[-76.978291,-12.127228],[-76.977999,-12.127349],[-76.977899,-12.127392],[-76.97741,-12.127597],[-76.977358,-12.127621],[-76.977292,-12.127651]]}},{"type":"Feature","properties":{"id":"batallon_tarma_3","name":"Jirón Batallón Tarma","type":"carril","km":0.094,"osm_ways":1},"geometry":{"type":"LineString","coordinates":[[-76.980683,-12.116632],[-76.980368,-12.116919],[-76.980054,-12.117206]]}},{"type":"Feature","properties":{"id":"centenario","name":"Jirón Centenario","type":"segregada","km":0.124,"osm_ways":1},"geometry":{"type":"LineString","coordinates":[[-77.023321,-12.141259],[-77.0237,-12.141289],[-77.024078,-12.14132],[-77.024456,-12.141351]]}},{"type":"Feature","properties":{"id":"comandante_espinar_2","name":"Jirón Comandante Espinar","type":"segregada","km":0.66,"osm_ways":4},"geometry":{"type":"LineString","coordinates":[[-77.077321,-12.094495],[-77.076939,-12.094637],[-77.076632,-12.09475],[-77.076326,-12.094863],[-77.075984,-12.09499],[-77.075678,-12.095102],[-77.075583,-12.095137],[-77.075318,-12.095236],[-77.074844,-12.095411],[-77.074394,-12.095577],[-77.074323,-12.095602],[-77.074275,-12.09562],[-77.074207,-12.095644],[-77.073818,-12.095781],[-77.073527,-12.095884],[-77.073236,-12.095987],[-77.072737,-12.096163],[-77.072239,-12.096339],[-77.072168,-12.096364],[-77.071898,-12.09646],[-77.071628,-12.096556]]}},{"type":"Feature","properties":{"id":"comandante_ladislao_espinar","name":"Jirón Comandante Ladislao Espinar","type":"carril","km":0.386,"osm_ways":4},"geometry":{"type":"LineString","coordinates":[[-77.090159,-12.088446],[-77.089974,-12.088047],[-77.089789,-12.087647],[-77.089604,-12.087247],[-77.089413,-12.086846],[-77.089398,-12.086813],[-77.089375,-12.086766],[-77.089235,-12.086471],[-77.089228,-12.086457],[-77.089048,-12.086078],[-77.088854,-12.085688],[-77.08866,-12.085298]]}},{"type":"Feature","properties":{"id":"combate_de_iquique","name":"Jirón Combate de Iquique","type":"carril","km":0.292,"osm_ways":2},"geometry":{"type":"LineString","coordinates":[[-77.006061,-12.1413],[-77.005965,-12.141721],[-77.005911,-12.14195],[-77.005816,-12.142349],[-77.005751,-12.142627],[-77.005746,-12.142647],[-77.005722,-12.142721],[-77.005706,-12.14276],[-77.005674,-12.142807],[-77.005212,-12.143093],[-77.00475,-12.143379]]}},{"type":"Feature","properties":{"id":"eduardo_ordonez","name":"Jirón Eduardo Ordóñez","type":"carril","km":0.868,"osm_ways":3},"geometry":{"type":"LineString","coordinates":[[-77.00112,-12.105813],[-77.001192,-12.105812],[-77.001513,-12.105819],[-77.001833,-12.105827],[-77.002059,-12.105831],[-77.002074,-12.105832],[-77.002386,-12.105838],[-77.002454,-12.105839],[-77.002795,-12.10584],[-77.003136,-12.105841],[-77.003587,-12.105841],[-77.004109,-12.10584],[-77.00418,-12.10584],[-77.004637,-12.105831],[-77.005095,-12.105822],[-77.00551,-12.105805],[-77.005926,-12.105788],[-77.006305,-12.105777],[-77.006711,-12.105774],[-77.007117,-12.105772],[-77.007422,-12.10577],[-77.007517,-12.105769],[-77.007753,-12.105768],[-77.008076,-12.105768],[-77.008364,-12.105764],[-77.008652,-12.105761],[-77.008796,-12.105764],[-77.009101,-12.105812]]}},{"type":"Feature","properties":{"id":"fernando_castrat","name":"Jirón Fernando Castrat","type":"carril","km":0.663,"osm_ways":2},"geometry":{"type":"LineString","coordinates":[[-76.993296,-12.129079],[-76.993614,-12.129106],[-76.994044,-12.129137],[-76.994474,-12.129168],[-76.994918,-12.129205],[-76.995428,-12.129243],[-76.995937,-12.129282],[-76.995993,-12.129286],[-76.996056,-12.129291],[-76.996589,-12.129336],[-76.997121,-12.129382],[-76.997364,-12.129405],[-76.997462,-12.129435],[-76.997538,-12.129474],[-76.997626,-12.129542],[-76.99766,-12.12958],[-76.997694,-12.129635],[-76.997945,-12.130078],[-76.997979,-12.13014],[-76.99813,-12.130379],[-76.998281,-12.130618],[-76.998501,-12.130987]]}},{"type":"Feature","properties":{"id":"general_jose_canterac","name":"Jirón General José Canterac","type":"segregada","km":0.325,"osm_ways":2},"geometry":{"type":"LineString","coordinates":[[-77.047847,-12.070033],[-77.047642,-12.070203],[-77.04738,-12.070418],[-77.047272,-12.070507],[-77.047057,-12.070684],[-77.046658,-12.071002],[-77.046586,-12.07106],[-77.046313,-12.071277],[-77.045923,-12.071584],[-77.045533,-12.07189]]}},{"type":"Feature","properties":{"id":"gran_mariscal_ramon_castilla","name":"Jirón Gran Mariscal Ramón Castilla","type":"carril","km":1.015,"osm_ways":4},"geometry":{"type":"LineString","coordinates":[[-77.07906,-12.083298],[-77.079276,-12.083695],[-77.079386,-12.083908],[-77.079518,-12.084158],[-77.07957,-12.084258],[-77.079637,-12.084371],[-77.079788,-12.084643],[-77.079931,-12.084906],[-77.080148,-12.085324],[-77.08022,-12.085467],[-77.080428,-12.085874],[-77.080478,-12.085971],[-77.080609,-12.086223],[-77.080739,-12.086475],[-77.080872,-12.086731],[-77.081005,-12.086987],[-77.08105,-12.087074],[-77.081138,-12.087241],[-77.081274,-12.087501],[-77.081414,-12.087767],[-77.081556,-12.088039],[-77.081791,-12.088459],[-77.082008,-12.088847],[-77.082237,-12.089274],[-77.082466,-12.0897],[-77.08269,-12.090118],[-77.082914,-12.090535],[-77.08314,-12.090966],[-77.083366,-12.091398]]}},{"type":"Feature","properties":{"id":"guardia_civil_sur","name":"Jirón Guardia Civil Sur","type":"segregada","km":0.329,"osm_ways":1},"geometry":{"type":"LineString","coordinates":[[-76.992053,-12.16965],[-76.992009,-12.169578],[-76.991829,-12.169247],[-76.991754,-12.169108],[-76.991601,-12.168825],[-76.991409,-12.168498],[-76.991249,-12.168208],[-76.991088,-12.167919],[-76.990848,-12.167484],[-76.990638,-12.167039]]}},{"type":"Feature","properties":{"id":"humboldt","name":"Jirón Humboldt","type":"carril","km":0.327,"osm_ways":4},"geometry":{"type":"LineString","coordinates":[[-77.019524,-12.06468],[-77.019625,-12.064693],[-77.020083,-12.064749],[-77.020174,-12.064761],[-77.020286,-12.064777],[-77.020321,-12.064782],[-77.020472,-12.064803],[-77.020804,-12.064846],[-77.020878,-12.064856],[-77.021283,-12.064907],[-77.021687,-12.064959],[-77.021763,-12.064965],[-77.0221,-12.065006],[-77.022373,-12.065035],[-77.022437,-12.065043],[-77.022507,-12.06505]]}},{"type":"Feature","properties":{"id":"inclan","name":"Jirón Inclan","type":"segregada","km":0.268,"osm_ways":1},"geometry":{"type":"LineString","coordinates":[[-77.067167,-12.095219],[-77.067389,-12.09504],[-77.06745,-12.09499],[-77.067558,-12.094904],[-77.067692,-12.094794],[-77.067834,-12.094675],[-77.067974,-12.09456],[-77.068118,-12.094438],[-77.068326,-12.094364],[-77.068716,-12.094227],[-77.069107,-12.094089],[-77.069268,-12.094033]]}},{"type":"Feature","properties":{"id":"jose_manuel_ugarteche","name":"Jirón José Manuel Ugarteche","type":"carril","km":0.626,"osm_ways":1},"geometry":{"type":"LineString","coordinates":[[-77.056312,-12.076311],[-77.05634,-12.076364],[-77.05652,-12.076583],[-77.0567,-12.076802],[-77.056936,-12.077089],[-77.057172,-12.077377],[-77.057504,-12.077779],[-77.05775,-12.07808],[-77.057996,-12.078381],[-77.058161,-12.078581],[-77.058203,-12.078632],[-77.058256,-12.078697],[-77.058282,-12.078729],[-77.058554,-12.079061],[-77.058865,-12.079447],[-77.059175,-12.079834],[-77.059199,-12.079865],[-77.059252,-12.079923],[-77.059295,-12.079976],[-77.059601,-12.080343],[-77.059908,-12.080709]]}},{"type":"Feature","properties":{"id":"jose_de_la_torre_ugarte","name":"Jirón José de la Torre Ugarte","type":"segregada","km":0.127,"osm_ways":2},"geometry":{"type":"LineString","coordinates":[[-77.033776,-12.08908],[-77.033889,-12.089098],[-77.034128,-12.089136],[-77.034581,-12.089208],[-77.034807,-12.089243],[-77.034926,-12.089262]]}},{"type":"Feature","properties":{"id":"juan_german_l","name":"Jirón Juan Germán L.","type":"carril","km":0.552,"osm_ways":1},"geometry":{"type":"LineString","coordinates":[[-76.989476,-12.132503],[-76.98976,-12.132386],[-76.990044,-12.132269],[-76.990423,-12.132112],[-76.990693,-12.132001],[-76.990963,-12.13189],[-76.991235,-12.131777],[-76.991448,-12.131689],[-76.991794,-12.131542],[-76.99214,-12.131396],[-76.992485,-12.131249],[-76.992732,-12.131123],[-76.992979,-12.130997],[-76.993221,-12.130865],[-76.993464,-12.130733],[-76.993939,-12.130475],[-76.994072,-12.130401]]}},{"type":"Feature","properties":{"id":"la_mar_2","name":"Jirón La Mar","type":"segregada","km":0.339,"osm_ways":3},"geometry":{"type":"LineString","coordinates":[[-77.019357,-12.065979],[-77.019304,-12.066391],[-77.019231,-12.066861],[-77.019159,-12.06733],[-77.019147,-12.067417],[-77.019137,-12.067483],[-77.019079,-12.067949],[-77.01902,-12.068414],[-77.018957,-12.068851],[-77.018939,-12.06895],[-77.018932,-12.068997]]}},{"type":"Feature","properties":{"id":"leoncio_prado","name":"Jirón Leoncio Prado","type":"segregada","km":0.703,"osm_ways":4},"geometry":{"type":"LineString","coordinates":[[-77.072091,-12.089671],[-77.072111,-12.089724],[-77.072258,-12.090123],[-77.072306,-12.090252],[-77.072447,-12.090634],[-77.072595,-12.091043],[-77.072774,-12.09153],[-77.072808,-12.091623],[-77.072837,-12.0917],[-77.073,-12.092132],[-77.073158,-12.092565],[-77.073178,-12.092635],[-77.073206,-12.092709],[-77.073307,-12.092993],[-77.073409,-12.093277],[-77.073542,-12.093647],[-77.073717,-12.094136],[-77.073891,-12.094625],[-77.074012,-12.094936],[-77.074128,-12.095232],[-77.074243,-12.095528],[-77.074275,-12.09562]]}},{"type":"Feature","properties":{"id":"los_jazmines","name":"Jirón Los Jazmines","type":"segregada","km":0.603,"osm_ways":8},"geometry":{"type":"LineString","coordinates":[[-77.029605,-12.090085],[-77.029284,-12.090039],[-77.029144,-12.090019],[-77.028761,-12.089963],[-77.028379,-12.089908],[-77.027949,-12.089852],[-77.027669,-12.089815],[-77.027389,-12.089777],[-77.027351,-12.089772],[-77.027274,-12.089762],[-77.027184,-12.08975],[-77.026837,-12.089704],[-77.026769,-12.089695],[-77.026349,-12.089639],[-77.026196,-12.089619],[-77.026133,-12.089611],[-77.026057,-12.0896],[-77.025608,-12.089539],[-77.025515,-12.089526],[-77.025107,-12.08947],[-77.025039,-12.08946],[-77.024969,-12.089451],[-77.024543,-12.089391],[-77.024117,-12.089332]]}},{"type":"Feature","properties":{"id":"mariscal_ramon_castilla","name":"Jirón Mariscal Ramon Castilla","type":"segregada","km":1.227,"osm_ways":6},"geometry":{"type":"LineString","coordinates":[[-77.074225,-12.092262],[-77.074196,-12.092183],[-77.074034,-12.091738],[-77.074009,-12.091666],[-77.073878,-12.091321],[-77.07385,-12.091247],[-77.073822,-12.091167],[-77.073645,-12.090714],[-77.073468,-12.09026],[-77.073301,-12.089783],[-77.073133,-12.089306],[-77.072944,-12.088811],[-77.072755,-12.088316],[-77.072576,-12.087826],[-77.072397,-12.087336],[-77.072198,-12.086867],[-77.072018,-12.08637],[-77.071864,-12.08599],[-77.071709,-12.08561],[-77.071575,-12.085247],[-77.071441,-12.084884],[-77.071322,-12.08458],[-77.071276,-12.084459],[-77.071224,-12.08433],[-77.071063,-12.083931],[-77.07096,-12.083667],[-77.070857,-12.083403],[-77.070708,-12.082988],[-77.070694,-12.082942],[-77.070675,-12.08289],[-77.07054,-12.082531],[-77.070496,-12.082414],[-77.07047,-12.082344],[-77.07041,-12.082186],[-77.070386,-12.082123],[-77.070374,-12.08209],[-77.070353,-12.082035],[-77.070307,-12.081915]]}},{"type":"Feature","properties":{"id":"matier","name":"Jirón Matier","type":"carril","km":0.729,"osm_ways":2},"geometry":{"type":"LineString","coordinates":[[-77.001822,-12.099623],[-77.001746,-12.099612],[-77.001715,-12.099609],[-77.001439,-12.099574],[-77.001162,-12.099539],[-77.000903,-12.09948],[-77.000698,-12.099385],[-77.00052,-12.099275],[-77.000368,-12.099128],[-77.000174,-12.098864],[-77.0001,-12.098714],[-77.000052,-12.098583],[-77.00003,-12.098462],[-77.000038,-12.098331],[-77.000028,-12.097838],[-77.000026,-12.09745],[-77.000027,-12.097042],[-77.000029,-12.096634],[-77.000023,-12.096342],[-77.000017,-12.096049],[-77.000013,-12.095764],[-77.000009,-12.095478],[-77.000025,-12.095152],[-77.000041,-12.094826],[-77.000105,-12.094522],[-77.00017,-12.094219]]}},{"type":"Feature","properties":{"id":"miguel_grau","name":"Jirón Miguel Grau","type":"segregada","km":0.78,"osm_ways":6},"geometry":{"type":"LineString","coordinates":[[-77.06949,-12.093955],[-77.069796,-12.093849],[-77.070101,-12.093742],[-77.070469,-12.093615],[-77.070765,-12.093512],[-77.071061,-12.093409],[-77.071138,-12.093382],[-77.071399,-12.093288],[-77.071659,-12.093194],[-77.072126,-12.093023],[-77.072586,-12.092851],[-77.072845,-12.092755],[-77.073104,-12.092658],[-77.073178,-12.092635],[-77.073264,-12.092604],[-77.073707,-12.092448],[-77.074134,-12.092294],[-77.074225,-12.092262],[-77.074304,-12.092227],[-77.074633,-12.09211],[-77.074904,-12.092013],[-77.075175,-12.091916],[-77.075228,-12.091897],[-77.075574,-12.091772],[-77.075783,-12.091699],[-77.076177,-12.091559],[-77.076228,-12.091541]]}},{"type":"Feature","properties":{"id":"miguel_angel","name":"Jirón Miguel Ángel","type":"carril","km":0.646,"osm_ways":5},"geometry":{"type":"LineString","coordinates":[[-76.999209,-12.093554],[-76.999259,-12.093239],[-76.999308,-12.092923],[-76.999361,-12.09253],[-76.999413,-12.092137],[-76.999465,-12.091744],[-76.999534,-12.091287],[-76.999602,-12.090831],[-76.999671,-12.090374],[-76.999741,-12.089893],[-76.999812,-12.089412],[-76.999882,-12.08893],[-76.999953,-12.088449],[-77.000021,-12.088044],[-77.000065,-12.087802]]}},{"type":"Feature","properties":{"id":"morro_solar","name":"Jirón Morro Solar","type":"carril","km":0.115,"osm_ways":1},"geometry":{"type":"LineString","coordinates":[[-76.979725,-12.130634],[-76.979668,-12.130717],[-76.979635,-12.130763],[-76.979371,-12.130882],[-76.979107,-12.131],[-76.97906,-12.131036],[-76.978991,-12.131112],[-76.978948,-12.131175],[-76.978925,-12.131244]]}},{"type":"Feature","properties":{"id":"morro_solar_2","name":"Jirón Morro Solar","type":"carril","km":2.49,"osm_ways":2},"geometry":{"type":"LineString","coordinates":[[-76.979557,-12.110383],[-76.979467,-12.110404],[-76.979395,-12.110433],[-76.979327,-12.110473],[-76.979289,-12.110501],[-76.979142,-12.110608],[-76.979077,-12.110655],[-76.978812,-12.110848],[-76.978546,-12.111041],[-76.978469,-12.111155],[-76.978421,-12.111292],[-76.978366,-12.111736],[-76.978297,-12.112154],[-76.978227,-12.112572],[-76.978158,-12.11299],[-76.97811,-12.113324],[-76.978061,-12.113658],[-76.978019,-12.11395],[-76.977977,-12.114241],[-76.97794,-12.114474],[-76.977859,-12.114946],[-76.97782,-12.115188],[-76.977744,-12.115722],[-76.977667,-12.116256],[-76.977591,-12.116791],[-76.97756,-12.117264],[-76.977528,-12.117738],[-76.97751,-12.11803],[-76.977492,-12.118323],[-76.97748,-12.118644],[-76.977467,-12.118965],[-76.977462,-12.119098],[-76.977452,-12.11954],[-76.977442,-12.119982],[-76.977432,-12.120424],[-76.977419,-12.120859],[-76.977406,-12.121293],[-76.977392,-12.121727],[-76.977373,-12.122233],[-76.977364,-12.122577],[-76.977356,-12.12292],[-76.977345,-12.12338],[-76.977333,-12.12384],[-76.977322,-12.124299],[-76.977322,-12.124484],[-76.977339,-12.125005],[-76.977332,-12.125431],[-76.977313,-12.125894],[-76.977298,-12.126235],[-76.977294,-12.126352],[-76.977272,-12.126497],[-76.977225,-12.126893],[-76.97722,-12.127224],[-76.977221,-12.127282],[-76.977232,-12.127393],[-76.977276,-12.127559],[-76.977292,-12.127651],[-76.977388,-12.128071],[-76.977422,-12.128215],[-76.977589,-12.128614],[-76.977757,-12.129013],[-76.977956,-12.129405],[-76.978155,-12.129796],[-76.978302,-12.130036],[-76.978431,-12.130208],[-76.978548,-12.130347],[-76.978645,-12.130446],[-76.978717,-12.130498],[-76.978811,-12.130548],[-76.978891,-12.130571],[-76.97892,-12.130579],[-76.978966,-12.130592],[-76.979167,-12.130569],[-76.979581,-12.130436],[-76.979771,-12.130384],[-76.979883,-12.130384],[-76.97996,-12.130389]]}},{"type":"Feature","properties":{"id":"nevado_sara_sara","name":"Jirón Nevado Sara Sara","type":"carril","km":0.295,"osm_ways":1},"geometry":{"type":"LineString","coordinates":[[-77.096603,-12.065566],[-77.09615,-12.065789],[-77.095883,-12.065929],[-77.095617,-12.06607],[-77.095435,-12.066171],[-77.09511,-12.066338],[-77.094784,-12.066505],[-77.094497,-12.066662],[-77.094211,-12.066819]]}},{"type":"Feature","properties":{"id":"pacamarca","name":"Jirón Pacamarca","type":"carril","km":0.16,"osm_ways":2},"geometry":{"type":"LineString","coordinates":[[-77.096717,-12.066467],[-77.09666,-12.066016],[-77.096603,-12.065566],[-77.096546,-12.065117],[-77.096536,-12.065042]]}},{"type":"Feature","properties":{"id":"paseo_del_bosque","name":"Jirón Paseo del Bosque","type":"carril","km":0.586,"osm_ways":1},"geometry":{"type":"LineString","coordinates":[[-76.988508,-12.096108],[-76.988488,-12.096047],[-76.98844,-12.095914],[-76.988292,-12.095496],[-76.988143,-12.095079],[-76.987995,-12.094661],[-76.987974,-12.094597],[-76.987943,-12.094512],[-76.987824,-12.094222],[-76.987665,-12.094007],[-76.98751,-12.093822],[-76.987296,-12.093612],[-76.987132,-12.093419],[-76.986995,-12.093234],[-76.986945,-12.093171],[-76.986892,-12.093082],[-76.986876,-12.093049],[-76.986782,-12.092767],[-76.986688,-12.092484],[-76.986597,-12.092228],[-76.986525,-12.092076],[-76.986422,-12.091907],[-76.986368,-12.091823],[-76.986295,-12.091736],[-76.986214,-12.091653],[-76.986165,-12.091611],[-76.986161,-12.091607],[-76.98611,-12.091583],[-76.986037,-12.091537]]}},{"type":"Feature","properties":{"id":"prolongacion_ayacucho","name":"Jirón Prolongación Ayacucho","type":"segregada","km":1.062,"osm_ways":6},"geometry":{"type":"LineString","coordinates":[[-77.08836,-12.080812],[-77.088246,-12.080872],[-77.087853,-12.08105],[-77.087458,-12.081213],[-77.087091,-12.081333],[-77.086948,-12.081376],[-77.086656,-12.081456],[-77.086344,-12.081527],[-77.086034,-12.081585],[-77.085751,-12.081631],[-77.085456,-12.081664],[-77.085004,-12.081709],[-77.084706,-12.081735],[-77.084408,-12.081762],[-77.084015,-12.081788],[-77.083602,-12.081814],[-77.083531,-12.081818],[-77.08347,-12.081821],[-77.083054,-12.081842],[-77.082731,-12.081866],[-77.082395,-12.081905],[-77.082263,-12.081926],[-77.082011,-12.081979],[-77.081804,-12.08203],[-77.08143,-12.082149],[-77.081032,-12.082301],[-77.08061,-12.082501],[-77.080196,-12.082709],[-77.07993,-12.082848],[-77.079663,-12.082987],[-77.079362,-12.083143],[-77.07906,-12.083298]]}},{"type":"Feature","properties":{"id":"prolongacion_la_mar","name":"Jirón Prolongación La Mar","type":"segregada","km":0.892,"osm_ways":3},"geometry":{"type":"LineString","coordinates":[[-77.020404,-12.058025],[-77.020391,-12.058101],[-77.020344,-12.058439],[-77.020325,-12.05857],[-77.020323,-12.058582],[-77.020308,-12.058685],[-77.020283,-12.058857],[-77.020262,-12.059034],[-77.020229,-12.059312],[-77.02018,-12.059768],[-77.020137,-12.060082],[-77.02012,-12.060201],[-77.020062,-12.060607],[-77.020023,-12.060893],[-77.019983,-12.061179],[-77.019939,-12.061491],[-77.019895,-12.061804],[-77.019884,-12.061887],[-77.019863,-12.062],[-77.019829,-12.062305],[-77.019793,-12.062585],[-77.019757,-12.062865],[-77.019718,-12.063188],[-77.019706,-12.063258],[-77.019698,-12.063324],[-77.019682,-12.06345],[-77.019623,-12.063909],[-77.019555,-12.064434],[-77.019536,-12.064585],[-77.019524,-12.06468],[-77.019514,-12.064754],[-77.019459,-12.065182],[-77.019404,-12.06561],[-77.019372,-12.065859],[-77.019357,-12.065979]]}},{"type":"Feature","properties":{"id":"puno","name":"Jirón Puno","type":"carril","km":0.467,"osm_ways":1},"geometry":{"type":"LineString","coordinates":[[-77.029308,-12.052902],[-77.029233,-12.052947],[-77.028893,-12.053159],[-77.028554,-12.053371],[-77.028236,-12.053614],[-77.027918,-12.053857],[-77.0276,-12.0541],[-77.027359,-12.054284],[-77.026932,-12.054611],[-77.026842,-12.05468],[-77.026435,-12.054727],[-77.026029,-12.054775],[-77.025622,-12.054822]]}},{"type":"Feature","properties":{"id":"raymondi","name":"Jirón Raymondi","type":"segregada","km":0.366,"osm_ways":1},"geometry":{"type":"LineString","coordinates":[[-77.068348,-12.098296],[-77.068334,-12.098258],[-77.068162,-12.097785],[-77.067989,-12.097315],[-77.067817,-12.096846],[-77.067705,-12.096553],[-77.067593,-12.096259],[-77.067435,-12.095848],[-77.067363,-12.095655],[-77.067236,-12.095309],[-77.067204,-12.095257],[-77.067167,-12.095219]]}},{"type":"Feature","properties":{"id":"san_pedrito","name":"Jirón San Pedrito","type":"carril","km":0.447,"osm_ways":1},"geometry":{"type":"LineString","coordinates":[[-77.007384,-12.142941],[-77.007498,-12.143202],[-77.007612,-12.143463],[-77.00779,-12.143844],[-77.007968,-12.144225],[-77.008146,-12.144607],[-77.008309,-12.144948],[-77.008366,-12.145072],[-77.008543,-12.145469],[-77.00872,-12.145867],[-77.008897,-12.146265],[-77.009023,-12.146507],[-77.009046,-12.146553],[-77.009067,-12.146607]]}},{"type":"Feature","properties":{"id":"soledad","name":"Jirón Soledad","type":"segregada","km":0.43,"osm_ways":4},"geometry":{"type":"LineString","coordinates":[[-77.033519,-12.090622],[-77.033444,-12.090611],[-77.033008,-12.090553],[-77.032572,-12.090495],[-77.032485,-12.090484],[-77.032046,-12.090426],[-77.031606,-12.090367],[-77.03106,-12.09029],[-77.030514,-12.090213],[-77.030111,-12.090157],[-77.029756,-12.090107],[-77.029605,-12.090085]]}},{"type":"Feature","properties":{"id":"la_calera_de_la_merced","name":"La Calera de la Merced","type":"carril","km":0.325,"osm_ways":1},"geometry":{"type":"LineString","coordinates":[[-77.0102,-12.115255],[-77.010171,-12.11523],[-77.009896,-12.115064],[-77.009621,-12.114899],[-77.009358,-12.114751],[-77.009095,-12.114603],[-77.008656,-12.114357],[-77.008254,-12.114135],[-77.007853,-12.113912],[-77.007584,-12.11388]]}},{"type":"Feature","properties":{"id":"las_azucenas_2","name":"Las Azucenas","type":"carril","km":0.17,"osm_ways":1},"geometry":{"type":"LineString","coordinates":[[-76.974099,-12.127484],[-76.974096,-12.127856],[-76.974093,-12.128228],[-76.974091,-12.128631],[-76.974086,-12.129017]]}},{"type":"Feature","properties":{"id":"28_de_julio_3","name":"Malecón 28 de Julio","type":"carril","km":0.177,"osm_ways":3},"geometry":{"type":"LineString","coordinates":[[-77.034202,-12.126978],[-77.034243,-12.127056],[-77.03443,-12.127464],[-77.034617,-12.127871],[-77.034635,-12.127906],[-77.034741,-12.128106],[-77.03477,-12.128132],[-77.03479,-12.128149],[-77.034811,-12.128165],[-77.034824,-12.128175],[-77.034847,-12.128187],[-77.034869,-12.128197],[-77.034899,-12.128207],[-77.034926,-12.128213],[-77.034951,-12.128217],[-77.034979,-12.128218],[-77.035004,-12.128216],[-77.035033,-12.12821],[-77.035059,-12.128202]]}},{"type":"Feature","properties":{"id":"godofredo_garcia","name":"Malecón Godofredo García","type":"compartida","km":0.222,"osm_ways":1},"geometry":{"type":"LineString","coordinates":[[-77.057723,-12.107613],[-77.057513,-12.107776],[-77.057284,-12.10781],[-77.057105,-12.107837],[-77.056883,-12.107876],[-77.05684,-12.107894],[-77.056746,-12.107933],[-77.056558,-12.107999],[-77.056412,-12.108044],[-77.05634,-12.10805],[-77.056259,-12.108056],[-77.056138,-12.108024],[-77.056038,-12.107955],[-77.055994,-12.107902],[-77.055975,-12.107822],[-77.055976,-12.107744]]}},{"type":"Feature","properties":{"id":"godofredo_garcia_2","name":"Malecón Godofredo García","type":"segregada","km":0.396,"osm_ways":1},"geometry":{"type":"LineString","coordinates":[[-77.060072,-12.105157],[-77.060189,-12.105198],[-77.060037,-12.105487],[-77.059865,-12.105684],[-77.059671,-12.105844],[-77.059465,-12.106015],[-77.059416,-12.106056],[-77.059304,-12.106156],[-77.059204,-12.106245],[-77.059141,-12.106296],[-77.058992,-12.106413],[-77.058938,-12.106454],[-77.05863,-12.106684],[-77.058438,-12.106848],[-77.058312,-12.106974],[-77.058244,-12.107041],[-77.058034,-12.107278],[-77.057898,-12.107417],[-77.057782,-12.107535],[-77.057723,-12.107613]]}},{"type":"Feature","properties":{"id":"pardo","name":"Malecón Pardo","type":"segregada","km":0.136,"osm_ways":1},"geometry":{"type":"LineString","coordinates":[[-77.165579,-12.07312],[-77.165612,-12.07316],[-77.165646,-12.073175],[-77.16567,-12.073186],[-77.165745,-12.073222],[-77.165668,-12.07331],[-77.165416,-12.073593],[-77.165164,-12.073877],[-77.16505,-12.073888],[-77.165005,-12.073866]]}},{"type":"Feature","properties":{"id":"plaza_27_de_noviembre","name":"Plaza 27 de Noviembre","type":"segregada","km":0.247,"osm_ways":6},"geometry":{"type":"LineString","coordinates":[[-77.028919,-12.098351],[-77.028926,-12.098307],[-77.028938,-12.098263],[-77.028955,-12.098222],[-77.028978,-12.098183],[-77.029006,-12.098147],[-77.029038,-12.098115],[-77.029074,-12.098087],[-77.029114,-12.098064],[-77.029156,-12.098046],[-77.0292,-12.098033],[-77.029267,-12.098023],[-77.029292,-12.098024],[-77.029337,-12.098029],[-77.029374,-12.098037],[-77.029417,-12.098051],[-77.029459,-12.098071],[-77.029497,-12.098095],[-77.029532,-12.098124],[-77.029562,-12.098157],[-77.029589,-12.098194],[-77.02961,-12.098234],[-77.029626,-12.098276],[-77.029636,-12.09832],[-77.029641,-12.098363],[-77.02964,-12.098407],[-77.029633,-12.098451],[-77.02962,-12.098496],[-77.029595,-12.09855],[-77.029561,-12.0986],[-77.029519,-12.098642],[-77.029471,-12.098678],[-77.029416,-12.098705],[-77.029359,-12.098722],[-77.029283,-12.09873],[-77.029238,-12.098729],[-77.029193,-12.098721],[-77.029155,-12.098708],[-77.029107,-12.098688],[-77.029068,-12.098664],[-77.029033,-12.098636],[-77.029001,-12.098603],[-77.028974,-12.098566],[-77.028952,-12.098527],[-77.028937,-12.09849],[-77.028926,-12.098452],[-77.02892,-12.098413],[-77.028918,-12.098373],[-77.028919,-12.098351]]}},{"type":"Feature","properties":{"id":"plaza_garibaldi","name":"Plaza Garibaldi","type":"segregada","km":0.441,"osm_ways":5},"geometry":{"type":"LineString","coordinates":[[-77.138889,-12.051733],[-77.139005,-12.051723],[-77.139113,-12.051722],[-77.139216,-12.051728],[-77.139329,-12.051746],[-77.139408,-12.051776],[-77.139487,-12.051813],[-77.139562,-12.051866],[-77.139618,-12.051922],[-77.139665,-12.051978],[-77.139708,-12.052046],[-77.139746,-12.052123],[-77.139767,-12.052204],[-77.139774,-12.05225],[-77.139778,-12.052308],[-77.139777,-12.052333],[-77.139776,-12.052362],[-77.139764,-12.052434],[-77.139737,-12.052517],[-77.139701,-12.052591],[-77.139649,-12.052664],[-77.139597,-12.052715],[-77.139531,-12.052764],[-77.13946,-12.052805],[-77.139376,-12.052834],[-77.139252,-12.052861],[-77.139144,-12.05287],[-77.139104,-12.052869],[-77.139011,-12.052864],[-77.138871,-12.052847],[-77.138801,-12.052828],[-77.138731,-12.0528],[-77.138662,-12.052761],[-77.1386,-12.052712],[-77.138547,-12.052656],[-77.138501,-12.052598],[-77.138464,-12.052534],[-77.138429,-12.052449],[-77.138409,-12.052363],[-77.138413,-12.05229],[-77.138427,-12.052215],[-77.138446,-12.052129],[-77.138469,-12.052047],[-77.138503,-12.051979],[-77.138543,-12.051925],[-77.138598,-12.051872],[-77.138694,-12.051805],[-77.1388,-12.051754],[-77.138889,-12.051733]]}},{"type":"Feature","properties":{"id":"victor_velezmoro","name":"Víctor Velezmoro","type":"segregada","km":0.44,"osm_ways":1},"geometry":{"type":"LineString","coordinates":[[-76.986301,-12.081662],[-76.986587,-12.08189],[-76.986674,-12.081957],[-76.987104,-12.082287],[-76.987533,-12.082617],[-76.987918,-12.082909],[-76.988331,-12.0832],[-76.988739,-12.083486],[-76.988784,-12.083516],[-76.989045,-12.083661],[-76.989305,-12.083806],[-76.989616,-12.083899]]}}]}